"CASE"	"SERIAL"	"REF"	"QUESTNNR"	"MODE"	"STARTED"	"HU_ADS_01"	"HU_ADS_02"	"HU_ADS_03"	"HU_ADS_04"	"HU_ADS_05"	"HU_ADS_06"	"HU_ADS_07"	"HU_ADS_08"	"HU_ADS_09"	"HU_ADS_10"	"HU_ADS_11"	"HU_ADS_12"	"HU_ADS_13"	"HU_ADS_14"	"HU_ADS_15"	"HU_ADS_16"	"HU_ADS_17"	"HU_ADS_18"	"HU_ADS_19"	"HU_ADS_20"	"AT01_01"	"AT01_02"	"AT01_03"	"AT01_04"	"AT01_05"	"AT01_06"	"AT01_07"	"AT01_08"	"AT01_09"	"AT01_10"	"AT01_11"	"AT01_12"	"AT01_13"	"AT01_14"	"AT01_15"	"AT01_16"	"AT01_17"	"AT01_18"	"BF01_01"	"BF01_02"	"BF01_03"	"BF01_04"	"BF01_05"	"BF01_06"	"BF01_07"	"BF01_08"	"BF01_09"	"BF01_10"	"BF01_11"	"BF01_12"	"BF01_13"	"BF01_14"	"BF01_15"	"BF01_16"	"BF01_22"	"BF01_17"	"BF01_18"	"BF01_19"	"BF01_20"	"BF01_21"	"CN01"	"CN02"	"CN03"	"CN04_01"	"CN05"	"CN06_01"	"CN09"	"CN15"	"CS01_01"	"CS01_02"	"CS01_03"	"CS01_04"	"CS01_05"	"CS01_06"	"CS01_07"	"CS01_08"	"CS01_09"	"CS01_10"	"CS01_11"	"CS01_12"	"CS01_13"	"CS01_14"	"CS01_25"	"CS01_15"	"CS01_16"	"CS01_17"	"CS01_18"	"CS01_19"	"CS01_20"	"CS01_21"	"CS01_22"	"CS01_23"	"CS01_24"	"DG02"	"DM01_01"	"DM02"	"DM03"	"DM06"	"DM07"	"DM07_01"	"DM07_02"	"DM07_03"	"DM07_04"	"DM07_05"	"DM07_06"	"DM07_07"	"DM07_08"	"DM08_01"	"DM09_01"	"DM10_01"	"DM11_01"	"DM12_01"	"DT01_01"	"DT01_02"	"DT01_03"	"DT01_04"	"DT01_05"	"DT01_06"	"DT01_07"	"DT01_08"	"GS01_07"	"GS01_09"	"GS01_18"	"GS01_24"	"GS01_25"	"GS01_27"	"GS01_30"	"GS01_31"	"GS01_35"	"GS01_38"	"IF01"	"IN02_01"	"JF02_01"	"JF02_02"	"JF02_03"	"JF02_04"	"JF02_05"	"JF02_06"	"JF02_07"	"JF03_01"	"JF04_01"	"JF05_01"	"JF06_01"	"PT01_04"	"PT01_10"	"PT01_16"	"PT01_20"	"PT01_23"	"PT01_24"	"SA01_01"	"SA01_02"	"SA01_03"	"SA01_04"	"SA01_05"	"SA01_06"	"SA01_07"	"SA01_08"	"SA01_09"	"SA01_10"	"SA01_11"	"SA01_12"	"SA01_13"	"SA01_14"	"SA01_15"	"SA01_16"	"SA01_17"	"SA01_18"	"SA01_19"	"SA01_20"	"SC06_01"	"SC06_02"	"SC06_08"	"SC06_04"	"SC12_01"	"SC12_02"	"SC12_08"	"SC12_04"	"SC13_01"	"SC13_02"	"SC13_08"	"SC13_04"	"SC14_01"	"SC14_02"	"SC14_08"	"SC14_04"	"SC15_01"	"SC15_02"	"SC15_08"	"SC15_04"	"SC07_09"	"SC07_10"	"SC07_11"	"SC07_12"	"SC16_09"	"SC16_10"	"SC16_11"	"SC16_12"	"SC17_09"	"SC17_10"	"SC17_11"	"SC17_12"	"SC18_09"	"SC18_10"	"SC18_11"	"SC18_12"	"SC19_09"	"SC19_10"	"SC19_11"	"SC19_12"	"SC08_13"	"SC08_14"	"SC08_15"	"SC08_16"	"SC20_13"	"SC20_14"	"SC20_15"	"SC20_16"	"SC21_13"	"SC21_14"	"SC21_15"	"SC21_16"	"SC22_13"	"SC22_14"	"SC22_15"	"SC22_16"	"SC23_13"	"SC23_14"	"SC23_15"	"SC23_16"	"SL04_01"	"SL04_02"	"SL04_08"	"SL04_04"	"SL04_09"	"SL04_10"	"SL05_01"	"SL05_02"	"SL05_03"	"SL05_04"	"SL05_05"	"SL05_06"	"SX02_01"	"SX02_02"	"SX02_03"	"SX02_04"	"SX02_05"	"SX02_06"	"SX02_07"	"SX02_08"	"SX02_09"	"SX02_10"	"ZU01_01"	"ZU01_02"	"ZU01_03"	"ZU01_04"	"ZU02_01"	"ZU02_02"	"TIME001"	"TIME002"	"TIME003"	"TIME004"	"TIME005"	"TIME006"	"TIME007"	"TIME008"	"TIME009"	"TIME010"	"TIME011"	"TIME012"	"TIME013"	"TIME014"	"TIME015"	"TIME016"	"TIME017"	"TIME018"	"TIME019"	"TIME020"	"TIME021"	"TIME022"	"TIME023"	"TIME024"	"TIME025"	"TIME026"	"TIME027"	"TIME028"	"TIME029"	"TIME030"	"TIME031"	"TIME032"	"TIME033"	"TIME034"	"TIME035"	"TIME_SUM"	"MAILSENT"	"LASTDATA"	"STATUS"	"FINISHED"	"Q_VIEWER"	"LASTPAGE"	"MAXPAGE"	"MISSING"	"MISSREL"	"TIME_RSI"
189			"base"	"interview"	2026-05-11 09:05:34	1	1	1	1	2	2	2	3	2	2	1	3	1	2	1	3	1	2	1	2	4	3	3	1	1	1	3	3	3	3	3	3	3	3	3	3	3	3	5	2	5	3	4	3	3	2	3	3	5	4	3	3	3	1	5	4	5	3	3	2	7	7	2		1		1	2	1	3	5	1	3	1	3	3	4	1	1	4	4	3	1	3	5	1	1	5	1	1	1	2	5	1	54	1	1	7	1	F	F	F	T	F	F	F	F			"Tonmeister im Theater"	"35"		3	3	2	5	6	3	2	4	4	4	4	4	3	3	3	2	2	3	1	100	2	1	6	3	5	4	7	5	5	"Das größte Problem ist die Abhängigkeit von Technik. Wenn etwas nicht funktioniert wird es immer schwieriger den Fehler zu finden. Je komplexer Technologie ist, desto machtloser ist der Mensch bei Fehlfunktionen. "	"Das ist momentan noch nicht absehbar. Bislang führten technische Neuerungen in meinem Bereich eher zu mehr Personalbedarf. "	1	1	1	1	1	1	2	3	1	2	3	2	3	2	2	2	2	2	1	3	2	2	2	3	3	2	15	8	80	80	14	9	56	62	1	1	79	79	1	1	78	77	14	12	72	68	1	1	26	49	8	7	11	52	1	1	27	49	1	1	24	52	1	1	29	50	101	1	1	77	53	65	1	52	101	1	1	75	101	1	1	79	101	25	1	71	101	101	68	53	101	1	1	101	101	49	1	1	1	1	3	1	1	1	2	1	1	1	"4"	"2"	"1"	"3"	"1"	"2"	17	29	39	97	54	24	247	4	28	2	34	3	176	90	76	136	96	7	91	70	3	64	39	98	104	56	90	114	64	82	408	24	22		3	2256		2026-05-11 09:47:06		T	F	35	35	0	0	0.67
190			"base"	"interview"	2026-05-11 09:06:55	2	1	2	4	1	2	3	4	2	3	3	3	1	4	1	4	1	2	2	2	2	1	4	4	2	3	5	5	1	2	4	2	3	3	2	3	3	2	3	2	5	4	4	1	5	1	1	4	1	5	5	5	4	3	5	5	4	5	5	1	1	1	2		1	"ich bin jetzt doch schneller als 45 Minuten gewesen?!....Aber ich habe den Fragebogen nach bestem Wissen und Gewissen ausgefüllt!"	1	2	4	2	3	1	3	3	4	4	4	1	2	3	3	4	1	4	4	5	5	4	5	2	4	3	4	1	54	2	2	6	1	F	F	F	T	F	F	F	F			"Gesundheitswesen/Pflege"	"38"		1	1	1	2	1	1	3	1	3	3	4	3	1	2	3	3	4	1	1	101	1	6	7	5	3	4	2	2	3	"Im persönlichen Bereich sehe ich, dass KI z.B. doch sehr fehlerhaft ist und man sich auf manche Antworten einfach nicht verlassen darf.
Ich muss Informationen dann praktisch öfters verifizieren. Das sehe ich als Hürde, für eine Antwort auf eine Frage, habe ich dann praktisch die doppelte Arbeit."	"Da ich Menschen betreue, mich mit ihnen beschäftige, als menschliche Person agiere, sehe ich jetzt keine große Bedrohung. Denn eine KI, die so nett und lieb ist wie ich, gibt es momentan noch nicht.
Ich mache aber auch GIG Work und da sehe ich eine Bedrohung, KI kann mich in diesem Feld ersetzen oder macht mich überflüssig.
Ich habe sie praktisch mit meiner Arbeit ""gefüttert"", dass sie selbstständig arbeiten kann, durch das Einsprechen von Sprache, durch Daten Eingabe, Beurteilung von Sprache etc. Man braucht meine Arbeit dann irgendwann nicht mehr."	1	1	1	1	2	4	1	2	2	3	1	2	1	3	2	1	3	4	1	3	2	1	2	4	2	3	40	21	73	92	1	1	95	101	8	12	83	101	25	13	85	101	1	1	90	101	1	89	101	2	1	101	101	12	11	101	101	4	1	101	101	7	1	101	101	10	76	64	72	42	1	101	37	1	48	61	37	35	45	54	33	23	45	66	38	1	101	101	49	12	101	1	1	101	101	54	9	1	2	2	4	4	2	2	3	2	1	2	"1"	"3"	"4"	"2"	"2"	"1"	7	51	5	19	40	48	10	2	11	1	17	2	77	101	107	56	58	6	142	64	6	59	27	48	58	23	65	90	32	58	674	20	71		61	2058		2026-05-11 09:42:11		T	F	35	35	0	0	0.99
191			"base"	"interview"	2026-05-11 09:07:06	2	1	1	2	1	2	2	3	1	1	2	2	2	2	2	2	1	2	1	1	4	4	4	2	3	3	3	4	2	4	3	3	3	2	2	3	3	4	4	3	4	2	4	3	4	4	5	4	3	3	4	4	3	2	5	3	4	4	3	4	6	6	2		1	"Ich mag KI beruflich, wenn sie unterstützend statt ersetzend eingesetzt wird"	1	1	3	4	3	1	3	3	3	4	4	3	2	4	2	5	1	4	3	3	3	3	4	2	3	4	4	1	28	1	1	8	1	F	F	F	T	F	F	F	F			"Revenue Operations in einem Software-Unternehmen"	"32"		4	2	7	3	2	6	2	5	5	4	5	4	3	4	4	4	5	3	1	48	2	7	6	1	3	4	5	4	4	"Angst in der Gesellschaft vor Neuem und mangelnde Kompetenz die Quellen der KI zu verstehen bzw. zu hinterfragen. "	"Ja, theoretisch sind fast alle ""Büro-Jobs"" bedroht."	3	2	4	2	4	4	3	2	1	2	2	3	3	2	2	3	2	3	3	2	2	3	2	2	3	1	8	2	97	98	1	1	97	98	49	7	92	90	51	5	98	98	5	2	100	89	26	83	80	42	2	100	100	50	7	83	82	54	6	100	96	55	3	92	92	51	92	71	76	93	8	101	51	1	95	60	15	94	92	8	5	95	89	77	6	54	85	92	51	52	28	15	52	66	60	62	28	1	2	1	3	4	1	2	3	1	2	2	"2"	"1"	"3"	"4"	"1"	"2"	23	41	15	17	42	6	5	3	23	4	17	2	75	103	103	64	63	7	72	47	10	50	33	71	69	46	81	84	44	66	213	14	39		21	1555		2026-05-11 09:33:19		T	F	35	35	0	0	0.9
192			"base"	"interview"	2026-05-11 09:07:30	3	1	2	4	4	4	4	4	3	4	4	4	4	3	3	4	4	4	1	2	3	2	3	4	4	5	5	2	4	1	5	3	3	3	3	2	4	4	5	2	4	3	4	2	2	4	3	5	5	4	4	4	2	4	5	2	3	3	2	5	4	4	2		1		1	2	1	3	2	1	4	4	4	5	5	2	3	2	2	4	1	5	4	1	2	5	2	2	1	3	4	1	30	1	1	6	1	F	F	F	T	F	F	F	F			"Verwaltung"	"38"		1	7	4	2	2	4	1	1	4	2	4	2	2	5	4	3	3	4	1	98	1	6	7	5	2	3	4	2	4	"Oft werden einem neue Technologien nicht gut genug erklärt. Man bekommst sie an die Hand und soll damit arbeiten, aber viele Schulungen oder Gespräche mit Fachkräften bekommt man meist nicht. Es ist eher ein Learning by doing mit den Kollegen und wie man es für sich selbst am sinnvollsten hält."	"Ja, man hört es immer wieder in der Gesellschaft, das in ein paar Jahren KI viele Jobs übernehmen wird. Natürlich macht man sich Gedanken und fühlt sich unsicher, ob man eventuell einen neuen Job lernen muss oder sogar Arbeitslos wird."	3	1	3	2	1	5	3	3	2	2	2	2	4	2	3	3	2	3	4	2	2	3	2	1	3	2	1	24	59	28	14	23	77	45	3	24	68	45	6	1	79	86	8	12	55	50	24	76	101	29	1	101	101	10	11	94	101	4	1	89	92	26	11	82	101	12	74	63	86	66	1	98	7	1	74	29	29	79	100	10	10	90	83	93	82	52	101	101	20	55	92	19	33	60	66	99	72	1	2	1	4	4	2	1	3	2	3	2	"2"	"3"	"4"	"1"	"1"	"2"	6	12	12	15	18	42	12	2	8	1	25	2	82	46	53	56	453	19	51	39	5	47	44	97	83	43	134	94	57	66	186	21	14		7	1461		2026-05-11 09:38:22		T	F	35	35	0	0	1
193			"base"	"interview"	2026-05-11 09:07:31	3	2	2	4	3	3	3	2	2	4	4	2	1	3	1	2	1	2	1	1	1	1	1	5	3	5	3	3	4	2	4	2	2	1	1	3	4	4	5	2	5	5	5	4	3	2	1	5	5	4	5	5	5	1	5	4	4	5	5	2	3	3	2		1		1	2	3	4	5	5	5	5	4	5	2	2	4	4	5	2	1	2	5	2	3	1	1	1	3	1	1	1	33	2	2	8	1	F	F	F	T	F	F	F	F			"E-Commerce Account Management "	"40"		1	1	4	3	1	4	1	2	3	2	5	4	1	6	4	4	5	1	1	17	4	7	6	2	1	3	5	1	5	"Selbst die KI schätzt, dass in vielen Team 7 von 10 Personen durch Einführung von KI entlassen werden. Ich fürchte mich vor Arbeitslosigkeit und einer wirtschaftlichen Katastrophe. "	"absolut"	2	1	1	1	1	5	2	3	3	3	2	2	1	4	4	2	3	4	1	4	3	2	3	4	1	4	39	1	68	12	25	11	5	1	18	1	62	1	16	7	89	30	5	1	101	52	7	101	101	42	1	101	101	24	9	99	101	30	1	101	101	84	1	101	101	92	1	51	101	1	1	101	18	7	94	12	71	19	100	1	16	30	79	61	34	15	87	96	101	6	101	7	1	93	101	19	4	1	2	2	4	4	1	2	3	1	3	1	"4"	"1"	"2"	"3"	"1"	"2"	131	25	16	20	27	5	4	2	15	3	15	1	140	74	74	68	50	9	57	44	7	27	29	66	56	28	59	80	39	58	142	19	9		2	1280		2026-05-11 09:30:52		T	F	35	35	0	0	1.15
194			"base"	"interview"	2026-05-11 09:07:34	1	1	1	1	1	1	1	3	1	1	2	2	1	1	1	2	1	1	1	1	5	4	5	1	1	1	4	2	4	2	3	3	3	3	3	3	3	3	5	2	5	2	5	4	2	1	4	4	4	3	5	2	4	3	5	2	5	2	4	1	3	2	2		1		1	2	3	3	2	2	5	1	1	3	4	1	2	5	2	4	1	4	1	3	3	4	4	2	1	4	5	1	43	2	2	4	1	F	F	F	T	F	F	F	F			"Pflegehilfskraft"	"40"		1	1	1	1	1	1	1	1	5	5	6	5	5	5	5	4	5	1	1	101	4	5	6	2	1	3	7	3	4	"Zu geringe Kenntnisse, Abhängigkeit von der Technik, Fehleranfälligkeit, Bedenken hinsichtlich des Datenschutzes"	"Nein."	1	1	1	1	1	5	3	1	1	1	1	3	3	1	1	3	1	2	3	1	1	3	2	1	3	1	1	1	91	101	1	1	47	40	1	1	80	100	1	1	38	36	6	4	55	56	1	101	101	86	1	72	100	59	1	69	101	68	25	76	84	45	17	62	96	56	101	38	11	101	1	101	48	1	101	6	8	93	40	40	50	39	43	53	13	24	85	86	15	1	101	1	11	101	86	48	19	1	1	1	2	2	1	1	2	1	1	1	"1"	"2"	"4"	"3"	"2"	"1"	18	10	11	15	31	21	6	1	11	1	16	2	72	67	58	61	49	5	89	50	5	26	26	42	48	16	42	78	27	101	168	26	282		4	1214		2026-05-11 09:32:19		T	F	35	35	0	0	1.23
195			"base"	"interview"	2026-05-11 09:07:51	1	1	2	2	1	1	2	2	2	2	1	2	2	1	1	2	1	1	1	2	4	4	4	2	3	2	3	4	3	4	3	4	4	4	5	4	2	2	2	2	4	2	4	4	4	2	4	3	2	2	4	4	3	4	5	2	4	2	3	4	5	6	2		1	"Danke für diese Studie die Teilnahme hat mir Spaß gemacht :)"	1	1	4	2	3	4	4	4	2	2	3	5	1	4	2	3	1	4	3	4	4	4	3	2	5	3	4	1	24	1	1	4	1	F	F	F	T	F	F	F	F			"Lebensmittelindustrie"	"42"		2	2	3	2	2	3	3	1	5	4	5	4	4	4	5	5	5	2	1	101	4	2	5	1	3	6	7	4	5	"Ich persönlich sehe nicht so viele hürden für den Umgang mit neuerungen wie KI oder Modernisierte Anlagen. Klar kann es ganz am anfang zu problemen kommen ich bin aber davon überezugt das das schnell gut in die Systeme intigriert werden kann"	"Eher nicht ich glaube bei uns würden Technische Neuerungen eher unterstützend wirken als Arbeitsplätze gefährden."	1	2	2	1	2	4	3	2	1	2	2	3	4	2	3	4	1	2	3	3	2	3	2	2	3	2	31	32	71	72	43	39	48	49	39	44	51	53	29	27	68	68	46	40	54	61	17	81	84	51	42	71	91	49	33	86	89	61	37	63	66	55	31	54	54	61	74	36	31	62	23	87	76	24	52	52	54	45	90	28	26	67	50	73	33	44	64	65	39	39	49	1	39	64	75	76	52	22	2	1	3	2	1	2	2	1	1	2	"2"	"4"	"3"	"1"	"1"	"2"	9	50	12	25	40	18	30	3	77	4	19	2	105	66	80	73	65	6	56	45	11	48	104	70	82	42	67	96	51	63	240	22	62		6	1749		2026-05-11 09:37:00		T	F	35	35	0	0	0.78
196			"base"	"interview"	2026-05-11 09:07:52	3	2	4	4	2	4	4	4	2	2	3	3	3	2	1	3	3	3	1	3	4	2	4	1	1	1	4	1	4	1	5	2	3	3	3	4	4	4	3	4	5	5	3	5	1	1	4	5	2	5	5	4	3	2	5	5	5	2	4	2	5	5	2		1		1	2	2	4	4	4	4	2	4	4	3	4	4	2	2	4	1	4	4	2	3	3	2	4	2	4	4	1	27	2	2	7	1	F	F	F	T	F	F	F	F			"Ingenieurbüro"	"24"		7	4	4	7	3	3	7	6	5	5	5	6	6	6	6	4	5	3	1	74	2	7	6	3	5	4	1	2	4	"Viele wissen nicht, wie man KI sinnvoll einsetzt und dass es eher ein Hilfsmittel als ein Ersatz ist. Viele wissen aber auch nicht wie man der KI Fragen oder Aufgaben stellen sollte damit diese die Aufgaben zum besten Ergebnis hin erfüllt. Außerdem sind zu viele Leute zu Naiv bei der KI Nutzung und denken das die KI viel eine normale Suchmaschine neutrale Informationen ausgibt. Jedoch gibt die KI oft die Meinung bei der sie ""denkt"" dass man diese Antwort oder dieses Ergebnis erziehlen will. Sie gibt mir Antworten bezogen auf meine vorherigen Interaktionen mit der KI und ist keinesfalls als eine neutrale Informationsquelle sondern immer mit skepsis zu behandeln."	"Nein, da die KI eine echte Mensch zu Mensch Interaktion nie ersetzen kann."	3	1	1	1	2	4	2	3	3	3	1	2	2	1	3	2	3	1	3	2	3	2	2	2	2	2	21	16	87	92	9	29	90	89	4	4	95	95	4	8	92	93	9	11	89	91	5	92	91	84	9	95	96	92	3	92	92	86	3	91	92	83	3	91	92	84	90	21	3	78	15	89	13	40	96	17	5	78	89	7	4	84	93	29	6	75	90	90	76	10	18	3	11	92	93	46	18	2	4	4	4	4	3	2	3	3	2	3	"2"	"4"	"3"	"1"	"2"	"1"	49	22	17	24	106	47	13	3	21	2	28	3	108	88	97	75	66	10	59	76	11	62	45	94	98	43	96	115	56	82	341	25	14		3	1999		2026-05-11 09:41:11		T	F	35	35	0	0	0.71
197			"base"	"interview"	2026-05-11 09:08:38	1	1	1	2	2	1	2	3	1	1	3	1	1	1	1	1	1	1	1	3	5	4	4	1	1	1	2	4	1	4	1	5	5	5	5	4	3	1	3	1	3	1	3	4	4	4	2	5	2	1	3	4	4	4	5	1	3	3	5	1	6	6	2		1		1	1	3	3	2	1	4	3	2	1	4	2	1	3	2	4	1	4	2	3	4	5	3	1	4	4	4	1	41	1	1	8	1	F	F	F	T	F	F	F	F			"technischer Zeichner"	"45"		1	1	4	1	1	5	1	1	5	4	3	3	3	4	3	3	5	5	1	20	1	7	6	4	3	5	2	3	3	"datenschutz scheint das größte problem im beruflichen umfeld zu sein.
ich denke auch dass KI unsere (soziale) gesellschaft völlig verändern wird. "	"nein, aber meine arbeit wird sich verändern."	2	1	1	1	3	5	3	1	1	1	3	4	4	2	4	4	1	3	3	2	1	4	2	1	3	1	67	17	65	66	73	12	32	43	12	12	54	53	16	44	31	26	12	54	22	28	27	93	64	27	49	85	86	64	12	86	82	53	14	82	82	31	15	91	90	25	100	1	6	80	81	20	20	11	92	12	11	91	44	44	21	43	37	81	14	32	97	94	1	1	70	1	11	90	91	101	26	1	1	1	2	3	1	1	3	1	1	1	"1"	"2"	"3"	"4"	"2"	"1"	2	6	6	97	24	4	8	3	12	2	12	1	64	67	53	56	46	6	30	42	4	41	26	76	61	33	59	86	46	59	113	27	6		2	1180		2026-05-11 09:28:19		T	F	35	35	0	0	1.36
198			"base"	"interview"	2026-05-11 09:09:33	1	1	1	1	1	1	1	3	1	1	2	2	1	1	1	1	1	1	1	1	5	4	4	1	1	1	5	3	5	1	5	3	4	4	4	3	3	3	5	2	4	2	3	4	2	3	3	4	5	4	4	3	3	1	5	4	4	2	2	5	7	7	2		1		1	2	1	1	1	1	4	1	1	3	2	1	1	4	1	4	1	3	2	2	3	4	2	2	1	3	5	1	38	1	1	7	1	F	F	F	T	F	F	F	F			"Automatisierungstechnik"	"39"		1	2	1	1	2	1	1	3	6	5	5	4	5	5	5	4	5	2	1	66	7	6	4	2	3	1	5	5	5	"Skepsis der Mitmenschen. Viele haben Angst ihren Job zu verlieren. 
Fake-Informationen (Fake-News oder Fake Bilder), da man kaum noch unterscheiden kann, was echt und was KI erzeugt wurde."	"Nein, da in unseren Bereich die KI nur einen Beitrag leisten kann, aber nicht vollständig ersetzen (zumindest aktuell). "	1	1	2	2	1	2	2	1	1	2	2	3	3	1	2	3	2	2	2	2	1	3	2	2	2	2	1	1	101	101	1	1	101	92	1	1	101	101	1	1	101	101	1	1	101	101	1	15	57	15	1	1	74	74	1	1	16	101	1	1	1	101	1	1	53	74	101	1	1	101	56	56	32	38	101	1	1	81	101	18	2	86	101	13	1	89	78	101	1	1	88	1	1	101	101	9	2	1	2	2	3	4	2	2	2	1	1	2	"2"	"4"	"3"	"1"	"2"	"1"	30	35	10	17	35	11	11	2	26	2	36	4	160	104	97	94	89	12	67	62	10	62	43	89	84	75	73	129	59	79	161	27	18		7	1820		2026-05-11 09:39:53		T	F	35	35	0	0	0.75
199			"base"	"interview"	2026-05-11 09:10:10	1	1	1	2	2	1	2	1	1	1	2	2	2	1	1	2	1	1	1	2	4	2	3	1	1	1	5	3	3	4	4	3	2	3	4	2	4	2	2	4	4	2	5	3	4	2	4	3	1	4	4	2	5	4	5	4	5	2	2	4	6	6	2		1		1	1	4	4	2	1	4	3	2	2	4	2	1	4	2	3	1	4	3	3	4	3	2	1	2	3	4	1	41	1	1	8	1	F	F	F	T	F	F	F	F			"Maschinenbau"	"40"		2	2	6	7	3	4	6	6	5	6	5	5	4	5	6	4	5	2	1	85	1	4	6	2	7	3	5	4	4	"Eine der größten Hürden ist das viele Menschen den Ugang mit neuen Technologien wie KI nicht aktiv angehen. Im beruflichen Umfeld erschweren zudem bestehende Arbeitsprozesse, Zeitmangel und teilweise fehlende Schulungen die sinnvolle Einführung solcher Systeme."	"Bisher habe ich noch keine KI gesehen die auch nur ansatzweise meine Tätigkeit ersetzen könnte"	2	1	1	2	4	4	3	3	2	1	2	2	3	1	2	3	1	2	4	2	1	3	1	1	3	1	1	14	82	82	1	12	93	93	1	21	89	88	5	4	91	92	7	1	88	88	9	67	66	55	2	26	80	66	3	46	61	79	2	19	29	75	6	25	73	73	73	21	49	39	86	16	15	78	96	5	6	52	89	31	30	58	60	68	21	33	75	26	11	69	9	1	17	69	83	31	7	1	2	2	3	3	1	2	2	1	1	1	"3"	"4"	"2"	"1"	"1"	"2"	20	11	22	27	23	7	35	4	18	7	29	2	116	91	79	73	88	7	79	60	2	56	45	95	92	47	93	127	57	84	234	13	13		9	1765		2026-05-11 09:39:35		T	F	35	35	0	0	0.86
200			"base"	"interview"	2026-05-11 09:10:19	1	1	1	2	2	2	3	4	2	2	3	2	1	2	1	2	1	2	1	2	4	2	3	2	2	4	4	2	3	2	2	3	3	3	4	3	3	3	4	5	4	4	3	3	2	4	2	3	5	4	4	4	4	1	5	3	4	4	4	3	4	3	2		1	"Ich fand es etwas seltsam, dass kaum Fragen zu meiner eigentlichen Erfahrung/Expertise mit KI gemacht wurden in diesem Kontext.
Ansonsten, interessante Fragen, vielversprechende Studie."	1	1	2	3	2	1	2	1	4	4	3	1	1	3	2	4	1	4	5	1	3	3	1	2	4	2	3	1	44	1	1	7	1	F	F	F	F	F	T	F	F			"Suchmaschinen-Training, KI-Training"	"25"		3	2	5	2	1	4	2	3	4	5	3	3	2	3	3	2	3	3	1	71	1	5	7	2	6	4	3	2	4	"Der Zeit-Faktor. In meinem beruflichen Umfeld muss ich oft die Korrektheit und Zuverlässigkeit von KI-Antworten prüfen, was manuell sehr zeitintensiv ist, dies lässt sich durch KI zwar etwas beschleunigen, aber für die meisten wichtigen Sachen muss man dennoch alles selbst nachprüfen, die KI halluziniert immer noch bei sehr vielen Antworten."	"Ja, die Auftragslage in Bereich Suchmaschinen-Training/Verbesserung geht bereits deutlich zurück und verlagert sich in Richtung KI-Training. Hier jedoch werden Spezialisten in verschiedenen Bereichen gesucht (Anwälte, Ärzte, etc). 
Der generelle Bedarf an ""Nicht-Spezialisten"" scheint sich kontinuierlich zu verringern, Sprachkenntnisse und grundlegende Fähigkeiten verlieren hier die Bedeutung."	3	2	2	2	4	4	3	3	1	2	2	2	2	3	2	2	3	2	2	2	3	2	1	3	1	4	12	18	60	55	35	39	31	25	1	1	85	101	9	8	73	82	14	24	43	46	25	66	73	79	14	29	72	53	1	17	57	72	11	43	61	69	9	22	36	34	85	90	18	24	7	90	41	13	101	43	14	72	89	45	41	35	37	68	34	20	57	83	67	28	87	1	37	79	94	80	21	1	3	2	4	3	2	2	2	1	1	2	"1"	"3"	"2"	"4"	"2"	"1"	17	27	12	19	64	27	37	3	29	5	29	2	162	109	85	125	93	9	66	107	10	62	64	83	75	44	134	104	60	88	503	36	175		11	2312		2026-05-11 09:51:35		T	F	35	35	0	0	0.62
201			"base"	"interview"	2026-05-11 09:11:37	2	1	1	2	3	2	3	2	1	2	3	2	3	1	1	2	2	2	1	2	3	3	3	4	3	3	2	4	2	4	2	2	2	2	2	4	2	2	4	1	3	4	4	4	5	3	2	4	4	3	4	4	5	2	5	2	4	4	5	1	4	3	2		1	"Vielen Dank, hat Spaß gemacht!"	1	2	3	3	2	3	3	4	2	4	3	2	2	4	2	4	1	5	2	4	5	3	1	2	2	3	4	1	34	3	3	7	1	F	F	F	T	F	F	F	F			"Online-Journalismus / Media-Publishing"	"40"		1	1	1	2	1	1	1	1	4	4	4	4	4	4	4	4	5	3	1	101	1	7	5	2	6	3	4	2	3	"Konstantes Faktchecking meiner Meinung nach nötig. Frisst ebenfalls Zeit bzw sollte sogar Zeit beanspruchen."	"Noch nicht, allerdings ist der Einfluss spürbar. Wir werden aktuell ermutigt, KI zu nutzen (zur Ersparnis von Arbeitszeit). Ich glaube aber auch, dass ich in ein paar Jahren mehr Angst um meinen Job haben könnte, da es gut möglich ist, dass KI das Schreiben einiger einfacher News-Artikel komplett übernimmt."	1	1	3	1	1	4	3	2	2	1	2	3	2	2	3	3	2	2	3	2	2	3	2	2	2	2	32	7	62	62	37	34	55	11	30	27	58	55	14	15	81	76	13	9	87	88	13	82	82	47	61	47	57	30	33	91	91	78	20	85	86	73	30	90	92	94	64	30	30	53	4	89	89	5	59	51	51	51	79	31	27	73	51	51	51	48	78	91	10	11	92	4	75	50	84	90	69	3	2	2	4	4	2	2	4	2	2	2	"1"	"2"	"3"	"4"	"1"	"2"	83	817	14	17	249	61	27	2	11	3	18	1	185	144	83	53	53	6	57	45	6	42	33	65	53	42	64	92	50	72	178	24	12		1	1571		2026-05-11 09:56:00		T	F	35	35	0	0	0.94
202			"base"	"interview"	2026-05-11 09:11:58	1	1	1	1	1	1	1	2	1	1	2	2	1	1	2	2	1	1	2	1	4	4	4	2	2	2	5	2	5	2	4	3	3	3	3	4	2	2	3	3	4	1	4	4	3	4	3	4	2	4	4	2	4	3	5	4	4	5	2	4	5	5	2		1	"Nein"	1	2	2	3	3	1	4	1	2	4	4	1	2	5	2	4	1	4	3	3	4	4	2	2	1	4	4	1	41	1	1	6	1	F	F	F	T	F	F	F	F			"Produktion / Maschinen- und Anlagenführer"	"35"		7	6	3	7	6	3	8	5	6	6	5	5	5	5	5	5	5	2	1	75	4	2	5	1	7	3	6	5	4	"Aktuell sind KIs einfach noch nicht genau genug. Ich arbeite viel privat mit KIs und man muss doch sehr selektieren um wirklich nur die nützlichen Aspekte nutzen zu können."	"Nein, absolut nicht."	3	2	2	2	2	4	3	2	1	1	2	2	2	1	1	3	1	2	3	2	1	3	1	1	3	1	9	11	74	83	6	10	68	82	5	14	65	78	4	8	79	72	5	7	61	73	5	96	94	61	7	66	91	56	7	59	65	51	5	71	74	56	7	76	82	67	69	55	19	47	81	17	12	58	84	34	30	69	91	8	9	72	87	23	10	40	59	66	20	23	70	25	14	85	77	75	59	4	2	2	3	3	2	2	3	2	3	2	"2"	"4"	"3"	"1"	"1"	"2"	12	58	23	30	56	46	11	3	13	1	18	2	131	62	57	68	77	9	120	41	8	51	33	95	68	41	68	108	43	65	127	19	8		5	1577		2026-05-11 09:38:16		T	F	35	35	0	0	0.89
203			"base"	"interview"	2026-05-11 09:13:38	3	2	3	3	2	2	3	4	2	1	2	4	2	1	2	4	1	2	1	3	4	3	4	1	1	1	2	3	2	3	4	3	4	4	4	3	3	3	4	2	5	3	3	3	3	3	2	2	3	4	4	3	2	3	5	4	4	4	2	2	3	3	2		1		1	2	3	2	2	2	4	3	3	4	4	2	3	3	3	4	1	4	3	2	2	4	3	2	2	4	4	1	49	1	1	6	1	F	F	F	T	F	F	F	F			"Internet"	"40"		3	3	2	1	2	2	1	1	4	4	3	3	3	4	3	4	4	2	1	79	7	3	2	1	5	4	6	4	4	"Man muss es erstmal alles verstehen und die Fortschritt ist so dermaßen rasant dass man nur sxhwer hintergherkommt. JEde Woche neue Tools, Modelle"	"Naja ich sehe es eher als Werkzeug und nicht als Gegner oder Bedrohung. Viele Dinge kann man halt jetzt mit KI lösen aber ganz ablösen wird sie mich hoffentlich nicht."	3	3	4	2	4	3	2	2	2	2	2	3	3	2	2	2	3	3	2	2	3	2	1	2	2	3	16	7	78	88	13	6	71	80	9	9	76	86	12	12	84	86	14	14	71	80	13	67	55	73	14	68	80	27	8	27	49	9	16	13	16	14	12	46	64	62	83	14	14	93	42	76	24	39	81	22	7	70	84	16	16	81	50	50	24	40	88	87	34	15	56	5	38	86	92	70	17	11	2	1	3	3	2	2	3	2	1	2	"2"	"1"	"3"	"4"	"1"	"2"	2	9	6	13	33	19	9	2	24	2	15	2	97	84	96	64	87	8	64	79	8	128	26	89	165	29	185	77	47	55	226	19	6		5	1780		2026-05-11 09:43:18		T	F	35	35	0	0	1.02
204			"base"	"interview"	2026-05-11 09:13:48	2	1	1	2	1	1	1	1	1	1	2	2	1	1	1	3	1	1	1	1	3	2	3	1	1	1	2	3	3	3	4	2	2	2	2	3	3	2	2	1	4	1	5	4	3	2	4	4	2	5	4	1	4	4	5	1	4	1	5	3	4	4	2		1	"Nein"	1	2	2	3	2	2	4	3	1	3	4	2	1	4	2	4	1	4	3	2	2	4	3	1	1	3	4	1	33	2	2	6	1	F	F	F	F	F	T	F	F			"Kommunikation"	"26"		4	2	8	1	2	4	2	2	5	6	6	5	6	4	5	3	5	5	1	12	7	5	2	1	4	3	6	4	3	"Ich kenne einige Leute, die KI's grundsätzlich nicht vertrauen und schlechte Vorurteile haben, ohne die KI jemals ausprobiert zu haben. Einige wissen auch nicht, wie man damit umgeht und welche Funktionen es gibt. 
Die Frage ist hier auch, was ""erfolgreicher Umgang"" bedeutet - dazu gehören bestimmt richtige Prompts und konkrete Anweisungen an die KI."	"Nein, absolut nicht bedroht."	1	1	1	2	1	5	2	2	1	1	1	3	3	1	1	3	1	1	2	1	1	3	1	1	3	1	16	6	85	85	15	43	84	85	12	39	85	86	14	56	81	82	21	14	74	83	8	30	73	53	12	80	80	10	18	80	81	63	10	81	81	54	12	80	81	57	78	46	12	19	12	81	9	10	46	47	22	25	57	56	17	16	32	77	10	23	86	86	7	6	89	7	11	95	87	37	7	7	1	1	2	2	1	1	2	1	1	1	"1"	"4"	"2"	"3"	"1"	"2"	19	19	15	20	39	13	21	3	12	2	20	4	110	352	82	58	55	23	55	56	6	34	31	65	73	34	68	122	62	55	197	17	15		4	1761		2026-05-11 09:43:10		T	F	35	35	0	0	0.86
205			"base"	"interview"	2026-05-11 09:13:56	3	2	2	3	3	3	1	1	2	3	2	2	2	3	1	2	2	3	2	2	4	4	4	3	2	2	2	2	5	1	4	4	4	3	4	3	3	2	3	4	4	2	3	3	1	1	2	4	2	3	3	3	5	3	5	2	4	4	4	4	4	3	2		1	"nein"	1	2	2	2	3	2	5	3	2	3	4	2	2	4	2	4	1	4	3	4	5	4	3	3	4	4	3	1	34	1	1	7	1	F	F	F	T	F	F	F	F			"Gesundheitswesen"	"32"		1	2	1	1	1	2	1	1	5	5	3	4	5	5	4	4	2	2	1	71	7	5	4	3	1	2	6	4	5	"Es kann mir peronlich sehr viel mit Dokumentatio helfen, Infos suchen, E-mail schreiben und es sparrt richtig Zeit."	"Nein, da ich Pflege arbeite, am mindestens noch nicht."	1	1	1	1	2	4	2	3	3	3	2	2	2	2	2	3	2	3	2	2	2	3	3	3	2	3	6	65	83	70	1	7	77	84	7	15	65	61	18	36	71	71	40	37	27	80	6	46	70	61	2	78	83	82	8	41	78	75	7	76	75	74	7	42	78	79	77	56	23	51	3	3	2	1	82	76	46	57	79	44	41	41	71	56	32	23	89	94	5	1	93	1	3	100	101	90	40	1	3	2	3	3	2	3	2	2	2	3	"3"	"4"	"2"	"1"	"2"	"1"	19	31	19	24	50	37	19	4	16	4	29	2	149	48	76	47	80	10	53	68	11	60	48	107	88	55	100	120	64	93	177	24	22		6	1760		2026-05-11 09:43:16		T	F	35	35	0	0	0.72
206			"base"	"interview"	2026-05-11 09:15:10	2	1	1	2	2	2	2	2	1	3	2	2	1	2	1	2	1	2	1	2	4	4	4	2	2	2	2	4	2	4	2	4	4	4	4	4	2	2	5	2	4	3	3	2	4	4	3	4	4	3	3	4	4	2	5	3	3	3	3	4	4	3	2		1		1	2	2	4	4	2	3	4	3	4	4	2	2	3	2	4	1	4	3	2	2	4	3	2	4	3	4	1	31	1	1	6	1	F	F	F	T	F	F	F	F			"Buchhaltung"	"39"		2	2	4	4	2	3	2	3	4	4	4	4	4	4	3	3	4	3	1	101	1	6	5	4	2	7	3	4	4	"Die Fehlerquote und der zeitliche Aufwand."	"Zur Zeit nicht, es wird aber in 10-20 Jahren die Zeit kommen wo viele Arbeitsplatz bedroht sein werden, u.a. auch meiner."	2	1	2	3	2	3	2	2	2	2	2	2	2	3	3	2	3	3	2	3	2	2	3	3	2	3	25	9	72	72	33	50	61	50	35	15	74	72	77	52	47	47	32	21	73	72	30	59	59	57	54	44	44	50	17	64	64	71	67	40	40	34	41	61	61	52	84	46	34	76	28	71	60	34	89	41	34	83	52	41	54	53	59	49	41	55	99	101	9	9	89	7	19	87	85	72	42	13	2	1	3	3	1	3	3	1	1	2	"1"	"2"	"3"	"4"	"2"	"1"	5	35	8	13	32	37	9	2	18	1	17	2	110	90	67	117	87	9	69	61	5	47	31	64	63	38	92	93	49	72	292	23	15		6	1679		2026-05-11 09:43:09		T	F	35	35	0	0	0.96
207			"base"	"interview"	2026-05-11 09:17:24	1	1	2	2	1	3	2	4	3	1	2	3	3	4	1	4	1	2	1	2	3	2	3	4	4	3	5	1	4	2	4	3	3	3	4	2	5	4	5	5	5	2	5	2	1	5	4	4	5	4	4	2	5	2	5	4	3	4	4	1	4	3	2		1		1	2	1	4	4	2	2	4	4	4	2	1	3	2	4	2	1	3	5	1	1	4	1	3	5	2	2	1	39	1	1	7	1	F	F	F	T	F	F	F	F			"Pharmazie"	"30"		2	8	1	3	6	2	2	8	4	2	1	3	3	2	2	1	1	6	1	85	1	7	5	3	6	2	4	5	4	"Dadurch dass unbekannt ist, was mit den Daten püassiert die man einer KI zur Verüfung stellt, wähle ich mit Bedacht aus, welche Informationen ich mit einer KI teile ( oder versuche dies zumindest). 
Darüber hinaus werden die KI's immer eingeschränkter nutzbar, wenn man einen kostenfreien Account wählt und wird gezwungen in der Zukunft einen kostenpflichtigen Account zu nutzen, was nicht zwingend bezahlbar sein könnte."	"Derzeitig sehe ich meinen Arbeitsplatz noch nicht bedroht, dies kann aber mit voranschreitenden Fähigkeiten der KI's sich ggf. teilweise ändern. "	2	1	1	2	3	3	3	2	1	2	3	3	3	4	1	2	2	4	2	3	3	1	1	2	2	3	16	7	64	68	8	11	53	51	5	7	72	71	7	8	69	62	25	9	56	56	30	24	72	46	8	82	82	55	6	12	12	89	8	8	24	26	9	72	51	39	64	70	48	52	15	90	46	13	93	77	17	47	93	21	13	90	93	59	42	82	86	91	68	59	87	20	40	44	79	86	87	28	2	2	3	3	1	2	3	2	2	2	"3"	"4"	"1"	"2"	"2"	"1"	24	132	12	17	34	56	18	3	17	3	37	3	114	89	83	81	83	11	67	89	8	68	73	79	89	44	94	108	49	105	201	44	19		40	1840		2026-05-11 09:50:38		T	F	35	35	0	0	0.67
208			"base"	"interview"	2026-05-11 09:20:27	1	1	1	2	2	1	2	1	1	1	2	2	2	1	2	2	1	1	1	1	4	4	4	2	1	1	5	3	3	4	4	4	4	4	5	4	2	2	3	2	4	2	5	4	4	4	4	5	4	4	5	3	3	2	5	3	4	3	2	4	5	6	2		1		1	2	3	3	4	2	3	4	4	2	5	4	3	3	2	4	1	4	2	3	4	2	3	3	4	4	4	1	35	1	1	7	1	F	F	F	T	F	F	F	F			"IT"	"41"		4	6	4	6	4	5	6	3	4	5	5	6	5	5	5	4	5	5	1	101	3	5	6	2	1	4	7	4	5	"Etwas mehr Akzeptanz von KI in der breiten Gesellschaft. Momentan sehe ich zu viel Skepsis und Unsicherheit mit dem Umgang."	"Nicht wirklich. Mein Arbeitsplatz bzw. ich selbst profitieren eher von KI, da sie mich in meinen Aufgaben gut unterstützen kann, jedoch niemals vollständig ersetzen kann."	2	2	3	1	4	4	3	2	1	1	1	3	4	2	2	4	1	1	4	2	1	4	2	1	3	1	29	10	69	88	14	11	92	93	32	26	62	73	27	15	92	94	12	9	73	87	16	73	71	56	7	60	75	59	20	60	69	76	15	92	88	82	19	91	91	82	82	26	11	77	89	13	12	88	83	26	44	69	85	16	39	76	90	28	17	86	101	101	27	16	70	11	68	70	78	57	34	1	2	1	4	2	1	2	2	2	2	2	"3"	"2"	"1"	"4"	"2"	"1"	4	7	6	11	13	5	47	3	22	1	16	2	47	34	51	41	42	8	38	51	8	30	27	66	47	27	54	34	18	53	130	12	1445		4	970		2026-05-11 10:00:31		T	F	35	35	0	0	1.43
209			"base"	"interview"	2026-05-11 09:20:37	1	1	2	1	3	2	2	2	1	1	1	2	2	2	2	2	1	2	2	2	5	5	5	2	3	2	1	4	2	3	3	4	4	4	4	3	3	4	4	3	4	4	5	5	4	4	5	5	3	4	4	3	5	3	5	2	4	3	4	2	5	5	2		1		1	2	3	2	2	2	4	4	3	2	3	4	1	4	1	3	1	3	3	3	4	4	3	2	5	4	4	1	35	1	1	8	1	F	F	F	T	F	F	F	F			"Chemieingenieurwesen"	"40"		5	4	6	4	2	6	2	2	6	6	6	6	5	6	5	5	5	3	1	101	1	6	7	4	5	3	2	4	5	"Ich denke, dass der Zugang zu guten KI Modellen für einige Firmen oder Person schwierig sein wird, weil die Kosten zu hoch sein könnten."	"Nur teilweise. Theoretisch könnte in ferner Zukunft mein Arbeitsplatz durch eine KI wegfallen. Ich vermute, dass die Menschen dennoch die Arbeit einer anderen Person schätzen. Und im besten Falle froh sind, dass die Person durch eine KI unterstützt wird. "	1	1	2	1	2	4	3	3	2	1	1	2	3	2	2	3	2	2	3	2	2	3	2	2	3	2	1	1	101	101	1	58	93	72	1	1	91	79	31	32	63	58	27	43	92	77	70	75	78	75	101	101	101	88	57	71	72	72	84	82	84	81	36	82	81	81	101	11	11	81	26	70	70	26	91	66	40	37	57	43	54	39	61	48	51	45	86	86	24	20	86	1	12	83	83	89	83	1	2	1	2	2	1	2	2	1	1	1	"3"	"1"	"2"	"4"	"1"	"2"	169	131	18	29	49	70	43	4	16	2	26	5	101	73	124	76	99	10	67	74	11	58	36	101	80	58	87	127	52	94	235	63	14		9	1936		2026-05-11 09:57:28		T	F	35	35	0	0	0.63
210			"base"	"interview"	2026-05-11 09:22:06	1	1	1	2	3	2	2	2	1	1	3	3	1	1	1	2	1	1	1	2	4	2	4	2	2	2	2	4	2	4	2	2	2	2	2	3	3	4	4	3	2	3	4	3	4	3	4	4	4	3	3	5	5	3	5	2	2	2	4	2	4	3	2		1	"Nein"	1	2	3	5	3	2	3	4	4	2	4	4	2	3	4	5	1	4	3	4	4	4	2	2	5	3	3	1	38	1	1	5	1	F	F	F	T	F	F	F	F			"Informationstechnologie und -dienstleistungen"	"40"		2	1	3	2	2	3	2	2	4	4	4	4	3	4	4	4	4	4	1	100	3	4	7	2	5	1	6	2	3	"Das Tempo des Fortschritts - beim Thema KI ist es nicht damit getan, gelegentlich mal eine Weiterbildung zu machen, es ist ein sich sehr schnell entwickelnder Bereich und man muss sich permanent auf dem Laufenden halten. Außerdem ist der technische Fortschritt mittlerweile jenseits des intuitiven Verständnisses der meisten Menschen, was dazu führt, dass viele Menschen nur schlecht einschätzen können, was die Technologie tatsächlich verlässlich kann und wobei man noch sehr vorsichtig sein muss."	"Zu einem gewissen Grad schon, ja. Ich denke nicht, dass mein Job als solcher in Gefahr ist, aber er wird sich definitiv grundlegend verändern im Hinblick auf die Tätigkeiten, die ich täglich ausführe."	2	1	2	2	2	5	3	2	2	1	3	2	3	2	4	3	2	3	2	4	2	3	3	2	3	3	30	23	80	63	21	42	54	55	13	12	70	70	24	23	73	76	40	33	63	70	27	76	85	48	13	73	93	61	15	79	84	52	26	73	78	50	26	62	67	52	83	36	36	53	11	79	38	5	78	53	33	47	73	38	28	50	40	63	36	32	74	87	33	33	73	16	50	51	63	70	69	40	2	1	3	3	1	1	3	2	1	2	"3"	"4"	"2"	"1"	"2"	"1"	9	83	10	29	31	48	8	3	8	1	58	2	80	60	89	145	65	7	42	61	2	43	36	56	56	39	78	84	46	55	255	21	15		3	1628		2026-05-11 09:49:14		T	F	35	35	0	0	1.02
211			"base"	"interview"	2026-05-11 09:22:42	1	1	1	3	3	1	2	3	1	1	3	3	1	1	2	3	1	1	1	3	4	3	3	1	1	1	4	2	4	2	2	3	3	3	3	3	3	3	5	3	4	1	3	2	1	3	1	2	5	5	4	2	2	3	5	5	4	1	2	3	5	4	2		1		2	1	1	1	1	1	4	3	1	2	4	2	1	5	1	4	1	4	3	1	2	2	1	1	2	3	5	1	35	1	1	4	1	F	F	F	T	F	F	F	F			"Lebensmittellogistik"	"40"		6	8	2	9	5	1	6	9	5	5	5	5	5	5	5	4	5	3	1	85	5	3	4	2	7	1	6	3	4	"Ob mein Betrieb die nötigen Schulungen anbietet"	"Nein"	2	1	2	1	4	2	2	1	1	1	2	2	3	1	1	3	1	1	2	1	1	2	1	1	2	1	19	52	88	84	68	67	62	61	50	53	53	39	7	13	96	94	16	48	101	91	18	73	71	72	53	97	83	77	44	96	78	75	28	84	84	74	1	79	77	66	72	24	1	61	14	76	17	4	53	53	13	31	101	8	9	79	88	25	12	36	92	92	23	23	51	8	45	92	89	46	7	1	2	1	3	4	1	1	2	1	3	2	"4"	"2"	"1"	"3"	"2"	"1"	4	8	15	22	23	6	19	8	12	4	15	2	83	58	61	46	48	11	31	52	9	40	32	107	53	38	63	84	46	61	80	14	11		3	1169		2026-05-11 09:42:11		T	F	35	35	0	0	1.13
212			"base"	"interview"	2026-05-11 09:23:11	1	1	1	1	1	1	1	1	1	1	1	1	1	1	1	1	1	1	1	1	5	5	5	1	1	1	2	4	2	4	4	4	4	4	5	5	2	2	3	1	4	1	5	4	5	2	4	4	1	2	4	1	4	3	5	1	4	1	4	1	6	5	2		1		1	2	1	1	1	1	5	1	1	1	4	1	1	4	2	5	1	3	1	1	1	4	1	1	1	4	5	1	22	1	1	4	1	F	F	F	T	F	F	F	F			"KFZ"	"40"		9	9	1	1	1	1	1	9	6	6	6	6	5	6	6	6	6	1	1	101	1	4	6	3	5	2	7	5	4	"Ich denke das größte ist das Eingewöhnen, viele haben keine Lust sich neue Tools zu belehren. Dazu klingt es auf den ersten Blick erstmal stressig und dass man keine Zeit dafür hat. Für viele könnte es auch einfach kompliziert sein."	"Angst habe ich keine, aber ich bin auch nicht naiv, weil ich glaube nicht, dass mich die KI morgen ersetzt, aber jemand der sich besser damit auskennt vielleicht. Es wird aufjedenfall einen großen Impact haben in der nahen Zukunft. Aber ich glaube nicht an das direkte Ersetzen."	1	1	1	1	1	5	2	1	1	1	1	3	4	1	1	3	1	1	4	1	1	4	1	1	3	1	1	1	86	71	1	1	84	94	1	35	101	101	1	1	69	101	1	1	101	101	1	74	101	58	1	88	87	101	1	48	74	75	1	48	70	47	1	68	96	48	91	28	1	68	32	87	33	11	90	26	1	67	94	18	18	73	87	51	1	52	101	101	4	29	66	7	1	66	87	67	20	1	1	1	1	1	1	1	1	1	1	1	"3"	"2"	"4"	"1"	"2"	"1"	2807	42	5	10	18	8	18	2	12	2	9	1	309	29	45	42	38	5	22	26	3	23	16	80	56	43	47	91	28	73	250	7	6		2	1378		2026-05-11 10:32:47		T	F	35	35	0	0	1.44
213			"base"	"interview"	2026-05-11 09:23:14	2	1	1	1	2	1	1	2	1	1	1	2	1	1	1	2	1	1	1	1	3	3	3	2	2	2	4	3	3	3	3	2	3	2	2	2	3	3	3	2	4	2	5	5	3	1	3	4	1	2	4	3	4	4	5	3	4	3	5	1	4	4	2		1		1	2	3	2	2	3	3	4	2	3	4	3	3	4	2	4	1	5	2	3	4	4	3	3	4	4	4	1	66	2	2	8	1	F	F	F	F	F	T	F	F			"Tourismus"	"10"		1	1	1	1	1	1	1	1	5	5	5	5	3	4	4	4	5	1	1	18	1	6	5	4	7	3	2	3	4	"Als Schwierigkeit sehe ich an, dass ich bestimmte Prozesse nicht wirklich steuern und beeinflussen kann. Ein weiteres Problem ist, dass die KI missbraucht werden kann oder falsche Ergebnisse liefert. Fehlende Schulungen können dazu führen, dass der Einsatz von KI nicht den Nutzungen bringt, den ich erhoffe, da die Nutzer nicht entsprechend damit umgehen können."	"Meinen jetztzigen Arbeitsplatz nicht, aber den vorherigen in der Hotellerie schon."	1	1	1	1	1	4	3	2	2	1	2	3	2	2	2	3	2	2	3	1	2	3	2	1	3	2	45	25	50	50	51	40	37	47	44	33	53	53	40	26	54	54	47	48	36	41	40	64	81	55	54	50	69	42	47	71	73	58	42	54	59	44	45	62	62	50	60	46	36	53	41	65	52	18	58	52	52	52	61	40	24	50	50	53	44	46	77	77	1	1	74	1	42	52	59	72	49	2	2	2	2	2	2	2	2	1	1	1	"3"	"1"	"4"	"2"	"2"	"1"	10	60	64	41	145	94	16	4	10	3	15	3	143	105	128	86	107	44	44	70	6	46	45	124	87	44	74	132	53	77	331	23	12		9	2084		2026-05-11 10:00:49		T	F	35	35	0	0	0.68
214			"base"	"interview"	2026-05-11 09:23:59	1	1	1	1	1	1	1	1	1	1	1	1	1	1	1	1	1	1	1	1	5	5	5	1	1	1	3	5	1	5	2	5	5	5	5	5	4	5	2	1	4	1	3	4	5	4	4	3	3	3	4	1	3	2	5	2	5	1	3	3	7	7	2		1		1	2	2	1	1	2	5	2	1	1	4	2	1	5	1	5	1	5	1	2	4	4	2	1	3	5	5	1	48	1	1	8	1	F	F	F	T	F	F	F	F			"softwareentwicklung"	"40"		1	9	2	1	1	1	1	3	6	6	6	6	6	6	6	6	6	2	1	101	7	1	3	2	5	4	6	5	5	"Keine."	"Nein. Es wird nur die Produktivität steigern."	1	1	3	1	1	5	3	1	1	1	1	4	4	1	1	4	1	1	3	1	1	4	1	1	4	1	1	1	101	101	1	1	101	101	2	1	101	101	1	1	101	101	1	1	101	101	1	101	101	66	1	101	101	81	1	101	101	101	1	101	101	84	1	101	101	68	101	1	1	101	101	1	1	101	101	1	1	101	101	1	1	101	101	36	1	101	101	101	1	1	101	101	1	101	101	101	35	1	1	1	2	2	1	1	1	1	1	1	"1"	"4"	"3"	"2"	"2"	"1"	5	4	3	21	23	11	10	1	11	4	58	2	195	78	56	58	121	10	46	59	8	44	25	75	76	50	60	127	51	61	112	14	23		1	1503		2026-05-11 09:49:02		T	F	35	35	0	0	1.2
215			"base"	"interview"	2026-05-11 09:27:23	2	1	1	2	2	1	1	3	1	1	1	2	1	2	1	2	1	1	2	1	2	1	2	4	4	4	2	3	1	3	2	1	1	1	1	3	4	3	4	3	5	2	5	3	3	4	3	5	4	2	4	4	5	2	5	2	4	2	5	1	6	6	2		1		1	2	2	3	3	1	2	4	3	4	2	4	2	3	3	4	1	3	4	2	2	3	2	4	3	3	3	1	39	1	1	7	1	F	F	F	F	F	T	F	F			"Informationstechnologie"	"30"		3	2	2	3	1	4	2	2	4	4	3	3	2	3	3	4	3	5	1	90	4	3	7	2	6	1	5	3	2	"Es kommt immer die Frage auf wie weit KI gehen darf, damit sie den Arbeitenden, also auch mich unterstützt aber letztendlich nicht ersetzt. Sollte die KI so weit kommen, dass sie die Arbeitenden ersetzt muss es schon eine soziale Absicherung, wie ein Bedingungsloses Grundeinkommen oder Ähnliches, geben."	"Kurzfristig nein, da es sich um eine Nische handelt die meiner Meinung nach aktuell nicht ersetzbar ist, aber mittel- bis langfristig habe ich die Befürchtung, dass es passieren könnte."	2	1	1	1	1	4	2	1	1	2	2	3	3	2	2	2	1	3	2	1	1	2	2	3	2	1	26	15	63	64	9	10	71	71	19	18	87	87	5	5	95	94	7	7	79	78	28	61	61	17	22	95	95	16	16	78	78	23	10	74	73	53	6	95	95	21	69	41	53	53	9	95	87	9	57	48	55	55	92	8	25	76	62	25	42	55	85	85	7	7	72	1	70	33	78	85	68	29	2	2	3	3	1	1	2	1	1	2	"1"	"2"	"4"	"3"	"2"	"1"	102	68	21	23	49	36	13	4	33	3	61	3	168	94	103	93	115	11	72	115	73	115	58	111	99	53	123	138	60	109	257	46	13		24	2286		2026-05-11 10:08:29		T	F	35	35	0	0	0.55
216			"base"	"interview"	2026-05-11 09:27:44	1	2	2	1	3	1	2	2	1	1	2	2	1	1	2	1	1	1	2	1	4	4	4	1	1	1	3	3	2	4	2	3	4	4	4	3	2	1	3	2	5	1	5	4	4	2	5	3	2	3	4	4	2	4	5	3	4	2	3	2	5	4	2		1		1	1	3	4	4	1	3	4	1	2	3	3	2	3	3	4	1	4	4	2	3	3	2	2	1	3	2	1	26	1	1	7	1	F	F	T	F	F	F	F	F		"Wirtschaftsinformatik"				3	3	5	5	5	5	6	6	5	6	5	5	5	5	5	4	5	2	1	76	4	7	5	2	6	1	3	4	4	"In meinem persönlichen Umfeld bzw. allgemein im Privaten finde ich es besorgniserregend, dass es immer einfacher wird realistische KI-Fotos und Videos zu generieren, bei welchen man kaum noch erkennen kann, dass diese keine echten Aufnahmen sind. Hier können Menschen schnell in die Irre geführt werden.
Beruflich wird bzw. hat sich mein Beruf (Software-Entwickler) schon geändert - KI ist jetzt schon im alltäglichen Gebrauch und nicht mehr weg zu denken."	"Bedroht nicht, aber er wird sich auf jeden Fall sehr verändern, da die K.I. schon einen sehr großen Teil dieser Arbeit sehr effektiv übernehmen kann."	2	2	1	2	3	4	3	2	1	2	2	3	4	2	2	4	2	1	3	3	1	4	2	2	3	1	24	11	76	76	15	15	74	75	5	5	62	62	7	7	67	83	8	8	69	69	13	67	67	53	6	50	62	35	9	9	9	9	8	7	7	74	9	27	27	27	81	31	1	63	15	72	1	36	82	17	3	58	95	14	2	94	90	40	5	62	49	75	22	37	76	22	18	76	75	36	6	4	2	1	3	2	1	1	2	1	1	2	"2"	"4"	"1"	"3"	"1"	"2"	274	10	7	21	19	14	12	2	9	2	16	2	51	47	44	52	63	4	53	62	6	35	27	54	46	34	53	132	30	45	409	25	5		2	1403		2026-05-11 09:55:31		T	F	35	35	0	0	1.2
217			"base"	"interview"	2026-05-11 09:28:32	2	1	1	3	3	2	3	3	2	3	2	3	3	3	1	4	2	2	1	1	4	5	5	1	1	1	3	2	4	1	4	3	4	3	3	3	3	3	5	2	5	2	4	3	3	5	4	4	5	4	4	4	5	2	5	3	4	3	5	2	5	5	2		1	"/"	1	2	1	2	3	2	3	2	3	4	4	1	3	4	3	5	1	4	3	2	2	4	2	3	1	4	4	1	26	1	1	7	1	F	F	F	T	F	F	F	F			"IT"	"40"		2	3	2	2	1	1	2	1	4	4	4	4	4	4	4	3	4	3	1	90	6	3	5	1	2	4	7	4	4	"höchstens evtl. mangelnde Kenntnisse, jedoch kann man das ja schnell lernen. Ich sehe technische Neuerungen wie KI eher als eine neue Chance als eine Hürde"	"Nein, ich kann mit KI arbeiten, fühle mich jedoch nicht durch sie bedroht, dass ich meine Stelle verlieren könnte."	1	1	1	2	1	3	2	3	2	2	2	2	2	2	2	2	2	2	2	2	2	2	2	2	3	2	26	15	72	81	36	30	60	63	22	91	90	87	8	23	76	76	28	16	81	72	22	62	69	56	35	52	72	68	13	77	77	67	28	73	70	61	15	74	80	78	89	24	9	76	36	72	22	13	90	19	10	87	83	23	12	7	79	36	16	6	86	93	17	35	101	1	34	93	88	75	67	6	1	1	2	2	1	1	2	1	1	1	"3"	"4"	"2"	"1"	"2"	"1"	2	3	3	12	14	14	8	1	8	1	10	1	75	27	114	35	96	5	40	49	3	29	16	35	36	16	72	51	25	28	120	9	1266		5	974		2026-05-11 10:05:41		T	F	35	35	0	0	1.71
218			"base"	"interview"	2026-05-11 09:29:58	1	1	1	1	1	1	1	2	1	1	1	1	1	1	1	1	1	1	1	1	2	2	2	2	2	3	5	2	4	2	4	2	2	2	2	2	2	4	4	4	4	1	4	4	2	1	4	5	3	3	4	2	4	3	5	3	5	2	2	5	4	4	2		1		1	2	2	2	1	1	5	1	1	2	2	1	1	5	1	5	1	4	1	1	5	5	1	1	2	4	4	1	42	1	2	8	1	F	F	F	T	F	F	F	F			"Finanzsektor"	"40"		6	8	1	7	8	1	7	6	5	5	5	5	5	5	5	5	5	2	1	74	6	3	5	2	4	1	7	3	3	"mögliche Halluzinationen"	"Nein, lediglich Teile meiner Arbeit."	3	5	1	3	5	1	3	1	1	1	2	4	4	1	1	4	1	1	3	2	1	4	1	1	4	1	12	12	52	49	12	11	13	48	74	59	40	45	56	53	53	51	47	45	47	48	12	12	12	15	16	14	15	80	47	33	46	40	14	10	12	12	17	16	16	14	84	16	16	75	81	27	12	49	72	61	40	60	83	21	20	51	81	18	14	62	46	45	47	46	46	48	13	82	53	20	16	1	1	1	1	1	1	1	2	1	1	1	"2"	"1"	"4"	"3"	"2"	"1"	18	3	4	12	20	7	16	2	14	2	10	1	36	29	14	19	20	3	15	39	7	36	13	48	41	27	29	67	28	48	84	13	999		123	739		2026-05-11 10:00:45		T	F	35	35	0	0	1.71
219			"base"	"interview"	2026-05-11 09:31:17	1	1	2	2	2	2	3	3	1	3	4	3	2	2	1	3	1	2	2	3	3	2	3	4	4	3	5	2	4	1	4	2	3	2	3	1	5	5	2	2	4	3	5	4	2	3	2	5	3	4	4	4	5	2	5	4	4	2	5	1	3	3	2		1		1	1	2	4	3	2	4	4	3	4	5	2	3	4	2	5	1	4	3	3	4	5	3	4	4	5	5	1	63	2	2	5	1	F	F	F	T	F	F	F	F			"Erwachsenenbildung"	"25"		4	2	3	3	1	3	3	2	5	5	5	5	4	5	4	4	5	4	1	73	1	6	7	4	2	3	5	3	3	"Im Umgang mit Menschen und im Bereich von Beratung/Coaching ist ein sehr individuelles Vorgehen notwendig. Die Wortwahl, Der Tonfall, die Geschwindigkeit, zwischenmenschliche ""Schwingungen"" usw. spielen für den Erfolg eine sehr große Rolle.
Der Ersatz eines Beraters/Coaches durch KI würde sich nicht förderlich auf das Ergebnis auswirken. Ich würde eine ""Gleichschaltung"" der Klienten befürchten. Manipulation größerer Menschenmassen von externer Seite wäre Tür und Tor geöffnet......"	"Meinen eigenen Arbeitsplatz sehe ich nicht bedroht."	3	2	1	2	4	4	2	3	2	1	1	1	2	2	3	2	3	2	1	1	3	3	3	2	2	2	40	37	63	58	51	70	11	31	12	11	76	78	18	7	78	87	53	34	45	68	33	65	73	65	65	77	98	77	10	96	98	69	19	86	98	81	14	94	95	83	61	60	60	45	9	89	67	2	88	75	48	67	81	67	34	12	55	95	51	21	98	97	19	12	83	3	13	90	100	100	52	1	2	2	4	3	2	2	4	2	1	1	"1"	"4"	"2"	"3"	"1"	"2"	22	23	18	27	52	254	155	6	105	13	116	3	370	173	96	97	75	25	57	58	9	66	64	113	106	56	95	133	53	105	588	39	16		6	2620		2026-05-11 10:24:31		T	F	35	35	0	0	0.53
220			"base"	"interview"	2026-05-11 09:31:32	2	3	2	4	2	2	2	2	2	2	3	2	2	2	1	2	2	2	2	2	5	4	4	1	1	1	4	3	4	2	2	3	4	3	5	4	2	1	3	1	4	3	5	4	5	2	3	4	4	2	4	3	4	4	5	2	5	3	5	5	4	4	2		1	"no comment"	1	1	4	3	3	1	4	3	2	3	4	4	1	5	3	4	1	4	4	3	4	5	4	3	4	4	4	1	54	1	1	7	1	F	F	F	F	F	T	F	F			"Graphic design"	"48"		2	1	2	1	8	2	1	1	5	5	6	4	1	3	4	5	4	2	1	101	7	1	3	6	2	5	4	4	4	"human resistance and cultural inertia
data quality and security gaps
skills gap and talent shortage"	"yes as a threat to job security"	3	3	1	5	1	4	4	3	2	2	3	2	3	2	3	3	4	1	3	2	2	3	2	2	3	3	46	1	101	97	1	3	97	93	27	1	85	89	85	1	75	75	3	3	74	100	13	52	72	90	1	48	55	83	1	1	38	95	2	1	56	99	1	1	39	101	101	3	1	83	39	7	49	19	101	29	29	101	94	13	4	92	101	11	48	69	81	87	3	91	97	3	43	81	101	19	1	1	2	1	3	3	1	2	3	1	4	2	"2"	"3"	"4"	"1"	"2"	"1"	34	153	19	49	58	33	23	8	37	6	23	6	195	133	129	98	133	16	110	81	13	87	72	159	123	70	132	174	95	99	463	52	44		11	2800		2026-05-11 10:20:30		T	F	35	35	0	0	0.45
221			"base"	"interview"	2026-05-11 09:32:32	1	1	1	2	2	1	2	2	1	1	2	2	2	1	1	2	1	1	1	1	4	4	4	2	1	1	3	4	2	3	2	3	3	3	3	3	3	3	4	1	5	3	4	4	4	2	3	4	3	4	4	4	4	3	5	2	4	2	5	1	4	4	2		1		1	1	4	3	2	2	4	4	2	2	4	2	2	5	2	4	1	5	1	3	4	4	4	1	5	4	4	1	27	1	1	6	2	F	F	F	T	F	T	F	F			"Einzelhandel (Getränkemarkt), Videograf"	"30"		1	2	1	1	1	1	1	1	5	6	5	4	4	4	3	4	4	3	1	101	5	6	7	2	1	3	4	4	4	"Fehlerquoten und diese zu erkennen."	"Getränkemarkt: Nein
Videograf: Ja"	1	1	1	1	1	4	3	2	1	1	2	3	3	2	2	3	2	1	3	2	2	3	2	1	3	1	5	3	91	95	42	37	59	38	3	3	95	94	83	8	89	79	10	7	64	56	2	101	86	42	46	29	76	36	1	100	85	70	6	87	82	66	33	65	68	47	101	4	5	87	19	73	56	21	99	13	6	93	92	11	6	81	59	30	12	72	101	101	1	70	81	1	7	92	91	63	51	4	1	1	1	2	1	1	2	1	1	1	"3"	"1"	"4"	"2"	"2"	"1"	6	104	24	109	50	43	55	3	32	8	24	2	115	72	79	70	84	7	66	88	6	54	40	122	140	44	114	280	71	89	174	52	9		6	2242		2026-05-11 10:09:54		T	F	35	35	0	0	0.68
222			"base"	"interview"	2026-05-11 09:33:59	1	1	1	2	1	2	2	2	1	1	2	1	1	1	1	2	1	1	1	1	4	3	4	2	1	1	4	3	4	3	3	3	3	3	3	4	3	3	4	2	3	3	5	4	3	4	3	4	4	2	3	3	4	2	5	2	3	4	5	2	5	3	2		1		1	2	2	4	4	1	3	2	3	2	4	2	1	3	2	4	1	4	4	1	2	4	1	1	1	3	3	1	45	1	1	6	1	F	F	F	T	F	F	F	F			"Gesundheitswesen und Pflege"	"39"		1	2	2	4	2	1	4	2	5	4	4	4	4	4	4	3	4	5	1	83	1	7	6	3	5	2	4	4	4	"In meinem beruflichen Umfeld gestaltet sich der Umgang mit KI schwierig, weil dieser Beruf größtenteils direkt am Menschen arbeitet. Im privaten Umfeld sehe ich keine Hürden."	"Nein, ich sehe meinen Arbeitsplatz nicht durch technische Neuerungen bedroht."	1	1	4	1	2	3	3	2	2	2	3	2	3	2	2	4	2	3	3	3	2	3	2	2	3	2	25	11	73	74	7	1	70	82	18	17	71	70	7	10	52	64	26	36	64	61	8	72	72	38	1	101	101	27	17	62	62	21	4	72	71	15	1	63	61	24	78	20	17	73	11	90	13	39	74	39	22	52	62	34	22	62	60	51	21	56	69	101	1	1	54	3	12	85	82	55	27	19	1	1	3	2	1	2	2	1	1	1	"2"	"1"	"3"	"4"	"2"	"1"	120	6	6	11	32	5	8	1	11	2	6	2	37	35	39	29	31	2	21	25	2	34	16	40	39	19	42	43	21	37	100	7	4		1	724		2026-05-11 09:47:53		T	F	35	35	0	0	1.96
223			"base"	"interview"	2026-05-11 09:36:59	1	1	1	1	1	2	1	1	1	1	2	2	1	1	1	2	2	2	1	1	4	4	4	2	1	1	4	1	4	1	4	4	5	4	4	3	4	2	2	4	3	2	4	3	1	4	2	4	2	5	3	4	1	2	5	5	4	2	1	5	4	4	2		1		1	1	1	4	3	1	4	2	2	4	1	1	2	3	1	4	1	2	4	1	1	4	1	2	1	4	4	1	40	1	1	7	1	F	F	F	T	F	F	F	F			"Konstrukteur Maschinenbau"	"39"		1	7	1	2	1	1	2	7	6	6	4	5	4	5	4	4	5	2	1	80	7	1	4	3	6	2	5	5	5	"Kompatibilität zwischen Programmen bzw zwischen Mensch/Maschine"	"Nein"	2	2	1	1	1	3	3	2	1	2	1	3	2	1	2	3	2	1	3	1	2	3	2	1	3	2	1	1	93	101	1	24	67	57	1	13	74	85	1	1	101	93	1	19	85	89	1	101	77	101	1	84	101	71	1	78	70	84	1	70	79	89	1	45	61	101	101	52	33	40	32	76	41	47	84	8	6	71	87	12	1	49	101	8	14	82	101	31	25	66	36	8	17	88	101	74	5	1	3	2	3	3	2	2	1	2	2	3	"1"	"4"	"3"	"2"	"1"	"2"	155	72	7	13	26	6	8	2	13	4	21	1	98	116	45	145	57	5	52	77	5	38	30	49	62	859	52	75	70	433	496	11	5		2	1772		2026-05-11 10:28:50		T	F	35	35	0	0	1.07
224			"base"	"interview"	2026-05-11 09:37:59	1	1	1	1	2	1	1	1	1	1	2	1	1	2	1	1	1	1	1	1	4	3	3	1	1	1	4	3	2	3	2	4	4	3	4	3	2	3	4	4	5	1	5	5	3	3	5	5	3	2	4	1	5	4	5	2	4	1	5	1	4	2	2		1	"Interessant!"	1	2	2	4	2	1	4	3	1	2	3	2	1	4	1	5	1	4	2	1	1	4	1	3	1	3	4	1	60	1	1	7	1	F	F	F	T	F	F	F	F			"Luftfahrt"	"40"		2	1	2	1	3	1	1	2	6	6	6	5	5	6	6	5	6	2	1	94	1	7	6	5	2	4	3	3	4	"Die Anwendungsfälle für den sinnvollen Einsatz von KI müssen erst noch deutlicher werden. Bislang ist das Potential von KI bei weitem nicht genutzt, auch weil es den Leuten an Phantasie und Wissen fehlt wie KI am sinnvollsten einzusetzen ist."	"Nein. Im Ingenieurwesen sehe ich die KI eher als Möglichkeit künftig Entscheidungen auf eine breitere Basis zu stellen und sich von der KI einige Entscheidungsgrundlagen aufbereitet zur Verfügung stellen zu lassen."	2	2	3	1	1	5	4	1	1	1	2	3	4	1	2	4	1	1	3	1	1	4	2	1	4	2	1	2	91	95	2	2	81	94	1	1	89	97	3	4	53	79	3	2	67	90	1	80	64	99	3	98	94	93	2	72	36	100	34	17	17	53	2	52	75	97	97	91	3	73	100	77	2	81	98	11	5	77	54	19	1	18	53	81	17	11	53	88	13	21	75	4	4	96	76	37	1	1	3	2	2	2	3	1	2	3	2	3	"1"	"2"	"4"	"3"	"1"	"2"	5	15	14	28	48	21	25	3	27	4	25	5	155	113	114	132	137	6	123	71	9	65	60	99	92	56	104	132	61	120	371	51	24		9	2324		2026-05-11 10:16:43		T	F	35	35	0	0	0.66
225			"base"	"interview"	2026-05-11 09:38:38	1	1	1	3	1	1	2	4	2	2	1	2	1	1	2	4	1	1	2	3	4	2	3	1	2	3	5	3	5	4	3	2	2	2	3	4	1	4	3	4	4	2	4	2	4	3	3	5	2	2	3	2	2	2	5	2	4	2	4	3	3	2	2		1		1	2	1	2	3	1	4	1	2	3	3	1	1	3	1	3	1	3	5	1	1	3	1	3	1	2	2	1	46	1	1	8	1	F	F	F	F	F	T	F	F			"Technologie"	"20"		2	3	1	2	5	4	2	6	6	4	5	3	3	2	4	2	4	2	1	70	1	6	7	5	4	3	2	2	3	"Vertrauen in die Richtigkeit der Ergebnisse und fehlende Nachvollziehbarkeit selbiger. KI wird Ungleichheit nur weiter verstärken."	"Ja, direkt betroffen (Job besteht aus der Abschaffung selbigen). "	2	1	4	2	2	4	2	2	1	2	3	4	3	1	2	2	1	2	1	1	2	3	3	2	4	2	10	27	53	21	9	69	53	15	10	9	71	35	5	13	76	63	10	26	25	26	25	82	67	23	14	27	75	9	6	53	53	63	8	73	32	9	8	84	72	15	51	89	1	6	2	73	7	1	88	20	5	53	81	20	2	70	75	75	8	1	67	68	20	25	60	20	6	64	78	65	28	10	2	1	2	3	1	2	4	1	1	2	"1"	"4"	"3"	"2"	"2"	"1"	34	32	32	24	46	13	9	2	19	2	20	2	121	116	64	67	74	13	60	65	12	69	46	82	86	53	97	120	67	93	233	38	24		3	1838		2026-05-11 10:09:16		T	F	35	35	0	0	0.76
226			"base"	"interview"	2026-05-11 09:38:41	2	2	1	3	1	1	2	2	1	2	1	2	2	2	1	2	2	2	1	2	2	2	3	2	2	3	3	4	2	3	3	2	2	2	2	3	2	2	2	2	4	3	4	3	4	1	4	3	2	2	4	2	3	3	5	2	4	2	5	1	4	2	2		1		1	1	3	2	2	4	4	2	2	2	3	4	1	4	2	2	1	4	3	3	4	3	3	1	4	3	3	1	37	1	1	5	1	F	F	F	T	F	F	F	F			"Pflege"	"20"		2	2	3	2	3	3	4	3	4	3	5	4	5	3	4	5	4	2	1	14	1	7	4	3	6	2	5	3	2	"Hmmm, ich halte nciht allzu viel von KI und denke sie kann leicht manipuliert werden. In meinem persönlichen Umfeld nutze ich sie kaum, im beruflichen gar nicht. Ich versuche alles selber zu machen und wenn etwas nicht gelingt, versuche ich es nochmal. "	"Nein, Ich arbeite in der Pflege und ohne Menschen geht das nicht."	2	1	3	1	2	3	3	2	2	2	3	3	4	2	2	3	2	2	3	2	1	3	2	3	3	2	1	7	72	71	1	4	44	47	1	1	58	56	1	1	73	53	1	1	66	65	11	50	50	61	1	48	91	66	1	58	69	74	1	55	69	84	1	66	75	66	28	66	15	29	1	89	41	9	39	25	33	23	80	28	27	34	19	40	21	41	73	81	1	1	89	4	15	73	86	83	69	6	1	1	2	3	1	1	2	1	1	2	"1"	"4"	"2"	"3"	"1"	"2"	2	7	7	14	16	42	4	3	12	5	7	2	59	41	80	33	35	3	51	24	3	31	19	62	41	25	39	54	33	46	79	8	164		3	901		2026-05-11 09:56:15		T	F	35	35	0	0	1.55
227			"base"	"interview"	2026-05-11 09:42:04	1	1	1	1	1	1	2	1	1	1	3	2	1	1	1	2	1	1	1	1	4	3	4	3	2	2	1	5	1	5	2	3	3	3	3	4	2	3	4	1	5	2	5	4	5	2	5	5	2	1	4	3	3	4	5	2	4	2	5	1	5	5	2		1		1	2	3	3	1	1	4	4	1	1	4	1	1	4	1	4	1	4	1	4	4	4	3	1	4	4	4	1	27	2	2	8	1	F	F	F	T	F	F	F	F			"Forschung (Promotionsstudentin)"	"40"		1	1	3	1	1	3	1	1	6	5	5	5	5	5	5	5	4	2	1	72	5	3	6	2	7	1	4	4	4	"Polarisierte Meinungen zwischen Idealisierung und Dämonisierung, viel Unwissen"	"Nein - ich denke dass wenn wir sie bewusst nutzen, sie durchaus hilfreich ist"	1	1	1	1	1	4	3	2	2	1	1	3	3	2	1	4	2	1	4	2	1	4	1	3	4	2	20	58	60	48	6	7	75	82	8	8	77	78	17	25	75	35	6	6	69	78	10	83	82	26	3	75	77	53	9	62	84	40	8	85	86	46	9	70	68	48	79	21	22	56	6	92	70	8	80	29	14	75	97	5	17	77	45	64	44	44	37	94	1	1	88	2	15	84	84	85	31	1	1	1	2	2	1	1	2	1	1	1	"2"	"3"	"1"	"4"	"1"	"2"	9	42	8	17	23	3	13	2	10	2	9	2	72	49	46	61	64	4	39	40	2	24	17	54	43	27	34	53	28	48	432	34	30		4	1345		2026-05-11 10:04:29		T	F	35	35	0	0	1.34
228			"base"	"interview"	2026-05-11 09:42:53	1	1	1	2	2	1	1	2	1	1	1	1	1	1	1	2	1	1	1	1	5	5	5	1	1	1	2	4	3	3	3	4	4	3	3	5	2	2	2	2	4	1	5	4	3	3	4	4	2	3	4	3	5	4	5	3	4	1	5	1	5	6	2		1		1	1	3	3	2	3	4	3	2	1	3	4	1	4	1	3	1	4	2	3	4	5	3	1	3	4	5	1	31	1	1	6	1	F	F	F	F	F	T	F	F			"Visuelle Kommunikation"	"38"		2	4	5	3	2	5	2	4	5	4	6	5	5	5	6	4	5	2	1	75	5	2	7	1	4	3	6	5	5	"Die größte Hürde ist es die Kontrolle darüber zu bewahren und zu verstehen, in welche Bereiche man sie besser einsetzt und in welchen nicht."	"Ich sehe meinen Arbeitsplatz an sich nicht bedroht, aber die Art und Weise, wie Aufgaben erledigt werden, ändert sich grundlegend. Man muss sich ständig neu sortieren und anpassen."	2	1	3	3	1	4	3	1	1	2	2	3	3	2	2	3	1	1	3	2	1	4	1	2	3	2	25	5	77	81	5	4	76	71	10	4	89	91	19	9	91	86	25	22	69	77	26	69	72	59	17	79	99	33	52	67	70	60	24	63	59	82	19	86	97	53	99	51	24	65	54	79	55	40	82	54	43	66	91	49	16	77	81	62	59	54	64	92	44	32	87	25	16	90	95	52	63	6	1	1	2	2	1	2	2	1	2	1	"3"	"4"	"1"	"2"	"2"	"1"	11	22	23	30	152	15	59	3	59	8	37	2	157	112	85	101	105	7	58	68	3	83	66	121	124	63	89	133	59	91	424	29	25		8	2432		2026-05-11 10:23:25		T	F	35	35	0	0	0.65
229			"base"	"interview"	2026-05-11 09:42:55	3	1	1	3	1	1	3	4	1	2	2	2	1	2	2	2	1	1	2	1	2	1	1	4	4	4	5	2	5	1	5	2	1	1	2	2	4	4	4	2	4	1	2	3	2	1	2	3	2	2	4	3	2	3	5	3	4	3	2	4	2	3	2		1	"Vielen Dank für die Studie, das war definitv einer der wichtigeren und ernsthafteren. Die gegeben Beispiele waren glaubhaft und für mein Empfinden auch aus dem aktuellen Leben gegriffen."	1	1	3	3	2	1	4	3	4	3	4	1	2	4	2	4	1	4	2	3	5	4	4	2	2	3	4	1	38	1	1	6	1	F	F	F	T	F	F	F	F			"Netzwerk/Hosting"	"45"		1	4	3	6	2	1	6	2	3	3	4	3	2	2	4	2	4	2	1	101	2	5	7	1	4	3	6	4	2	"Implementierung und Einsatz in einer ethischen Art und weiße"	"Ja, auf jeden Fall. Als Senior Manger habe ich einige Aufgaben die durch Automatisierung und auch KI erledigt werden könnnen. Ich bin nur der Meinung dass dann die menschliche / Ethische Komponente fehlt."	1	1	3	1	1	4	2	2	1	1	2	3	3	2	1	4	1	1	4	2	2	3	2	1	3	2	67	1	20	20	2	1	63	88	101	26	53	13	76	46	54	52	21	2	22	51	2	79	79	66	1	3	101	68	81	101	101	51	24	76	57	53	18	90	53	72	73	27	26	60	1	101	21	1	22	72	101	22	76	31	49	51	52	71	52	22	101	82	20	19	51	1	1	101	101	101	72	1	3	2	2	2	2	2	3	2	1	2	"4"	"2"	"1"	"3"	"1"	"2"	71	7	7	17	24	14	6	5	9	5	19	3	86	49	71	67	151	5	40	17	4	32	38	45	53	49	55	111	31	86	115	12	41		4	1288		2026-05-11 10:05:24		T	F	35	35	0	0	1.14
230			"base"	"interview"	2026-05-11 09:42:58	2	1	1	2	1	1	2	2	1	2	1	2	1	2	2	1	2	2	1	1	3	3	3	1	1	1	3	4	2	3	2	3	4	3	3	3	3	2	2	3	4	1	5	5	4	3	1	4	1	2	4	4	4	5	5	4	4	4	3	3	4	4	2		1	"Nein"	1	2	5	3	3	1	4	5	3	3	3	4	3	4	3	4	1	4	3	4	4	4	3	3	3	4	4	1	35	1	1	8	1	F	F	F	T	F	F	F	F			"Halbleiter"	"40"		3	1	4	2	2	5	3	2	6	6	6	5	5	5	4	4	5	3	1	101	5	2	7	3	6	1	4	2	4	"KI allein kann noch keine physischen Aufgaben übernehmen. Arbeitsprozesse und Aufgaben müssen mit der steigenden Nutzung von KI angepasst und verändert werden."	"Nein."	1	1	1	1	1	3	4	2	1	1	2	3	3	1	2	4	1	1	3	3	1	4	2	2	3	2	2	1	101	101	1	1	100	54	2	1	101	101	1	1	101	101	1	1	101	101	2	101	101	100	1	52	101	100	1	51	101	101	1	101	101	101	2	54	101	101	100	53	2	53	2	101	1	1	101	2	1	101	101	1	1	101	56	1	1	55	101	101	2	20	69	1	1	101	100	52	2	1	3	2	4	3	2	1	3	2	2	2	"2"	"4"	"1"	"3"	"2"	"1"	4	16	52	77	30	4	6	2	22	2	16	2	97	116	53	59	81	40	102	180	6	61	49	89	69	42	59	106	48	78	184	30	10		4	1763		2026-05-11 10:12:54		T	F	35	35	0	0	0.96
231			"base"	"interview"	2026-05-11 09:44:03	1	1	1	1	2	1	1	2	1	1	2	1	1	1	1	1	1	1	1	1	4	2	3	2	2	2	4	2	4	3	3	3	4	4	3	3	2	3	2	2	3	2	2	2	3	3	2	3	2	3	3	2	3	4	5	2	4	2	2	2	6	6	2		1		1	1	3	4	2	1	5	1	1	2	4	1	1	4	1	4	1	4	2	3	3	4	3	1	1	4	5	1	26	1	1	7	1	F	F	T	F	F	F	F	F		"BWL"				1	2	6	2	2	2	2	1	4	5	5	4	4	5	5	5	5	3	1	76	7	4	2	1	6	3	5	2	3	"KI ist teilweise noch sehr fehlerhaft, weshalb man noch ein großes Augenmekt auf die von der KI präsentierten Lösungen geben muss"	"Nein, noch nicht. Aber teilweise wird im Consulting schon einiges automatisiert"	2	1	1	1	1	4	2	2	1	1	1	2	3	1	1	3	1	1	3	1	1	3	1	1	3	1	34	18	82	76	62	38	74	40	23	23	84	74	17	17	91	74	28	26	77	80	8	89	92	76	41	65	80	59	14	85	86	85	23	88	82	80	10	77	79	74	77	50	62	73	28	77	73	29	89	38	34	83	78	14	25	85	85	43	26	58	86	87	31	10	49	5	23	74	76	77	32	24	1	1	2	3	1	1	1	1	1	1	"2"	"3"	"4"	"1"	"1"	"2"	12	4	8	17	15	7	10	4	14	8	21	2	61	60	70	45	52	6	50	32	7	37	25	82	52	26	129	75	37	56	93	20	12		3	1152		2026-05-11 10:03:15		T	F	35	35	0	0	1.19
232			"base"	"interview"	2026-05-11 09:44:09	1	2	3	2	3	2	1	3	1	1	1	2	2	1	3	4	2	2	1	2	5	2	4	1	1	1	3	1	5	1	5	4	4	4	4	3	3	3	3	2	5	1	5	3	1	4	4	5	4	3	4	2	5	5	5	2	4	1	4	2	6	5	2		1		1	2	3	2	5	1	4	4	3	4	3	2	3	3	4	5	1	5	5	1	5	2	1	1	1	4	3	1	32	2	2	7	1	F	F	F	T	F	F	F	F			"Steuerbereich"	"40"		1	1	1	1	1	1	1	3	2	1	3	5	3	4	5	6	6	1	1	67	1	7	4	2	5	3	6	4	4	"Die Hürden sind darin, dass die Mitarbeiter erst einmal eingearbeitet werden müssen um mit der KI hantieren zu können. Vielen Menschen sind nicht bereit dazu."	"Nein, KI erleichtert einem die Aufgaben, die automatisiert erstellt werden könnten zu bewältigen."	1	1	1	1	1	5	3	1	1	1	2	3	4	1	1	4	2	1	4	3	1	3	1	2	3	2	6	5	94	97	4	4	98	98	5	5	96	96	5	4	98	94	6	4	3	97	5	92	93	76	3	4	99	4	9	97	96	97	6	96	96	4	4	98	98	4	95	8	6	95	99	2	3	98	99	12	11	95	95	4	4	94	97	4	4	96	94	96	4	6	97	5	6	99	51	97	4	4	2	3	4	4	2	1	4	1	1	1	"2"	"4"	"1"	"3"	"1"	"2"	8	13	5	34	21	9	10	3	12	2	429	3	243	646	1542	518	781	1042	109	102	361	48	37	105	106	77	164	127	253	87	119	10	8		5	1796		2026-05-11 11:41:28		T	F	35	35	0	0	0.75
233			"base"	"interview"	2026-05-11 09:45:31	1	1	1	1	2	1	3	2	1	1	3	2	1	1	1	2	1	1	1	1	5	4	4	4	5	3	3	5	1	4	3	3	4	3	2	4	2	3	5	3	4	2	5	3	5	4	3	3	5	5	5	2	2	1	5	4	3	2	4	2	5	6	2		1		1	2	1	4	5	1	4	2	4	3	5	2	3	3	1	5	1	4	4	1	2	4	1	2	4	4	4	1	30	1	1	7	1	F	F	F	T	F	F	F	F			"Beratung"	"39"		2	6	5	6	4	5	2	6	5	5	5	6	4	6	5	4	5	3	1	79	1	4	7	3	5	2	6	4	5	"Enorme Geschwindigkeit der Veränderungen - es fällt selbst bei aktivem Interesse schwer von Woche zu Woche den Überblick zu behalten. Zudem scheint aktuell unklar, wie lange neue Produkte/Software im Bereich KI genutzt werden kann, bevor sie bereits wieder obsolet wird oder das Pricing-Modell für den Anbieter nicht mehr funktioniert."	"Ich sehe meinen Arbeitsplatz nicht bedroht, aber er hat und wird sich in den nächsten Jahren durch KI fundamental verändern."	2	1	3	1	3	4	3	3	1	1	2	2	3	1	2	4	2	2	2	3	1	3	1	2	3	1	10	1	81	84	4	9	86	89	8	13	86	86	1	9	86	86	1	20	68	67	1	73	72	52	1	101	101	70	3	101	101	69	1	91	86	58	12	89	86	64	101	22	10	77	1	101	63	1	101	28	8	76	101	22	35	86	69	66	16	50	101	87	37	51	68	1	31	101	81	91	52	1	1	1	2	2	1	1	3	1	1	2	"1"	"2"	"3"	"4"	"2"	"1"	30	35	5	15	22	18	18	2	11	2	13	2	66	47	40	36	40	6	31	39	5	35	24	54	69	31	50	77	38	60	203	7	5		4	1140		2026-05-11 10:04:31		T	F	35	35	0	0	1.26
234			"base"	"interview"	2026-05-11 09:48:06	4	2	1	2	2	4	1	3	2	3	2	4	4	3	2	2	1	3	4	2	3	4	1	3	2	5	3	3	2	4	2	3	2	5	3	4	2	3	4	3	2	3	1	4	3	2	5	4	3	2	4	3	2	5	5	2	4	3	2	4	5	4	2		2	"-"	1	2	4	3	2	5	3	2	4	3	1	3	5	2	3	4	1	2	1	4	5	3	5	4	2	3	4	1	26	1	1	4	1	F	F	F	T	F	F	F	F			"Industriekaufmann"	"40"		7	3	6	4	3	3	6	5	5	4	2	3	4	3	5	4	3	5	1	78	7	5	2	1	3	4	6	3	4	"Nein ich komme persönlich gut mit KI in meinem beruflichen Umfeld zurecht."	"die Aufgaben welche sich leicht erledigen lassen sind durch die KI bedroht."	2	4	2	5	3	4	2	3	1	3	2	4	3	2	3	2	2	3	2	3	1	4	3	2	2	3	17	53	36	71	35	52	76	54	71	48	68	56	59	38	61	44	40	60	73	52	71	62	36	53	27	59	87	51	88	55	57	43	46	51	73	45	35	66	66	52	40	80	65	52	62	74	40	79	67	53	67	44	53	48	48	68	59	38	73	58	32	75	54	49	37	66	75	47	39	73	47	69	4	2	3	1	2	3	2	4	3	2	"4"	"1"	"2"	"3"	"1"	"2"	65	6	7	15	12	2	124	2	58	2	4009	2	17	8	6	9	8	3	6	7	1	8	12	14	17	10	25	79	13	18	80	6	7		5	503		2026-05-11 11:05:49		T	F	35	35	0	0	2.14
235			"base"	"interview"	2026-05-11 09:51:04	3	3	3	1	2	3	1	1	2	3	3	2	1	1	1	2	3	3	1	1	5	5	5	1	1	1	5	3	3	4	2	3	3	3	3	2	4	3	3	3	3	4	5	4	5	3	4	4	3	1	3	5	4	3	5	2	4	3	3	2	4	3	2		1	"Alles bestens."	1	2	3	5	5	2	3	2	4	4	2	3	2	3	4	2	1	2	3	1	4	3	1	1	3	2	2	1	53	1	1	6	1	F	F	F	T	F	F	F	F			"Gesundheitswesen"	"40"		3	2	1	2	1	1	3	1	4	5	4	4	3	4	4	3	4	5	1	83	1	6	7	5	3	4	2	5	5	"Keine. Bin technikaffin, offen und habe eine schnelle Auffassungsgabe."	"Nein"	1	1	1	3	2	5	2	3	3	1	3	2	4	3	3	2	3	2	3	3	3	3	3	3	3	3	3	2	97	99	1	1	72	99	2	1	101	100	3	1	101	98	1	2	73	99	2	59	59	80	4	4	3	79	1	62	61	84	3	66	86	86	2	3	100	75	99	3	3	76	14	5	2	51	100	1	3	99	100	3	2	98	99	4	1	67	99	99	22	3	80	1	1	101	100	79	22	2	2	1	2	3	2	1	3	1	1	1	"2"	"1"	"4"	"3"	"2"	"1"	9	11	13	14	22	6	7	2	15	1	7	3	60	50	101	33	32	4	27	30	5	36	30	68	59	36	110	77	38	58	71	8	11		6	1060		2026-05-11 10:08:44		T	F	35	35	0	0	1.37
236			"base"	"interview"	2026-05-11 09:52:31	1	1	1	3	1	3	3	4	1	2	2	3	1	1	1	1	2	3	1	1	5	5	5	3	2	2	4	3	4	2	4	2	4	3	3	4	3	5	4	2	5	3	4	3	2	3	2	4	4	3	4	5	4	2	5	2	5	4	2	5	4	4	2		1		1	2	2	4	4	1	5	4	4	5	1	3	2	3	4	4	1	4	4	4	4	4	3	2	1	4	4	1	28	2	2	7	1	F	F	T	F	F	F	F	F		"Biotechnologie"				1	1	3	1	1	4	1	1	5	4	6	4	4	6	4	5	5	2	1	99	1	6	7	4	5	3	2	3	4	"Dass viele Menschen der KI einfach vertrauen und dann nicht mehr selbst denken. "	"Nein"	2	1	1	1	3	4	4	2	2	2	1	3	3	2	4	4	3	3	4	4	2	4	3	2	3	4	10	2	101	100	1	2	34	75	1	1	101	101	1	1	101	101	3	2	64	100	1	101	101	1	2	101	101	1	1	101	101	24	2	101	101	1	1	100	100	4	85	9	37	70	1	100	101	25	101	1	34	72	101	3	28	85	65	30	1	57	100	100	1	1	101	1	2	101	101	100	101	1	3	1	4	3	2	2	2	3	2	1	"4"	"2"	"1"	"3"	"1"	"2"	16	69	15	30	38	32	10	3	12	3	20	2	112	131	79	84	62	6	192	46	4	51	52	88	84	44	88	104	57	93	166	39	17		7	1856		2026-05-11 10:23:27		T	F	35	35	0	0	0.78
237			"base"	"interview"	2026-05-11 09:52:59	1	1	1	1	2	1	1	4	1	1	3	3	2	2	1	3	1	1	1	1	5	5	5	1	1	2	5	3	2	2	4	5	5	5	4	4	2	2	4	3	4	2	4	2	2	2	3	4	4	4	4	3	2	2	5	3	3	2	2	5	6	5	2		1		1	2	2	3	3	3	4	4	2	2	3	2	2	2	2	4	1	4	3	2	2	3	2	2	4	4	4	1	42	1	1	9	1	F	F	F	F	F	T	F	F			"Rechtsdienstleistungen (Patentrecht)"	"40"		2	3	5	7	5	5	7	5	5	4	4	4	4	5	5	2	5	4	1	92	6	4	7	1	2	3	5	4	4	"Im Patentwesen sehe ich vor allem Hürden bei Verlässlichkeit, Nachvollziehbarkeit und Vertraulichkeit von KI-Systemen. Beruflich ist wichtig, dass Ergebnisse rechtlich und technisch genau formuliert und geprüft werden müssen, weil Fehler z. B. bei Recherche, Anspruchsformulierung oder Fristen erhebliche Folgen haben können. Persönlich und im Arbeitsumfeld kommt noch hinzu, dass man erst Vertrauen in die Systeme aufbauen und den sicheren, sinnvollen Umgang mit ihnen lernen muss."	"Nein, ich sehe meinen Arbeitsplatz nicht unmittelbar bedroht, sondern eher verändert. Gerade im Patentwesen kann KI bei Recherchen oder ersten Entwürfen unterstützen, aber rechtliche Bewertung, strategisches und technisches Denken, sowie Verantwortung bleiben weiterhin menschliche Aufgaben."	2	1	2	2	2	2	2	1	1	1	2	3	2	1	2	2	2	2	2	1	1	2	2	2	2	1	2	1	91	91	1	2	82	82	2	1	89	89	3	2	80	81	19	37	73	73	3	93	54	68	1	88	88	53	1	87	55	72	2	89	53	70	3	87	55	64	88	7	7	75	65	51	10	50	90	10	1	80	101	2	2	89	58	58	9	47	51	101	75	23	73	21	10	86	86	51	25	1	2	1	3	3	2	2	2	2	1	2	"3"	"4"	"1"	"2"	"1"	"2"	8	20	21	14	47	22	33	3	38	1	19	1	93	59	49	67	69	7	66	40	8	47	37	65	60	39	73	86	45	56	392	18	9		1	1613		2026-05-11 10:19:53		T	F	35	35	0	0	1.04
238			"base"	"interview"	2026-05-11 09:55:29	2	1	2	2	4	2	3	2	2	1	1	2	2	2	1	2	1	2	3	2	4	4	4	1	1	1	4	3	3	2	4	3	4	4	4	5	2	1	3	2	3	3	5	4	4	4	3	4	3	5	3	4	4	2	5	5	4	3	4	3	5	5	2		1		1	2	2	4	3	1	3	4	4	4	2	3	3	2	3	4	1	3	2	1	3	2	1	1	2	3	4	1	35	1	1	7	1	F	F	F	T	F	F	F	F			"Handel - Controlling"	"38,5"		3	3	5	6	7	7	6	4	5	5	4	3	3	4	4	3	4	2	1	71	1	6	7	4	2	3	5	4	4	"Potentielle Gefahr eins Aufgabenverlustes bzw Wechsels
Mein Beruf wird aber nicht ersetzt, er ändert sich nur"	"Nein, man muss aber lernen neue technologien zu verstehen und zu nutzen "	2	3	4	2	2	4	3	2	2	1	2	3	2	2	4	3	3	2	3	2	3	4	3	2	2	1	24	23	73	76	32	34	69	65	28	29	81	83	14	24	83	75	22	68	73	73	23	79	82	67	27	75	71	60	17	74	82	75	78	81	75	56	24	77	73	67	84	54	10	80	67	44	34	64	85	23	27	84	80	41	27	73	69	32	7	59	75	67	39	13	44	5	35	82	74	56	19	14	2	1	3	3	1	1	3	1	2	2	"2"	"3"	"1"	"4"	"2"	"1"	4	16	7	11	33	8	6	2	9	2	10	2	52	45	35	41	41	4	20	48	3	34	28	53	51	27	49	71	34	48	102	8	5		2	911		2026-05-11 10:10:40		T	F	35	35	0	0	1.54
239			"base"	"interview"	2026-05-11 09:57:03	2	1	1	2	2	1	2	2	1	2	3	3	1	2	1	3	1	1	2	2	4	4	4	2	2	2	3	4	2	3	4	4	4	4	4	3	3	2	5	3	4	3	5	4	4	2	4	5	5	4	3	3	3	1	5	2	3	3	5	2	5	5	2		1		1	2	3	4	2	1	4	3	3	3	4	2	1	4	2	4	1	4	2	4	4	4	3	1	1	4	4	1	26	1	1	8	1	F	F	F	F	F	T	F	F			"Sportwissenschaften"	"35"		2	5	2	2	2	4	4	2	5	5	5	4	4	4	4	4	5	3	1	64	1	5	7	4	6	3	2	3	3	"Gute Fortbildungsmaßnahmen, die die Nutzung als zusätzliches Too in den Fokus rücken. Mehr wie kann man KI im Bereich umsetzen, anstatt zu polarisieren, es ist weder ein Wundermittel noch Teufelszeug."	"Er wird sich auf jeden Fall verändern."	1	1	3	2	3	4	2	3	1	2	2	2	3	2	2	2	1	3	2	2	2	2	2	2	3	3	27	23	68	67	2	8	86	82	1	8	82	77	14	12	73	70	14	12	67	64	14	64	79	36	12	91	94	28	4	69	68	32	5	82	82	34	14	78	84	36	86	22	14	61	33	67	34	23	82	44	43	60	83	12	12	78	72	66	41	50	94	94	36	34	76	4	40	74	90	90	75	11	1	1	2	2	1	1	2	1	2	1	"4"	"3"	"2"	"1"	"1"	"2"	6	4	7	15	29	12	7	2	11	2	18	2	89	57	65	54	67	8	89	49	5	38	41	59	77	35	70	82	47	68	150	28	12		17	1322		2026-05-11 10:19:05		T	F	35	35	0	0	1.11
240			"base"	"interview"	2026-05-11 09:59:07	1	1	1	2	1	1	1	3	1	2	3	2	2	2	1	3	1	1	1	2	2	2	2	4	3	4	4	3	3	3	3	2	2	2	2	4	2	3	4	2	4	2	3	3	3	3	3	3	4	3	4	3	3	3	5	3	4	3	4	2	4	4	2		1	"Alles hat gut funktioniert und war verständlich."	1	2	2	1	1	1	3	3	2	3	3	1	1	1	2	3	1	3	3	1	2	3	2	1	1	3	3	1	28	1	1	6	1	F	F	F	T	F	F	F	F			"Customer Support"	"40"		1	1	1	1	1	1	3	2	4	4	4	4	4	3	4	4	4	3	1	68	3	7	6	5	2	4	1	3	3	"Generell ist Datenschutz ein großes Problem. Man weiß nicht wirklich was mit all den Daten passiert, die man mit der KI teilt und ob es irgendwann einen Nachteil für einen selbst geben wird. Außerdem sind viele KI Anwendungen noch sehr fehlerhaft und schlecht und sie erschweren einem den Alltag anstatt ihn besser zu machen."	"Ja, gerade im Customer Support werden bereits viele Jobs durch Bots ersetzt obwohl sie nicht wirklich effizient sind. SObald diese Anwendungen besser werden wird es noch mehr Arbeitsplätze kosten."	1	1	1	1	1	4	2	2	1	1	1	2	2	2	2	3	1	1	3	2	1	3	2	1	3	2	35	8	68	67	11	9	71	73	26	12	53	51	41	9	39	38	7	7	45	45	13	51	68	31	7	46	81	51	10	12	30	29	8	9	10	23	7	15	27	35	75	24	14	61	49	69	10	28	51	28	8	40	60	11	11	44	48	39	8	32	69	78	28	17	61	16	10	74	73	53	9	2	1	1	3	2	1	1	2	1	1	1	"1"	"2"	"4"	"3"	"2"	"1"	6	27	46	17	40	14	24	3	18	2	24	2	86	99	77	69	82	6	51	49	6	30	28	68	57	32	56	96	30	61	222	18	27		5	1478		2026-05-11 10:23:46		T	F	35	35	0	0	0.94
241			"base"	"interview"	2026-05-11 10:00:40	2	1	1	3	2	1	1	2	1	1	1	4	1	1	1	2	1	1	1	1	4	3	4	5	4	2	2	4	5	5	4	4	3	4	5	2	2	4	1	1	5	2	5	5	4	2	1	4	2	1	4	1	5	5	5	3	4	2	5	2	7	7	2		1	"nein"	1	2	5	2	4	4	4	5	4	5	4	4	4	5	4	4	1	4	2	4	4	4	5	4	4	4	5	1	49	1	1	8	1	F	F	F	T	F	F	F	F			"Versicherung"	"42"		8	6	7	8	4	7	8	2	5	5	6	4	5	5	6	5	4	5	1	101	7	1	2	3	4	6	5	5	4	"mangelnde Akzeptanz, hohe Fehlerquote"	"nein"	2	4	4	4	3	4	3	2	1	1	1	3	4	2	1	3	2	3	3	3	1	3	1	2	3	3	1	1	85	101	1	1	101	101	2	1	74	75	1	1	101	79	75	67	76	59	1	101	53	83	1	101	101	67	1	50	101	76	1	100	72	75	1	96	84	64	101	1	53	101	101	78	54	67	66	53	1	57	101	1	1	101	25	94	54	19	76	24	85	10	89	2	22	101	81	92	1	1	2	1	3	2	1	2	3	3	3	2	"1"	"3"	"2"	"4"	"1"	"2"	19	24	11	26	23	31	13	3	24	3	21	3	81	106	100	85	121	4	69	194	7	75	62	93	73	20	50	95	19	70	119	8	88		13	1676		2026-05-11 10:29:53		T	F	35	35	0	0	0.89
242			"base"	"interview"	2026-05-11 10:00:56	3	1	2	3	3	3	3	3	2	2	2	3	1	2	1	4	2	2	2	2	4	4	4	2	2	2	5	2	4	2	3	3	3	3	3	2	4	3	5	3	5	4	3	3	3	4	2	3	4	4	5	5	3	1	5	4	3	5	2	5	5	5	2		1	"Vielen Dank! "	1	2	1	4	3	1	3	3	3	4	3	1	4	4	3	3	1	4	3	2	2	3	2	4	2	3	5	1	48	2	2	8	1	F	F	F	T	F	F	F	F			"Sales & Marketing im Tourismus"	"40"		2	2	1	1	7	1	1	4	4	4	4	5	4	4	3	3	4	5	1	95	4	7	6	5	2	3	1	1	4	"Derzeit sehe ich keine Hürden, ich benutze bereits KI im beruflichen Umfeld, und dadurch wird mir meine Arbeit erleichtert. 
Allerdings bin ich dem ganzen nach wie vor skeptisch gegenüber, in den falschen Händen ist die KI meines erachtens eine tickende Zeitbombe. "	"Nein, ich benutze KI und meine Arbeit wird durch die Automatisierung leichter, aber ersetzen kann mich die AI dann doch nicht! Dazu mache ich zu viele unterschiedliche Aktivitäten. Ich verstehe allerdings dass viele Leute sich bedroht fühlen können. "	1	1	1	1	1	4	2	3	2	1	3	2	2	2	4	2	3	4	2	4	3	3	4	2	2	3	37	19	51	57	67	49	50	43	18	16	76	77	77	60	42	54	23	20	61	61	12	79	80	45	33	75	74	40	11	85	82	27	75	59	60	33	22	69	75	59	87	62	64	70	27	65	53	36	80	38	28	47	58	69	43	52	72	65	49	49	85	84	44	52	75	27	26	72	61	72	39	8	3	3	4	3	3	2	2	3	2	3	"1"	"3"	"2"	"4"	"1"	"2"	30	28	17	40	45	36	17	3	14	4	21	4	143	102	94	98	82	14	75	55	12	55	41	102	172	51	103	126	51	72	271	30	32		24	2043		2026-05-11 10:35:21		T	F	35	35	0	0	0.63
243			"base"	"interview"	2026-05-11 10:04:12	2	1	3	4	4	4	4	3	4	4	4	3	2	2	1	4	2	3	3	4	4	4	4	1	1	1	5	2	5	1	4	5	5	5	5	5	1	2	4	4	2	4	5	5	2	4	5	5	4	5	5	5	5	3	5	5	5	2	5	3	5	4	2		1	"Ich finde die Studie sinvoll und gut verständlich."	1	2	5	5	3	4	2	4	4	4	3	2	2	1	5	5	1	4	5	5	5	2	5	1	1	4	2	1	21	1	1	6	1	T	F	F	F	F	F	F	F						7	9	7	9	9	7	9	9	2	5	6	6	6	5	2	3	6	5	1	1	1	7	6	3	4	5	2	5	5	"Ich denke viele meiner Kollegen sind mit Technik so unvertraut, dass es einfach zu umständlich ist mit solchen neuerungen zu arbeiten. Der Aufwand ist viel höher, als bei Leuten mit Erfahrung oder wenn Sie jünger sind."	"Auf keinen Fall. Ich würde es schätzen wenn Sie mir die Arbeit leichter machen würde."	2	4	5	3	2	5	2	1	1	3	2	1	4	3	4	2	3	3	2	4	3	2	4	4	3	4	14	5	101	101	10	70	97	101	1	3	101	101	1	8	88	91	57	19	85	101	37	93	75	101	12	101	101	100	8	101	101	101	1	101	101	101	2	101	101	100	101	7	1	101	65	48	2	77	101	53	20	62	101	1	14	85	84	15	24	88	100	100	2	1	101	2	1	101	81	101	32	1	1	1	4	4	1	3	3	1	1	1	"1"	"4"	"3"	"2"	"1"	"2"	3	16	13	19	11	14	8	5	19	2	23	1	96	161	46	59	48	7	36	34	13	73	31	174	75	44	76	85	44	58	132	17	27		5	1475		2026-05-11 10:28:47		T	F	35	35	0	0	1.07
244			"base"	"interview"	2026-05-11 10:08:04	2	2	2	3	3	2	3	3	3	3	2	2	2	2	1	3	3	2	1	1	4	4	4	2	1	1	3	4	2	4	3	3	3	4	4	4	2	2	1	3	4	3	5	5	4	2	3	4	1	2	5	4	5	4	5	3	4	3	4	2	5	5	2		1	"Danke, war spannend und ist ein relevantes Thema :)"	1	2	4	4	3	3	4	3	3	3	4	2	4	4	3	5	1	4	3	4	4	4	4	3	2	4	4	1	31	2	2	8	1	F	F	F	T	F	F	F	F			"Redaktion"	"40"		2	2	5	1	2	1	1	1	4	4	4	5	5	5	5	5	5	2	1	82	1	5	7	4	3	2	6	4	4	"Unwissenheit. Dass Menschen KI blind vertrauen. Und, dass andere die Technologie pauschal ablehnen, weil sie davor Angst haben oder schlechtes darüber gehört haben. "	"Absolut nicht! Ich sehe KI als Werkzeug, das mir bestimmte Aufgaben abnehmen und somit Zeit für wichtigere Aufgaben freischaufeln wird."	2	2	3	2	3	4	3	2	2	2	1	2	2	3	3	2	1	2	2	1	2	3	2	2	2	3	7	10	87	92	7	7	65	67	2	6	85	90	3	5	85	92	21	36	60	65	2	95	95	67	1	100	101	94	6	72	95	78	3	94	95	82	26	84	91	80	86	16	12	85	46	83	32	44	95	13	6	85	92	5	3	95	63	47	40	39	44	93	47	45	97	9	9	93	88	56	7	1	2	2	3	3	2	2	4	2	2	1	"4"	"3"	"1"	"2"	"1"	"2"	15	77	15	20	33	17	52	4	20	3	18	2	124	67	76	65	80	7	63	41	6	33	37	71	58	30	80	85	41	57	137	15	23		6	1478		2026-05-11 10:32:42		T	F	35	35	0	0	0.87
245			"base"	"interview"	2026-05-11 10:08:41	2	1	1	2	2	1	2	1	1	1	2	2	2	1	1	2	1	1	1	3	5	5	5	1	1	1	5	2	4	3	4	3	3	4	4	2	4	4	4	1	5	1	5	5	3	1	4	4	3	5	5	2	3	3	5	2	5	1	2	5	7	6	2		1	"Die erste Wahr/Falsch Frage hab ich als solche aufgefasst, dass ein Mehrwert von Automatisierung auch das Wegrationalisieren von leichten Tätigkeiten ist, welches von Produktionsmitarbeitern übernommen wird"	2	2	3	1	1	1	5	3	1	1	4	2	1	5	1	4	1	5	1	3	5	4	3	1	4	5	5	1	29	1	1	8	1	F	F	F	T	F	F	F	F			"Verarbeitendes Gewerbe in der Elektrotechnik"	"50"		7	8	6	2	6	5	5	9	6	5	5	4	3	6	5	5	5	2	1	75	4	2	3	1	5	6	7	4	5	"Verlässlichkeit der Daten und Datschutz "	"Aktuell weniger, da die KI noch nicht tief genug geht, jedoch unterstützt sie bereits in einen Aufgaben"	1	1	5	5	4	4	3	2	1	1	2	2	4	1	2	4	2	2	4	1	1	4	1	4	4	1	30	2	100	101	2	92	54	31	9	2	101	101	1	3	101	101	66	39	12	14	72	96	37	63	72	100	89	8	1	101	99	91	6	76	75	88	42	70	70	55	89	81	82	33	1	101	101	2	101	1	3	91	101	17	1	86	76	38	38	68	77	87	19	86	79	43	26	86	70	11	2	6	1	1	4	3	1	2	1	1	1	1	"3"	"1"	"2"	"4"	"2"	"1"	7	68	7	30	53	9	38	7	484	3	22	2	92	61	48	39	49	4	58	55	2	43	32	68	61	44	59	553	50	66	105	18	59		2	1364		2026-05-11 10:46:59		T	F	35	35	0	0	1
246			"base"	"interview"	2026-05-11 10:10:15	2	2	1	2	2	1	2	2	1	1	3	2	1	1	1	2	1	1	1	2	5	3	4	1	1	1	4	3	4	2	3	4	4	4	4	5	1	1	3	2	4	2	5	5	4	3	3	5	4	2	5	2	5	3	5	2	4	3	4	1	7	7	2		1	"Danke für die Studie. Das hat Spaß gemacht. Viel Erfolg! :) "	1	2	4	2	1	3	4	5	2	2	4	5	1	4	1	5	1	5	1	4	5	5	1	1	2	4	5	1	39	1	1	7	1	F	F	F	T	F	F	F	F			"Software-Entwicklung im B2B"	"40"		2	2	6	2	1	6	4	2	4	4	5	5	6	5	6	4	5	2	1	81	1	7	6	4	5	3	2	1	4	"Das Change-Management. Viele Personen sehen KI als magische Black-Box ohne zu verstehen wie sie funktioniert (im speziellen LLMs) - bewusster Umgang mit KI kann sehr hilfreich sein trotz aller negativen Aspekte. Viele sind durch dieses fehlende Wissen enttäuscht oder genervt von KI. "	"Nein. "	2	1	2	2	3	4	3	2	1	1	2	2	3	2	1	3	1	2	3	1	1	3	2	1	2	2	12	13	82	96	17	18	55	62	26	24	80	97	24	17	90	91	19	72	32	44	15	86	86	61	17	92	100	61	14	74	89	53	17	86	86	73	17	72	73	57	81	45	12	77	47	67	59	29	82	38	25	76	89	18	14	87	27	74	40	26	78	87	30	24	78	30	34	74	79	87	45	12	2	1	3	2	1	1	2	1	2	2	"3"	"4"	"2"	"1"	"2"	"1"	4	14	10	19	34	29	16	1	10	1	12	1	90	40	68	42	45	5	34	48	5	41	28	52	50	27	52	63	30	45	102	24	14		2	1058		2026-05-11 10:27:53		T	F	35	35	0	0	1.33
247			"base"	"interview"	2026-05-11 10:11:25	1	1	1	1	1	1	2	1	1	1	1	1	1	1	1	1	1	1	1	1	5	5	5	1	1	1	4	3	4	2	5	5	5	4	4	4	2	2	4	5	5	2	3	2	2	5	3	4	4	4	1	5	5	2	5	5	4	3	5	1	6	6	2		1	"nein"	1	2	2	3	1	3	4	5	1	3	5	5	2	4	1	5	1	5	3	4	3	5	5	5	4	4	5	1	39	2	2	7	1	F	F	F	T	F	F	F	F			"Regierung"	"39"		4	8	5	1	4	6	5	8	6	6	5	4	5	6	6	6	6	2	1	101	1	5	7	3	4	2	6	5	5	"In  meinem beruflichen Umfeld ist Datenschutz ein bzw. DER wichtigste Punkt. Die Frage ist, ob man KI diesbezüglich zu 100% (oder eben annähernd) vertrauen kann. Schwierig."	"Nein."	3	5	5	2	5	1	3	4	1	1	2	2	2	1	3	4	1	1	4	3	2	4	2	3	3	2	81	1	101	101	1	1	101	101	1	1	101	101	1	1	101	101	79	2	101	101	1	101	51	51	1	101	51	51	1	101	50	50	1	101	51	51	1	101	52	52	101	8	1	94	101	7	1	94	101	7	3	97	101	7	1	96	101	7	1	96	52	101	84	100	52	86	1	101	101	101	68	1	3	3	4	4	3	3	4	2	4	3	"4"	"3"	"2"	"1"	"1"	"2"	407	12	12	22	28	200	11	2	10	2	19	3	188	88	161	92	152	15	80	81	10	87	67	130	117	85	81	207	111	108	226	46	22		6	2305		2026-05-11 10:59:33		T	F	35	35	0	0	0.66
248			"base"	"interview"	2026-05-11 10:12:01	2	3	2	1	2	2	3	2	1	2	2	2	2	2	1	2	1	2	1	4	4	4	5	2	2	2	5	3	4	2	4	4	4	4	4	4	2	2	4	2	4	4	5	4	3	4	2	4	4	3	3	2	5	3	5	3	3	3	4	2	5	5	2		1		1	1	1	5	5	2	3	3	4	3	3	2	4	3	4	4	1	4	5	2	3	4	1	2	1	3	3	1	40	1	1	7	1	F	F	F	T	F	F	F	F			"Customer Service im E-Commerce"	"40"		6	3	7	5	2	5	5	2	4	6	5	3	4	5	2	2	4	3	1	101	1	5	7	2	6	4	3	4	4	"Der Fortschritt schreitet so schnell vorran, es fällt mir persönlich schwer damit schritt zu halten. Sämtliche Excel-Skills, die ich mir in den letzten Jahren angeeignet habe, sind absehbar völlig obsolet geworden.
Es fällt mir schwer einen souveränen Umgang mit KI-Automatisierungen zu finden."	"Mittelfristig nein, langfristig... vielleicht. Sofern ich keinen souveränen Umgang mit den neuen Technologien finde, auf jeden Fall."	2	2	3	2	2	3	3	3	2	2	3	2	2	3	3	3	2	3	3	3	2	3	3	2	2	3	18	18	86	38	31	69	33	38	29	30	76	60	79	35	63	44	68	34	89	20	68	57	26	51	19	77	70	24	29	64	56	47	71	54	58	29	24	68	66	44	87	51	26	81	6	73	54	12	73	51	24	73	73	49	37	48	66	36	67	66	76	74	44	38	59	16	29	76	74	69	51	3	2	1	3	3	2	1	2	2	2	2	"3"	"2"	"1"	"4"	"1"	"2"	10	47	10	17	35	12	6	2	20	9	15	2	134	55	94	90	45	9	41	31	7	53	37	52	57	44	62	94	45	46	308	25	117		13	1538		2026-05-11 10:39:25		T	F	35	35	0	0	0.94
250			"base"	"interview"	2026-05-11 10:12:49	1	1	1	1	1	1	1	3	1	1	1	2	1	1	1	1	1	1	1	1	4	4	4	1	1	1	4	3	4	3	5	3	4	4	4	3	3	2	4	3	5	2	4	3	3	1	4	3	3	4	4	1	1	4	5	3	4	2	3	4	5	4	2		2	"Keine "	1	2	3	2	3	2	4	2	1	1	4	2	1	4	1	5	1	4	3	3	3	4	3	1	1	4	4	1	52	1	1	9	1	F	F	F	T	F	F	F	F			"Medizin "	"39"		1	3	1	1	1	1	2	1	5	5	5	5	4	6	5	5	5	1	1	92	1	5	6	3	4	2	7	3	4	"Es gibt keine Hürden für den erfolgreichen Umgang mit Neuerungen bei mir "	"Nein "	1	1	1	1	1	4	2	2	1	1	1	3	3	1	1	3	1	1	3	1	1	3	1	1	3	1	23	19	69	66	23	14	70	75	11	6	64	77	10	7	77	81	13	10	65	66	12	53	61	52	10	92	89	83	3	96	88	84	9	92	88	82	8	89	84	64	96	11	1	52	33	67	11	24	94	12	1	56	87	12	3	69	55	42	11	50	96	84	50	62	94	37	49	82	83	96	79	1	2	1	2	2	2	2	2	2	2	2	"1"	"3"	"4"	"2"	"2"	"1"	18	34	149	37	48	18	18	5	12	3	17	3	110	217	68	70	132	20	72	141	6	57	59	101	60	49	59	121	48	73	153	27	18		6	1890		2026-05-11 10:46:38		T	F	35	35	0	0	0.7
251			"base"	"interview"	2026-05-11 10:13:46	1	1	1	2	2	1	2	1	1	2	3	2	1	1	1	2	1	1	2	2	4	3	4	1	1	2	5	3	4	2	4	4	3	4	4	2	4	3	5	3	4	2	3	1	2	4	3	3	5	1	2	3	2	1	5	2	4	3	2	4	4	3	2		1		1	1	1	4	4	1	5	3	4	4	2	1	2	5	3	4	1	3	5	1	3	4	1	2	1	5	2	1	22	1	1	6	1	F	F	F	T	F	F	F	F			"Industrie"	"40"		2	6	7	5	6	4	7	2	4	5	2	4	3	4	4	3	5	3	1	91	7	3	4	1	5	2	6	5	5	"Verfasen von Mails, zusammenfassen von Texten. Gestallten von Folien"	"Nicht wirkich, Arbeit wird nur erleichtert"	4	1	3	4	5	2	2	3	1	2	4	2	3	1	3	3	1	2	2	3	1	3	2	2	3	1	12	7	86	98	2	9	86	89	24	6	53	57	8	9	48	64	5	71	62	36	9	72	82	34	1	82	89	54	10	61	56	58	10	86	93	74	22	59	71	33	13	26	3	69	72	20	1	71	59	53	10	41	75	1	1	53	71	6	54	33	79	85	2	20	86	7	50	86	91	66	6	1	2	1	3	3	2	2	3	1	1	2	"1"	"4"	"2"	"3"	"1"	"2"	2	4	5	10	13	3	14	2	9	3	13	2	59	61	77	44	72	5	33	37	2	27	25	53	46	23	50	62	58	54	97	20	4		2	991		2026-05-11 10:30:17		T	F	35	35	0	0	1.58
252			"base"	"interview"	2026-05-11 10:13:54	2	1	2	2	2	2	2	2	1	2	2	2	2	2	1	2	1	1	1	1	4	3	4	2	1	1	3	3	2	2	2	3	4	3	3	3	3	4	2	2	4	3	5	5	3	2	3	3	2	3	4	4	3	4	5	2	4	2	3	3	4	3	2		1		1	2	4	3	2	3	5	3	2	3	4	3	2	4	2	4	1	4	4	4	5	3	4	1	2	3	4	1	27	2	2	8	1	F	F	F	T	F	F	F	F			"Universität"	"40"		3	4	3	1	2	3	2	2	5	5	5	4	3	5	4	5	5	3	1	97	1	7	6	5	4	3	2	5	4	"Akzeptanz und effiziente Einbindung in den Arbeitsalltag, KI Zeit geben, um zuverlässig zu werden"	"bedroht nicht, aber es wird zunehmend schwieriger, Leistungen anderer ordentlich zu bewerten, da sie oft nicht mehr unterscheidbar sind von KI-getaner Arbeit"	2	1	2	2	3	2	2	1	1	2	1	2	2	2	3	3	1	2	3	2	1	3	2	1	3	2	22	10	65	70	23	11	60	72	10	10	86	89	30	15	85	81	41	30	50	38	23	81	80	67	29	77	96	52	8	90	85	78	18	70	71	86	55	58	65	52	101	12	13	35	45	63	45	30	91	11	20	61	101	8	8	26	56	46	81	54	93	60	25	1	34	1	33	98	72	66	6	1	2	2	3	2	2	1	2	2	1	2	"3"	"2"	"1"	"4"	"2"	"1"	18	78	10	15	31	29	7	3	11	2	17	2	75	59	52	51	49	7	40	44	7	46	30	75	64	36	65	84	41	58	141	13	11		10	1281		2026-05-11 10:35:15		T	F	35	35	0	0	1.02
253			"base"	"interview"	2026-05-11 10:14:38	2	4	2	3	3	2	2	3	1	1	1	3	2	1	1	3	2	2	3	2	3	2	4	2	2	2	3	3	2	3	3	3	3	4	4	3	3	2	3	2	3	4	3	3	3	4	3	4	2	3	3	3	5	3	5	2	3	2	5	1	4	3	2		1		1	2	3	4	4	4	3	3	3	5	3	2	2	3	3	4	1	4	4	4	4	3	4	2	4	3	2	1	24	2	2	7	1	F	F	T	F	F	F	F	F		"Soziologie"				1	3	3	2	2	3	2	3	4	4	4	4	4	3	3	3	4	4	1	54	2	7	6	1	5	4	3	2	4	"Eigene Moral weil KI umweltschädlich ist und auf Plagiaten beruht"	"Nein"	2	1	1	3	4	4	2	2	2	1	2	3	2	2	1	2	2	2	3	1	2	2	1	3	2	2	26	15	63	62	16	41	36	31	42	19	37	40	34	6	58	50	31	23	42	40	31	60	73	42	32	66	83	26	26	42	71	35	23	79	81	37	41	42	42	32	91	18	26	71	8	75	19	11	75	27	21	61	101	1	1	79	56	36	22	45	70	68	41	47	77	1	36	63	71	51	45	1	2	1	3	2	1	2	4	1	2	2	"2"	"3"	"1"	"4"	"1"	"2"	23	22	7	21	21	11	6	4	25	2	11	2	56	74	48	40	45	5	82	27	6	35	31	69	47	32	50	70	40	48	110	18	8		5	1101		2026-05-11 10:32:59		T	F	35	35	0	0	1.17
254			"base"	"interview"	2026-05-11 10:15:28	4	2	2	3	3	2	2	3	3	3	3	2	4	3	2	1	4	4	3	2	3	3	3	3	3	3	3	1	2	2	5	3	3	4	4	4	2	3	2	4	5	4	5	5	5	3	5	5	2	5	5	4	4	2	5	5	5	5	5	1	7	7	2		1		1	2	3	4	4	1	5	4	3	4	4	3	3	3	3	4	1	4	4	5	5	5	5	4	1	4	5	1	21	1	1	6	3	F	T	T	T	F	F	F	F	"Pflege"	"Therapie und Pflegewissenschaften"	"Gesundheitswesen (Krankenhaus)"	"40"		1	1	2	3	1	7	8	2	5	5	5	4	6	6	6	5	6	3	1	66	7	5	3	1	4	2	6	3	4	"Die fehlende Bereitschaft in meinem Beruf. Viele ältere Menschen arbeiten in meinem Beruf, weshalb diese keinen Zugang oder iengeschränkten Zugriff zur KI haben Zudem auch die Arbeitsintensität, wir haben in der Pflege fast keine Zeit. Ebenfalls ist die Digitalisierung nicht gut."	"Nein, weil wir stark Praktisch arbeiten"	2	2	5	4	5	5	3	3	4	3	3	1	2	2	4	3	3	2	2	4	2	3	4	3	4	3	1	1	101	77	20	1	57	38	15	13	84	33	1	1	101	101	1	32	79	57	16	85	101	73	18	101	101	69	75	66	66	23	1	101	101	88	12	101	101	79	78	101	32	52	40	101	60	35	51	101	74	22	101	68	10	90	101	90	58	65	83	91	1	1	76	1	54	72	101	101	101	1	3	2	4	4	3	1	2	2	3	3	"1"	"3"	"4"	"2"	"1"	"2"	11	11	7	22	40	21	14	4	11	1	9	3	78	67	81	48	67	10	44	52	11	38	53	78	86	32	62	214	28	162	126	5	8		3	1507		2026-05-11 10:40:35		T	F	35	35	0	0	1.07
255			"base"	"interview"	2026-05-11 10:16:51	2	2	3	3	3	3	4	4	2	4	4	2	3	3	1	3	1	3	1	2	5	4	4	1	1	1	1	5	1	4	3	4	4	4	4	4	1	1	4	2	5	4	5	4	4	2	4	5	4	3	3	5	5	3	5	2	3	2	5	1	6	6	2		1		1	2	1	4	3	3	5	2	3	4	4	2	1	4	2	4	1	3	1	2	2	5	1	1	3	4	4	1	29	1	1	5	2	F	F	T	T	F	F	F	F		"Bildende Künste"	"Personalwesen im öffentlichen Dienst"	"20"		2	2	6	4	1	6	4	2	5	5	6	5	4	4	5	2	5	2	1	64	5	1	3	2	6	4	7	5	5	"Es gibt einen großen Schulungsbedarf, besonders bei älteren Mitarbeiter*innen. "	"Nein."	1	1	3	2	1	5	3	3	2	3	1	2	3	3	2	3	2	2	2	1	3	3	3	1	2	3	7	1	94	75	7	2	78	97	3	1	79	68	15	49	83	52	7	5	89	61	4	49	37	76	9	78	94	83	5	52	51	85	1	51	87	73	3	49	71	96	84	7	8	73	52	74	60	11	97	3	2	101	31	67	14	60	60	30	29	69	61	70	7	8	81	9	20	78	48	75	9	1	1	1	2	2	1	1	2	1	1	1	"1"	"3"	"4"	"2"	"1"	"2"	12	649	11	20	41	10	11	2	10	2	22	1	77	77	73	84	74	8	63	56	6	55	52	80	72	53	101	96	59	69	125	17	11		3	1468		2026-05-11 10:51:53		T	F	35	35	0	0	0.94
256			"base"	"interview"	2026-05-11 10:17:16	1	3	3	3	3	2	3	3	2	1	2	3	1	2	2	3	1	1	2	3	4	4	4	1	1	1	5	1	5	1	5	4	4	4	4	4	2	2	5	2	3	3	3	2	1	3	3	5	5	5	4	3	4	1	5	3	4	2	2	5	6	6	2		1		1	2	1	4	3	2	4	3	2	2	4	1	1	5	3	5	1	5	5	1	1	5	1	1	2	5	5	1	43	1	1	6	1	F	F	F	T	F	F	F	F			"IT"	"40"		5	4	1	4	1	1	2	5	4	6	6	6	6	4	4	4	5	4	1	54	1	6	7	5	4	3	2	4	4	"Faktor Mensch"	"Ein Teilbereich meiner Aufgaben kann wegfallen, beziehungsweise übernommen werden. Allerdings ergeben sich andere Aufgaben auf absehbare Zeit. Und wenn es soweit ist, dass alles nötige automatisiert ist, beziehungsweise der Großteil, muss eben ein System gefunden werden, wie die Versorgung der Menschen sichergestellt wird."	1	1	1	1	2	3	1	3	1	2	2	2	2	2	2	1	2	2	2	3	2	2	2	2	2	3	1	1	73	67	1	1	79	69	1	1	65	59	1	1	74	66	2	1	83	69	1	50	51	80	1	55	55	83	1	55	56	86	1	54	54	85	1	51	51	87	101	23	1	96	89	12	1	90	95	18	1	87	101	17	1	95	93	18	1	92	70	55	35	54	64	1	19	89	89	61	34	1	2	1	3	2	1	2	3	1	2	1	"4"	"3"	"1"	"2"	"1"	"2"	26	76	12	41	44	35	17	3	18	2	23	2	141	84	76	83	87	10	86	73	5	80	59	96	104	57	117	141	84	91	444	68	15		12	2312		2026-05-11 10:55:48		T	F	35	35	0	0	0.65
257			"base"	"interview"	2026-05-11 10:18:28	3	3	3	3	2	3	3	3	1	2	3	3	3	3	2	3	4	4	3	2	4	4	4	2	1	1	3	5	1	5	1	3	3	3	4	3	2	3	3	4	4	4	5	5	5	4	4	5	2	4	5	5	5	4	5	3	4	5	5	1	3	4	2		1		1	2	3	2	3	4	2	4	4	3	2	1	2	3	4	4	1	3	4	4	5	5	3	3	2	4	2	1	24	2	2	6	1	F	F	F	T	F	F	F	F			"Lufftfahrt"	"40"		2	1	5	2	1	5	2	1	3	4	3	2	2	5	3	2	5	2	1	70	1	7	5	2	3	6	4	2	4	"Erstmal das Vertrauen zu der KI zu finden und sich sicher sein zu können, dass die KI wirklich richtig handelt. Außerdem die Akzeptanz im Umfeld wird schwierig sein, vor Allem bei älteren Personen."	"Nicht unbedingt. Ich sehe die KI eher als eine Art Stütze oder Mitarbeiter."	2	1	3	3	2	4	2	3	3	2	3	2	2	3	4	2	3	3	2	3	2	2	4	3	2	4	29	28	37	20	20	50	41	35	73	25	63	55	68	27	43	34	55	22	35	38	46	72	58	32	66	72	73	41	35	67	68	33	33	70	70	44	42	71	71	28	77	30	25	68	28	78	52	16	77	18	18	64	53	27	14	48	22	77	22	30	77	79	8	8	85	1	32	84	63	53	27	1	3	3	3	4	2	1	3	3	1	3	"1"	"2"	"3"	"4"	"2"	"1"	8	13	6	15	28	5	10	1	10	1	8	1	55	53	40	36	45	3	29	34	2	30	22	46	54	30	51	72	36	58	121	14	6		3	946		2026-05-11 10:34:15		T	F	35	35	0	0	1.59
258			"base"	"interview"	2026-05-11 10:19:51	1	1	1	1	1	1	1	4	1	1	2	1	2	1	1	1	1	1	1	1	4	4	4	1	1	1	3	5	1	4	2	4	4	5	5	4	1	5	5	2	4	1	3	4	4	3	5	3	4	4	4	1	3	3	5	2	4	1	2	4	4	3	2		1	"Vielen Dank!"	1	1	3	2	2	4	5	4	2	2	5	3	1	4	1	5	1	4	1	5	5	5	5	1	3	5	5	1	37	1	1	7	1	F	F	F	T	F	F	F	F			"Gesundheitswesen"	"40"		1	7	1	1	1	1	1	3	5	5	6	5	5	5	5	5	6	2	1	89	2	7	6	5	3	1	4	3	5	"Umgang damit und das Einschätzen können, wie man KI in den Alltag integriert. Ich denke, dass man KI nicht blind vertrauen sollte. Mann muss achtsam und verantwortungsvoll damit umgehen."	"Sicher können einige Aspekte durch KI beschleunigt werden aber meinen Arbeitsplatz direkt sehe ich nicht bedroht, nein."	1	1	2	1	1	5	3	2	1	1	2	3	3	1	2	4	1	2	3	2	1	4	2	2	4	2	26	24	96	96	32	14	95	91	14	22	92	90	20	8	92	91	29	17	89	59	6	65	3	68	12	94	91	46	2	70	76	87	7	71	59	71	16	63	89	45	93	12	13	97	84	29	29	91	80	18	38	91	91	17	7	97	52	71	19	56	92	74	11	39	84	1	22	101	101	72	76	1	1	1	3	2	1	2	2	1	1	1	"3"	"2"	"1"	"4"	"2"	"1"	5	7	6	10	17	9	10	2	13	5	14	2	66	80	43	60	29	4	147	29	6	28	21	38	40	127	125	79	25	38	145	87	500		4	1332		2026-05-11 10:50:12		T	F	35	35	0	0	1.27
259			"base"	"interview"	2026-05-11 10:19:53	1	1	2	3	2	2	1	3	2	1	3	3	1	2	1	3	1	1	1	2	4	4	4	1	1	2	4	3	2	3	3	3	3	4	4	3	4	3	4	4	3	3	4	3	3	4	3	5	3	5	2	5	4	2	5	3	2	4	3	4	4	3	2		1	"Im Moment habe ich keine zusätzliche Anmerkung. Vielen Dank das ich teilnehmen durfte."	1	2	2	4	3	1	3	4	3	3	3	2	1	3	3	5	1	5	2	2	3	3	4	1	4	4	4	1	60	1	1	7	1	F	F	F	F	F	T	F	F			"B2B Technischer Handel, Maschinen "	"40"		6	3	6	1	7	6	2	6	4	3	5	5	4	2	4	4	3	2	1	79	1	5	7	2	3	4	6	3	4	"Die Vermeidung von Fehlern, die man als Fehler nicht erkennen kann, sehe ich als große Hürde. Und wie erhält man in der Zukunft lebendige Kommunikation zwischen echten Menschen ist auch eine Hürde. "	"Der Einfluss ist ja schon länger vorhanden mit der Einführung des Internet. KI ist jetzt eine weitere Stufe. Der passende Spruch dazu war immer schon ""Segen und Fluch zugleich"". Ich habe diese Entwicklung aber nie als Bedrohung gesehen, sondern mich immer für die Möglichkeiten interessiert.  "	2	2	4	2	3	3	2	2	2	3	2	4	3	3	4	2	3	2	1	2	2	2	4	3	2	4	52	22	68	80	16	16	48	75	14	14	54	73	25	25	53	72	12	13	56	83	13	27	71	36	13	23	71	46	13	18	59	59	23	27	71	36	11	11	74	52	79	67	30	55	53	71	28	35	84	29	38	69	72	35	25	67	80	80	22	38	88	67	52	41	69	22	51	59	81	80	60	5	2	1	2	2	1	2	3	1	1	2	"2"	"3"	"1"	"4"	"1"	"2"	36	182	19	44	104	53	56	8	30	4	80	4	257	208	146	156	137	9	162	154	13	223	76	168	170	85	135	167	101	170	539	68	98		56	3611		2026-05-11 11:25:11		T	F	35	35	0	0	0.36
260			"base"	"interview"	2026-05-11 10:26:18	2	1	1	1	2	1	1	2	1	1	2	1	2	1	2	1	1	1	1	1	4	3	4	2	2	2	3	3	4	3	3	3	4	3	4	3	3	2	2	2	5	2	4	4	3	1	4	2	2	3	4	2	2	5	5	3	4	2	2	4	5	5	2		1		1	2	4	2	2	1	4	1	2	2	4	1	1	4	1	4	1	5	2	4	5	4	4	1	2	4	4	1	25	1	1	8	1	F	F	F	T	F	F	F	F			"Foschung / Universität"	"38"		1	1	2	1	1	1	1	1	6	6	6	6	5	5	6	5	6	2	1	87	7	5	4	1	3	2	6	4	4	"Viele Menschen haben aus rein technischer Sicht absolut keine Ahnung was eine KI überhaupt ist und wie sie funktioniert. Dadurch bedingt ist eine KI für viele Menschen ein großes ""Mysterium"", vor dem man aus purer Unwissenheit Angst hat."	"Nein."	2	1	1	2	2	4	3	2	1	1	1	3	3	1	2	4	2	1	4	2	1	4	2	1	4	1	1	1	101	101	2	1	100	80	9	1	101	101	1	1	101	101	1	1	101	100	1	101	81	89	1	101	101	90	1	101	75	82	1	101	85	84	1	101	86	87	94	10	1	96	7	52	1	52	101	25	51	52	101	1	9	94	79	1	1	79	101	91	9	9	73	9	1	101	91	91	9	1	2	1	3	3	1	1	2	1	1	1	"4"	"1"	"2"	"3"	"2"	"1"	38	126	30	34	42	56	22	3	18	2	30	4	113	77	106	73	72	12	53	84	6	80	46	116	99	43	95	116	56	84	294	43	29		19	2010		2026-05-11 11:01:39		T	F	35	35	0	0	0.63
261			"base"	"interview"	2026-05-11 10:27:10	2	1	1	2	1	1	1	2	1	1	2	2	1	1	1	1	1	1	1	1	5	4	4	1	1	1	4	4	1	4	1	4	4	4	4	4	1	3	3	2	5	1	4	5	4	1	4	4	1	3	4	2	3	4	5	2	5	1	3	1	4	4	2		1		1	2	4	2	2	4	5	4	1	1	4	5	1	5	1	4	1	4	1	3	4	4	1	1	4	4	4	1	41	1	1	7	1	F	F	F	T	F	F	F	F			"Vertrieb"	"40"		1	3	6	1	4	6	1	1	6	6	5	5	5	6	5	6	5	5	1	101	7	4	6	3	1	2	5	5	5	"Angt vor unbekannten"	"nein"	1	1	1	1	3	4	2	1	1	1	1	3	3	1	1	4	1	1	3	1	1	4	1	1	3	1	2	1	101	101	1	2	101	101	1	1	101	101	1	1	101	101	1	1	101	101	1	101	100	100	1	101	76	101	1	101	69	101	1	101	72	101	1	101	71	101	101	17	80	56	101	30	3	78	101	1	1	101	101	1	1	79	101	15	1	81	101	101	1	1	64	1	1	101	101	101	22	1	2	1	4	3	1	2	3	1	1	1	"1"	"3"	"4"	"2"	"2"	"1"	7	7	15	18	22	30	11	2	8	2	13	2	108	109	44	35	41	5	32	43	5	33	28	58	40	28	45	60	31	49	61	10	8		2	1012		2026-05-11 10:44:02		T	F	35	35	0	0	1.35
262			"base"	"interview"	2026-05-11 10:27:41	4	4	4	2	3	4	4	1	4	4	4	3	4	4	4	3	4	4	4	4	4	5	5	5	4	5	5	1	5	2	5	3	3	3	3	1	4	4	4	5	3	5	4	3	3	5	2	3	5	5	3	5	2	1	5	5	4	5	4	5	5	3	2		1		1	1	2	5	5	1	2	5	5	5	5	1	5	3	4	4	1	3	5	1	3	3	1	5	1	3	4	1	26	1	1	8	1	F	F	F	T	F	F	F	F			"Software"	"40"		7	2	3	7	7	3	7	9	2	4	4	5	2	4	5	5	5	5	1	83	1	7	6	3	5	4	2	3	1	"Schnelllebigkeit der Systeme"	"Ja, ich bin in der Software Entwicklung tätig. Es werden massig Menschen entlassen. Bei uns waren es schon 20% der Angestellten."	2	2	3	2	4	4	2	4	4	4	4	1	1	4	4	2	4	4	2	4	4	1	4	4	1	4	73	40	69	73	12	3	85	83	74	83	83	83	41	8	58	67	31	22	14	54	69	49	77	48	16	101	101	100	83	90	101	50	45	79	81	82	21	85	89	94	78	62	93	78	100	5	3	97	95	39	57	52	65	78	79	79	94	76	80	60	72	88	46	9	83	5	37	80	77	77	87	1	4	4	4	4	4	4	4	4	4	4	"2"	"4"	"1"	"3"	"1"	"2"	2	4	4	11	11	3	4	1	10	4	14	1	48	39	29	31	31	1	40	28	1	25	17	47	35	24	32	53	19	37	71	8	5		1	691		2026-05-11 10:39:12		T	F	35	35	0	0	2.12
263			"base"	"interview"	2026-05-11 10:28:03	1	1	1	1	1	1	1	2	1	1	1	2	1	1	1	1	1	1	1	2	3	2	3	3	2	2	3	4	2	4	3	3	3	3	3	3	4	4	4	1	5	1	5	4	5	3	3	4	3	3	4	2	5	4	5	2	4	1	2	5	5	5	2		1		1	2	3	1	1	2	3	4	2	2	4	2	1	3	2	4	1	4	2	4	4	4	4	1	1	3	4	1	66	1	1	8	1	F	F	F	T	F	F	F	F			"Öffentlicher Dienst"	"40"		2	3	3	2	1	4	1	2	6	5	5	6	5	6	1	5	5	2	1	101	1	5	6	3	7	2	4	3	4	" - Derzeit kann man noch zu wenig zwischen ""echt"" und ""unecht"" unterscheiden.
- Die KI fantasiert immer noch sehr oft.
- Das Vertrauen, sog. Agenten zur Erledigung meiner Aufgaben einzusetzen, habe ich (derzeit) noch nicht."	"Nein; dafür braucht es zu viel menschlichen Input und Austausch."	2	1	2	1	1	4	3	1	1	1	2	3	3	1	2	3	2	1	4	1	1	4	2	1	3	1	28	1	74	74	1	1	51	51	1	1	77	100	1	1	53	79	1	1	70	71	1	73	101	83	1	101	101	79	1	84	101	101	2	84	101	84	2	77	100	77	101	74	26	49	50	61	19	27	100	47	21	71	101	26	2	74	79	50	27	51	101	75	25	2	64	1	51	72	74	55	54	1	2	2	4	2	2	1	3	1	2	2	"3"	"2"	"4"	"1"	"2"	"1"	12	20	10	16	28	15	13	3	18	2	12	2	82	60	57	56	67	8	39	44	7	43	44	74	65	41	59	90	38	63	206	20	12		15	1341		2026-05-11 10:50:24		T	F	35	35	0	0	0.97
264			"base"	"interview"	2026-05-11 10:28:08	1	1	1	1	1	1	1	2	1	1	2	1	1	1	1	2	1	1	1	1	4	3	5	1	1	1	3	3	3	3	4	3	3	3	4	3	2	2	1	1	5	1	4	4	3	1	5	3	1	1	5	1	4	5	5	1	5	1	3	3	5	4	2		1		1	2	3	1	1	1	5	2	1	3	4	1	1	5	1	5	1	4	2	3	3	5	3	2	1	4	5	1	33	1	1	7	1	F	F	F	T	F	F	F	F			"Supply Chain Management"	"40"		1	1	3	2	1	1	2	1	5	5	6	6	4	5	6	5	6	1	1	87	2	7	6	1	3	5	4	5	4	"Im beruflicher Hinsicht eher Hürden wie Compliance, in privater Hinsicht muss man darauf Acht geben, falls KI halluziniert."	"Nein, sehe ich nicht."	1	1	1	1	2	5	3	1	1	1	1	3	4	1	1	3	1	1	4	1	1	3	1	1	4	1	17	1	97	90	1	1	89	101	1	1	89	101	1	1	96	101	17	1	82	101	1	101	101	69	1	86	87	72	3	98	87	81	1	93	89	70	1	91	101	90	96	45	1	53	87	50	1	69	87	49	35	70	71	51	1	58	101	50	1	66	101	101	1	19	77	1	2	90	81	101	53	1	1	1	2	2	1	2	2	1	1	1	"2"	"3"	"4"	"1"	"2"	"1"	2	5	5	13	17	63	13	2	39	2	14	2	134	254	610	73	337	9	54	40	6	39	20	38	50	19	32	70	55	43	104	12	6		2	1642		2026-05-11 11:04:32		T	F	35	35	0	0	1.27
265			"base"	"interview"	2026-05-11 10:35:11	1	2	2	4	2	3	3	4	4	2	2	4	3	2	1	4	1	3	2	2	4	3	4	1	1	1	3	4	2	2	3	3	3	2	2	3	3	4	3	2	3	4	5	3	3	2	2	5	2	1	4	3	4	2	5	1	2	4	5	1	5	5	2		1		1	1	1	3	3	1	2	4	2	3	1	1	3	2	3	4	1	2	1	1	1	3	1	3	3	2	3	1	33	1	1	8	1	F	F	F	T	F	F	F	F			"IT/Software"	"41"		1	3	7	2	2	7	2	1	2	2	2	4	2	2	3	3	5	4	1	65	1	7	6	2	4	5	3	3	4	"Unrealistische Vorstellungen/Hoffnungen in Bezug auf KI: Auf der einen Seite blauäugiger, naiver Umgang, der KI als Allheilmittel/Wunderwerk betrachtet und nichts hinterfragt und auf der anderen Seite eine extrem feindliche Einstellung gegenüber KI, voller Angst und Misstrauen. Beiden Perspektiven unterstelle ich mangelndes Wissen über KI generell, also wie die Modelle wirklich funktionieren, die Mechanismen dahinter, etc."	"Nein. Ich bin davon überzeugt, dass sich die Einsatzmöglichkeiten von KI als limitierter herausstellen werden, als von vielen erhofft. Ich begrüße technische Neuerungen in Bezug auf meinen Arbeitsplatz generell als hilfreiche Tools, die potenziell für mich arbeiten können, und nicht als Bedrohung. "	2	2	2	2	1	3	1	2	2	2	1	3	2	2	2	1	2	3	2	2	3	2	1	1	2	2	35	36	56	35	33	36	59	68	23	22	65	77	32	33	59	64	32	64	38	35	43	53	61	37	57	62	62	27	25	38	33	33	17	35	33	30	40	52	45	32	79	38	25	54	24	68	15	25	62	28	24	73	70	27	25	42	38	69	21	35	81	78	21	30	83	13	66	58	61	72	29	1	2	1	4	4	1	1	2	1	1	1	"1"	"2"	"3"	"4"	"2"	"1"	10	7	11	14	26	15	12	2	10	12	22	2	47	47	46	36	50	8	43	39	5	40	31	53	51	26	68	65	47	94	441	17	93		6	1414		2026-05-11 11:00:07		T	F	35	35	0	0	1.11
266			"base"	"interview"	2026-05-11 10:37:59	1	1	1	2	2	1	2	4	1	1	2	2	2	1	1	2	1	1	1	2	4	3	4	3	1	1	3	4	2	3	2	3	4	4	4	2	4	4	2	4	4	3	4	3	5	5	2	4	2	2	3	5	5	4	5	2	3	5	1	4	3	2	2		1		1	2	4	4	4	2	3	4	4	4	4	2	4	4	3	5	1	5	4	2	3	3	1	3	2	3	4	1	31	2	2	8	1	F	F	F	T	F	F	F	F			"Qualitätsmanagement"	"40"		1	1	7	1	1	6	1	1	6	5	3	3	2	3	2	3	4	5	1	71	1	5	7	4	6	3	2	4	4	"Erfahrung und inhaltliche Kompetenz. Es müssen Schulungen stattfinden, um effizient und richtig mit der KI umzugehen. "	"Nein, eher als Chance den Arbeitsalltag effizienter zu gestalten und Zeit für andere Aufgaben zu schaffen. "	3	1	1	1	1	3	3	3	3	1	3	3	2	3	4	3	3	3	4	4	2	3	4	3	2	2	21	12	68	72	7	18	75	37	13	33	73	88	45	11	68	72	16	8	77	81	11	80	76	37	9	83	92	18	13	63	42	36	11	27	18	38	11	77	91	29	82	23	7	68	27	81	16	6	86	63	3	42	89	6	1	95	72	36	19	45	81	40	5	1	79	9	21	74	71	82	55	1	4	4	4	4	2	2	3	4	2	3	"3"	"1"	"2"	"4"	"1"	"2"	16	46	19	18	27	113	20	2	33	2	22	2	68	143	61	268	56	10	108	36	9	54	35	69	54	26	68	131	43	56	141	20	18		4	1699		2026-05-11 11:07:57		T	F	35	35	0	0	0.85
267			"base"	"interview"	2026-05-11 10:45:34	2	2	2	2	3	2	2	3	2	3	2	2	2	2	1	3	2	2	1	2	4	4	4	2	1	1	3	3	2	2	3	3	3	3	4	3	3	4	4	3	4	4	5	4	4	4	3	5	5	3	4	4	4	3	5	3	3	5	5	1	3	1	2		1		1	2	2	4	4	3	2	4	4	3	2	2	3	3	4	4	1	3	2	3	3	4	3	2	4	3	4	1	27	2	2	7	1	F	F	F	T	F	F	F	F			"Sozialer Sektor"	"24"		4	2	7	1	5	5	1	2	4	5	3	4	3	3	4	2	3	4	1	101	7	6	3	2	4	1	5	2	4	"Die Frage danach, wann es sinnvoll ist KI zu benutzen und wann es sinnvoller ist Aufgaben alleine zu lösen."	"Nein, da meine Arbeit nicht von einer KI ausgeführt werden kann."	1	1	2	1	1	3	2	3	2	2	3	3	3	2	3	2	3	3	3	3	3	2	3	3	2	3	48	32	56	50	73	62	37	17	27	27	55	45	35	20	48	43	14	15	89	71	23	49	69	34	73	22	74	30	50	38	60	23	27	33	67	42	15	24	67	50	88	28	15	67	16	80	26	48	78	40	20	67	85	20	13	80	45	62	25	72	83	78	23	17	88	13	30	87	91	81	31	6	2	2	3	2	2	2	3	2	2	2	"1"	"2"	"4"	"3"	"2"	"1"	2	106	13	15	31	13	8	2	11	2	54	2	101	122	101	176	41	3	63	73	5	48	36	57	52	47	84	82	50	63	182	32	5		2	1684		2026-05-11 11:13:38		T	F	35	35	0	0	1.08
268			"base"	"interview"	2026-05-11 10:46:52	2	1	3	3	1	3	3	3	3	3	4	3	1	3	1	3	3	3	3	3	4	4	4	3	3	2	5	3	4	1	5	3	4	3	4	2	5	5	3	2	4	2	5	3	3	2	4	4	4	3	3	4	5	3	5	2	4	4	5	2	3	4	2		1	"Interessante Umfrage. Ich hoffe, ich konnte Ihnen helfen :)
Die Anreihung von den wichtigsten und unwichtigsten Erfindungen hat mich auf jeden Fall zum Nachdenken gebracht und es wäre mal interessant zu wissen was die Meinung anderer dazu ist."	1	1	5	5	3	4	2	5	4	4	1	1	1	4	5	2	1	2	4	2	3	4	5	1	1	3	2	1	23	2	2	6	1	F	F	T	F	F	F	F	F		"Management und Global Brands"				1	4	7	3	1	7	3	5	4	4	3	4	4	4	4	3	5	6	1	101	2	4	7	1	5	3	6	4	4	"Mangel an technischem Wissen "	"Ja, ich schreibe beruflich auch Übersetzungen. Es wird dafür zwar schon KI eingesetzt, jedoch übernehme ich viele Teile der Aufgabe noch selbst. Langfristig wird jedoch KI die gesamte Aufgabe übernehmen. "	1	1	1	2	3	4	4	4	2	1	2	2	3	3	4	3	4	3	2	3	2	3	3	3	3	1	82	22	64	79	94	53	21	1	80	44	73	82	46	34	59	65	19	14	79	74	26	51	52	31	64	71	62	3	24	72	71	43	39	70	73	19	22	70	72	41	74	63	33	56	14	74	82	1	76	61	64	48	76	64	58	76	72	79	54	61	81	85	59	46	97	11	41	81	93	75	62	1	2	1	3	3	1	2	3	1	1	2	"2"	"1"	"4"	"3"	"1"	"2"	3	9	10	22	41	2	18	2	17	2	9	2	127	97	107	82	90	14	81	43	2	80	52	109	86	58	108	141	78	98	254	12	117		6	1873		2026-05-11 11:19:51		T	F	35	35	0	0	1
269			"base"	"interview"	2026-05-11 10:47:00	1	1	1	2	2	2	1	3	1	1	2	2	1	1	2	3	1	1	1	1	3	3	3	3	3	2	3	3	3	2	3	3	3	4	3	3	3	3	4	3	3	2	4	3	3	3	4	3	3	3	3	2	4	3	5	3	4	3	3	3	6	7	2		1		1	2	3	3	3	3	4	3	3	2	3	4	1	3	3	3	1	3	3	4	3	3	3	1	4	3	3	1	23	1	1	4	1	F	F	F	T	F	F	F	F			"Industrie/ Fertigung"	"40"		2	5	4	5	5	5	5	5	5	5	4	4	3	4	3	3	3	3	1	50	6	5	1	2	4	3	7	3	3	"Am Anfang wird es eher schwer sein, das Vertrauen mit KI aufzubauen"	"Nein eher nicht"	2	1	2	2	2	2	3	2	1	1	2	2	3	2	2	3	1	1	3	2	1	3	2	2	3	1	68	31	57	46	61	65	33	36	70	48	57	51	72	28	51	51	71	62	49	48	27	42	32	66	81	66	19	46	43	46	24	56	55	51	37	50	66	62	51	39	101	25	19	63	1	100	75	1	81	82	56	31	85	81	13	45	46	75	45	29	74	64	40	20	50	53	52	68	67	69	36	61	2	1	2	2	1	1	1	1	1	1	"2"	"1"	"4"	"3"	"1"	"2"	4	14	13	17	36	8	20	3	49	2	14	1	110	76	90	58	65	2	68	39	2	39	30	50	56	26	65	41	23	29	148	17	6		2	1223		2026-05-11 11:07:23		T	F	35	35	0	0	1.34
270			"base"	"interview"	2026-05-11 10:47:50	1	2	2	3	3	3	2	3	1	3	3	3	1	1	1	3	2	2	1	2	3	4	3	1	2	1	3	4	2	3	5	3	4	2	2	2	3	4	3	2	5	4	4	5	4	2	2	5	3	2	2	5	5	4	5	2	4	4	4	1	5	4	2		1		1	2	2	4	1	1	5	1	3	5	4	1	1	4	2	4	1	3	2	3	4	4	4	1	1	2	5	1	27	1	1	6	1	F	F	T	F	F	F	F	F		"Lebensmittel, Ernährung und Hygiene"				2	1	6	2	1	8	3	1	5	4	4	4	2	4	5	3	5	1	1	66	1	6	7	2	5	4	3	3	2	"Erkennen von Falschinformationen; das beibringen des richtigen Umgangs damit -> zu wenig Expertise"	"teilweise."	2	1	1	1	1	5	3	3	3	3	3	2	2	2	3	3	2	3	4	3	2	2	2	2	2	4	24	1	71	24	10	51	26	7	13	1	96	81	68	1	92	83	61	1	39	63	1	67	97	58	53	40	101	42	1	21	86	67	17	16	79	89	1	50	97	69	91	63	8	19	16	35	8	6	86	27	44	82	101	24	1	80	89	80	13	52	96	81	1	1	52	1	26	101	84	54	30	1	1	2	4	3	1	1	3	1	2	2	"4"	"3"	"2"	"1"	"2"	"1"	22	82	27	17	84	39	21	3	14	2	41	5	176	159	152	149	120	12	88	99	11	95	73	137	151	78	155	170	93	119	191	51	47		7	2690		2026-05-11 11:32:40		T	F	35	35	0	0	0.52
271			"base"	"interview"	2026-05-11 10:47:50	1	1	1	2	2	1	2	3	1	1	3	1	1	1	1	1	1	1	1	1	5	4	5	1	1	1	4	4	3	3	4	4	4	4	4	4	3	3	4	2	4	1	3	4	4	4	3	5	5	4	4	3	5	3	5	2	4	3	4	2	6	6	2		1		1	2	3	4	4	4	4	5	3	4	3	4	2	4	3	4	1	4	3	4	4	3	4	2	4	3	4	1	31	2	2	7	1	F	F	F	T	F	F	F	F			"Strategisches Controlling"	"20"		1	5	2	1	1	2	1	1	5	6	5	5	5	5	4	4	5	4	1	47	5	7	3	2	1	4	6	4	5	"zeitaufwendig und wahrheiten nicht unterscheiden zu können "	"nein"	1	1	2	2	1	3	3	3	1	1	1	3	3	2	3	4	2	2	4	2	1	4	2	2	4	1	12	10	85	81	10	8	79	80	3	1	93	92	3	3	89	88	5	4	83	82	2	71	69	36	3	80	79	37	7	83	83	39	9	80	80	38	9	79	80	33	100	1	1	94	86	10	1	90	101	3	3	92	85	18	2	95	94	13	1	80	89	84	2	2	80	2	10	100	85	13	10	1	2	1	3	2	1	2	2	1	1	1	"1"	"2"	"3"	"4"	"2"	"1"	15	44	6	16	28	27	10	2	25	2	27	2	85	70	64	70	61	6	69	68	3	62	43	86	77	43	67	87	43	67	143	35	19		5	1477		2026-05-11 11:12:27		T	F	35	35	0	0	0.93
272			"base"	"interview"	2026-05-11 10:47:59	4	2	4	4	2	3	3	4	3	3	2	4	3	3	2	3	3	3	3	3	3	3	4	2	3	4	5	2	2	2	4	3	3	3	3	2	4	4	5	2	5	4	4	3	2	3	1	5	5	3	5	5	5	2	5	3	4	5	5	1	2	2	2		1		1	2	2	4	4	1	3	4	5	5	3	1	3	2	4	5	1	3	5	1	3	3	1	2	4	3	2	1	48	2	2	4	1	F	F	F	T	F	F	F	F			"Buchhaltung"	"37"		3	3	3	4	2	5	6	2	2	2	2	2	2	2	1	2	2	6	1	99	3	7	6	5	1	4	2	3	2	"Die KI kann niemals einen Menschen ersetzen. Gerade im Bezug auf Umgang mit Kunden z.B im Kundenchat merkt man das immer wieder"	"Nein bis jetzt nicht"	1	1	1	1	1	4	2	2	2	2	2	2	2	3	4	2	3	4	2	4	3	2	4	3	2	4	2	2	89	92	2	100	49	47	1	48	65	66	1	2	85	88	12	38	54	65	2	77	79	29	1	82	83	57	1	62	71	44	1	74	73	38	1	83	82	60	90	9	9	66	1	101	97	1	32	89	89	26	87	21	18	54	25	92	71	15	101	101	1	1	100	1	1	101	100	100	84	2	2	2	3	3	2	2	3	1	1	2	"4"	"3"	"2"	"1"	"1"	"2"	12	8	8	23	44	7	8	1	7	2	7	1	36	48	30	25	34	8	42	33	4	29	23	53	42	143	43	55	45	45	61	8	220		3	949		2026-05-11 11:07:18		T	F	35	35	0	0	1.53
274			"base"	"interview"	2026-05-11 10:48:54																																																													4	4					2	1																										1	29	2	2	7	2	F	F	T	T	F	F	F	F		"Jura"	"Sachbearbeitung"	"30"																				1	83																																																																																																																								"1"	"4"	"3"	"2"			4	8	6	22	22	19	6	9	16	3	15	2																								132		2026-05-11 10:51:06		F	F	12	12	0	0	1.26
275			"base"	"interview"	2026-05-11 10:48:59																																																																																														1	19	2	2	4	2	T	F	F	T	F	F	F	F																								1																																																																																																																															3	16	8	36																																63		2026-05-11 10:50:03		F	F	4	4	0	0	1.44
276			"base"	"interview"	2026-05-11 10:50:50	1	1	1	2	2	2	1	3	1	2	2	3	1	2	1	4	1	2	1	1	3	3	3	1	1	1	2	4	2	3	4	4	4	4	4	4	2	2	4	2	5	2	5	3	4	1	2	5	4	4	5	3	5	2	5	2	5	3	5	1	5	4	2		1		1	1	2	4	2	1	5	3	3	3	2	1	2	5	2	5	1	4	3	2	2	5	1	1	1	4	4	1	43	1	1	6	1	F	F	F	F	F	T	F	F			"IT"	"60"		1	1	1	1	1	5	1	2	4	4	4	4	5	5	5	4	4	3	1	101	4	6	5	1	3	2	7	4	5	"Es ist nicht immer einfach das beste Tool für eine passende Aufgabe zu finden. KI entwickelt sich schnell und es benötigt Zeit und Energie immer mit den neusten Entwicklungen informiert zu bleiben."	"nein"	1	1	2	1	3	3	2	2	1	2	1	2	2	1	2	2	2	2	2	2	2	2	2	2	2	2	1	1	101	101	1	1	94	93	1	1	101	96	1	1	101	101	11	4	101	100	1	95	63	83	1	90	91	57	1	75	50	72	1	72	57	80	6	77	52	66	86	14	10	86	16	91	31	20	92	5	1	93	101	1	1	101	61	24	11	55	91	59	30	64	34	43	1	101	95	27	1	1	2	2	3	2	2	2	2	1	1	2	"1"	"3"	"4"	"2"	"2"	"1"	11	5	5	17	17	28	5	3	18	7	13	2	77	63	65	45	85	7	51	47	5	47	42	53	58	31	65	97	35	67	221	12	5		2	1311		2026-05-11 11:12:42		T	F	35	35	0	0	1.21
277			"base"	"interview"	2026-05-11 10:53:20	2	2	1	2	2	2	1	2	1	1	2	1	2	2	1	2	1	1	2	1	2	2	2	4	2	4	1	4	2	4	2	3	3	3	4	4	2	5	4	2	4	3	5	3	4	2	4	4	4	2	4	3	4	3	5	2	4	2	3	2	6	5	2		1		1	2	2	4	3	3	4	2	2	2	4	3	1	3	2	4	1	4	2	2	2	4	2	1	4	4	4	1	28	1	1	7	2	F	F	T	T	F	F	F	F		"Informatik"	"Informatik"	"16"		2	3	7	2	4	7	2	2	5	5	5	4	4	6	5	5	4	2	1	68	6	7	5	2	3	4	1	1	3	"Schlechte Qualität. Ergebnisse prüfen dauert lange"	"Ein bisschen auf jeden Fall. Hoffentlich bin ich einfach besser als die KI"	2	4	4	2	4	3	2	3	1	1	1	2	3	2	2	3	2	2	3	2	2	4	1	1	3	1	27	24	83	71	11	5	60	51	5	36	47	60	16	18	95	87	11	14	56	64	32	34	60	72	27	41	66	54	13	12	33	70	22	67	74	42	20	40	56	41	76	36	40	69	71	39	32	45	79	22	21	71	79	53	31	64	80	31	37	64	42	101	30	14	70	9	8	66	91	79	16	6	1	1	4	2	1	1	2	1	1	1	"2"	"4"	"3"	"1"	"1"	"2"	35	4	4	10	13	7	11	1	10	1	7	2	51	32	35	39	34	4	37	26	5	27	20	37	42	24	40	54	20	39	48	9	5		32	736		2026-05-11 11:06:06		T	F	35	35	0	0	1.79
278			"base"	"interview"	2026-05-11 10:54:07	2	1	1	3	3	3	3	4	4	4	3	4	2	3	2	4	3	3	2	4	4	2	2	4	4	4	4	2	4	2	4	2	2	2	2	2	2	4	5	2	4	4	4	2	2	4	2	4	5	4	5	5	2	1	5	3	2	5	2	4	5	4	2		1		1	2	2	5	5	1	4	3	4	5	4	1	1	4	4	3	1	4	4	1	2	4	1	1	4	4	3	1	29	2	2	7	2	F	F	T	T	F	F	F	F		"Jura"	"Sachbearbeitung"	"30"		3	3	3	2	3	3	5	3	2	1	2	2	2	2	1	1	1	4	1	69	1	7	6	4	3	5	2	4	4	"Frustation bei Arbeitnehmern, wenn KI nicht funktioniert wie es soll und zusätzliche Arbeit macht."	"Ja, vor allem viele einfache Tätigkeiten und Jobs für Berufseinsteiger werden wegfallen."	3	2	3	2	4	2	1	3	3	3	3	1	1	3	3	1	3	3	1	3	4	1	3	3	1	4	20	36	65	64	75	73	39	39	74	51	34	70	35	31	71	70	61	38	38	64	38	77	71	30	36	71	71	44	36	66	62	55	37	75	76	49	42	63	63	44	78	76	76	57	18	85	85	16	68	68	64	52	75	78	76	55	65	83	61	39	83	85	39	33	83	35	41	66	83	87	74	61	2	1	3	4	1	3	3	1	2	2	"2"	"3"	"1"	"4"	"1"	"2"	4	6	5	11	14	15	3	2	4	1	3	2	35	42	52	45	40	6	34	47	5	31	22	44	40	24	47	53	22	35	128	13	10		4	849		2026-05-11 11:08:16		T	F	35	35	0	0	1.69
279			"base"	"interview"	2026-05-11 10:54:26	1	1	1	1	2	1	1	4	1	1	2	3	1	2	1	2	2	2	2	1	2	1	1	4	4	4	5	3	3	3	2	2	2	2	2	2	4	4	1	4	5	1	4	3	4	4	5	5	1	3	4	2	3	3	5	3	4	1	3	3	5	5	2		1		1	2	3	4	2	2	4	4	3	2	4	1	2	4	1	4	1	5	3	3	4	5	3	3	3	4	4	1	47	2	2	8	1	F	F	F	F	F	T	F	F			"Übersetzungen"	"35"		1	1	1	3	1	4	4	3	4	5	5	5	3	4	4	4	4	1	1	99	1	7	6	2	5	4	3	2	2	"Ich habe kein Sagen dabei, wie die KI eingeführt wird. Unternehmen scheinen sehr darauf aus zu sein, irgendwie KI zu integrieren - in meinem Feld bedeutet das, dass ich deutlich weniger Arbeit erhalte."	"Ja - als Übersetzerin habe ich große Sorgen, dass ich meine Arbeit verliere."	1	1	1	1	2	5	3	3	2	1	2	2	3	1	2	3	2	1	1	2	2	3	2	1	3	1	1	1	70	71	6	7	62	78	2	18	55	74	45	57	55	61	12	11	76	87	1	63	95	94	1	100	101	74	3	62	62	90	10	79	92	92	3	79	97	95	64	42	41	55	7	95	71	8	53	63	73	19	58	48	59	30	68	48	31	31	71	85	13	12	51	2	7	96	96	75	13	1	3	3	4	3	2	2	2	2	2	2	"3"	"4"	"1"	"2"	"1"	"2"	2	21	4	18	13	10	4	1	6	1	5	2	40	496	37	56	38	2	41	23	2	18	19	35	44	17	36	45	20	34	93	7	4		1	764		2026-05-11 11:14:21		T	F	35	35	0	0	2.04
280			"base"	"interview"	2026-05-11 10:54:27	1	1	1	1	2	2	2	1	1	2	2	1	1	2	1	2	1	1	1	1	5	5	5	1	1	1	5	4	2	5	1	4	4	4	4	3	3	3	2	2	4	2	5	4	5	4	5	5	1	2	4	2	4	5	5	2	3	2	4	2	4	3	1	"Ziehen der Erfindungen in die einzelnen Felder.
Die Erfindungen sind immer wieder aus den Feldern gesprungen. "	1	"Das Ziehen der Erfindungen in die einzelnen Fehler hat nicht perfekt geklappt.
Das Problem hatte ich schon einmal bei einer Studie von euch,  "	1	1	3	4	1	1	2	1	3	3	1	1	1	2	1	4	1	4	3	3	3	5	4	2	1	4	4	1	31	1	1	6	1	F	F	F	T	F	F	F	F			"Industrie / Logistik"	"45"		2	1	2	1	1	3	3	1	5	5	5	5	2	4	5	4	4	2	1	101	1	3	6	2	7	4	5	5	5	"Fehlender Wille zur Implementierung.
Angst vor Neuem.
Bürokratische Hürden. 
Finanzielle Mittel"	"Nein."	1	1	5	1	4	4	4	2	1	1	2	3	4	3	2	4	1	1	3	2	1	3	2	1	3	3	15	16	71	82	22	21	71	87	29	32	79	81	25	24	68	77	56	22	56	56	4	99	97	40	17	100	101	25	31	101	101	44	29	101	100	44	38	91	89	53	93	17	17	90	98	19	18	96	101	6	5	96	96	1	1	99	49	75	1	36	85	86	57	34	98	29	22	78	101	94	93	1	1	1	3	2	1	1	3	1	2	1	"1"	"3"	"4"	"2"	"1"	"2"	2	10	8	56	25	4	8	8	10	5	6	1	56	33	82	63	48	7	71	34	5	110	49	84	87	34	61	211	38	72	97	16	33	21	2	1457		2026-05-11 11:18:45		T	F	35	35	0	0	1.22
281			"base"	"interview"	2026-05-11 10:56:31	2	1	1	2	2	2	3	3	1	1	2	2	2	1	2	3	1	1	1	2	3	3	3	2	2	2	3	4	2	4	3	4	4	4	4	2	4	2	4	2	4	3	2	3	4	3	3	2	3	2	4	5	2	3	5	1	4	3	1	5	4	4	2		1		1	1	3	3	2	2	3	3	3	3	2	4	1	3	2	3	1	3	2	4	5	4	2	2	4	2	3	1	31	1	1	8	1	F	F	F	T	F	F	F	F			"IT"	"40"		1	3	5	2	2	5	5	2	3	3	4	4	3	3	4	3	4	3	1	77	1	6	7	4	5	3	2	2	3	"Befürchtungen um Job-Sicherheit, die ggf. gefährdet wird durch Aufgabenreduzierung. Dementsprechend hat man ggf. eine vorangehende negative Haltung, obwohl man offen sein sollte."	"Nein"	2	2	1	1	3	4	2	2	1	2	1	2	2	2	3	2	2	2	1	2	2	2	2	1	2	1	25	11	66	72	4	5	46	50	10	10	56	55	10	5	59	62	13	28	42	41	15	29	61	32	9	58	59	35	9	17	33	53	6	27	27	58	21	61	66	12	71	49	10	60	23	69	5	36	89	26	15	76	65	24	8	58	51	55	60	33	60	90	45	13	80	2	66	70	73	81	73	34	1	1	2	2	1	1	2	1	1	1	"1"	"2"	"4"	"3"	"1"	"2"	3	5	6	13	19	18	9	1	21	2	15	3	69	50	55	39	68	5	39	32	6	99	16	47	41	26	50	68	31	40	95	14	5		77	1013		2026-05-11 11:14:38		T	F	35	35	0	0	1.43
282			"base"	"interview"	2026-05-11 10:57:26	1	2	1	2	1	1	1	3	1	1	3	1	1	1	1	1	2	2	1	1	4	4	5	2	1	1	4	2	3	1	4	4	4	4	4	3	2	1	4	2	4	2	3	4	2	2	4	4	3	3	3	4	5	3	5	1	4	3	5	2	5	5	2		1		1	1	2	3	4	4	3	4	3	1	3	2	1	4	4	5	1	5	4	4	5	5	2	2	3	4	5	1	29	2	2	4	1	F	F	F	T	F	F	F	F			"Medizin"	"35"		4	2	3	2	1	1	1	1	5	3	3	5	4	2	3	4	4	5	1	97	5	7	3	2	1	6	4	5	5	"Das Menschen nicht wissen, wie sie KI richtig einsetzen. Bsp: wissen viele nicht das Ki fehler machen kann und hinterfragen die Ergebnisse nicht  "	"Nein"	1	1	3	1	3	4	3	3	1	1	2	2	3	2	4	4	2	2	4	2	1	4	3	2	4	1	22	2	81	83	1	69	90	96	11	8	97	94	16	13	87	92	11	1	86	87	6	76	78	48	9	86	101	99	9	84	42	49	1	101	89	88	12	86	77	50	84	15	12	66	10	88	78	10	97	6	4	88	97	1	2	99	101	1	1	101	97	92	15	12	91	10	93	95	84	64	12	8	1	1	2	3	1	2	2	1	2	1	"1"	"2"	"4"	"3"	"2"	"1"	16	7	8	21	22	28	56	10	17	10	27	34	63	68	49	48	44	6	35	47	6	29	23	62	51	25	54	86	34	55	159	26	19		4	1217		2026-05-11 11:18:16		T	F	35	35	0	0	1.02
284			"base"	"interview"	2026-05-11 10:58:04																																																													4	4					1	1																										1	33	1	1	4	1	F	F	F	T	F	F	F	F			"Logistik"	"39"																				1																																																																																																																															7	6	10	20	21	34	11	2	17	3																										131		2026-05-11 11:00:15		F	F	10	10	0	0	1.19
285			"base"	"interview"	2026-05-11 10:58:15	2	1	2	2	3	3	3	2	1	1	3	2	1	1	1	3	2	2	1	2	4	4	4	3	2	2	4	3	3	3	4	3	3	3	3	3	3	3	3	2	4	3	3	4	4	3	3	3	2	3	4	3	2	4	5	2	4	3	4	2	5	5	2		1		1	1	4	3	2	4	4	4	2	3	3	3	3	2	3	3	1	4	3	2	5	3	2	2	4	3	3	1	30	2	2	7	1	F	F	F	T	F	F	F	F			"Marketing"	"40"		1	3	2	5	3	3	4	1	4	4	4	4	3	4	4	4	4	3	1	96	1	7	6	4	2	5	3	4	4	"dass die Neuerungen von KI so schnell sind, dass man teilweise Probleme hat upzudate zu bleiben. Jeden Tag gibt es eine neue KI oder neue Fortschritte. "	"teilweise ja"	1	1	2	1	1	4	3	2	3	1	2	2	3	1	1	3	2	2	2	1	2	3	1	2	2	1	12	16	68	50	36	31	66	6	18	16	72	65	8	7	91	84	9	7	88	85	23	49	43	49	19	87	19	28	21	65	35	38	8	80	42	45	12	62	32	47	72	36	43	67	13	86	33	16	88	29	23	78	96	5	8	94	77	48	22	26	21	93	6	14	95	22	14	93	94	83	41	4	2	3	3	2	2	1	4	2	2	2	"4"	"1"	"3"	"2"	"1"	"2"	4	9	1084	15	847	9	11	4	24	5	24	2	85	81	75	56	117	11	103	54	7	827	49	73	66	51	57	89	50	61	120	30	7		3	1439		2026-05-11 12:06:45		T	F	35	35	0	0	0.9
286			"base"	"interview"	2026-05-11 10:58:30	1	1	1	1	2	2	1	2	1	1	2	3	1	2	1	3	1	2	1	2	5	2	4	1	1	1	1	5	1	4	2	4	4	5	4	3	3	3	1	2	3	2	4	4	4	4	3	2	1	2	4	3	3	5	5	2	4	1	4	2	4	3	2		1	"Das Ranking der Erfindungen war spannend, wenn man aber sich als Prämisse setzt, dann Buchdruck für die Folgererfindungen elementar ist, wird es schnell eine Chronologie."	1	2	5	3	2	1	4	1	1	4	4	2	1	4	2	4	1	4	2	2	2	4	2	1	1	3	5	1	48	1	1	8	1	F	F	F	T	F	F	F	F			"Einkaufsqualität im Automotive"	"45"		1	3	5	2	1	2	2	3	5	6	6	5	5	4	6	5	4	2	1	83	1	5	6	4	7	3	2	4	4	"Bewertung, wie gut Learning/TRaining der KI war/ist, Asugerollt sind Systeme schnell. aber Menschen abholen und begeistern und ggf. auch Mainenance (Update, Weiterentwicklung) mitzuplanen und mit Ressourcen zu berücksichtigen, ist oft vergessen"	"Auf Dauer in vielleicht 15 Jahren schon, zumindest braucht man weniger Personal. "	2	1	1	2	2	5	3	3	1	1	1	2	3	1	1	2	2	1	1	2	1	3	1	2	3	1	1	1	79	91	1	1	63	88	1	1	94	101	1	1	73	93	1	1	101	101	9	9	101	85	1	1	101	58	1	1	91	93	1	1	101	61	1	1	67	83	101	41	12	79	77	54	1	56	101	1	1	80	93	15	1	91	101	1	1	93	83	101	1	1	56	3	1	101	101	77	1	1	2	1	3	2	1	1	2	1	1	2	"4"	"1"	"2"	"3"	"2"	"1"	15	5	4	10	31	11	9	2	16	2	16	2	60	64	64	56	107	6	50	76	6	48	23	56	63	32	60	91	37	55	164	7	48		2	1298		2026-05-11 11:20:08		T	F	35	35	0	0	1.22
287			"base"	"interview"	2026-05-11 10:59:08	1	1	1	2	1	1	1	3	1	1	3	2	1	1	1	3	1	1	1	1	5	5	5	1	1	1	3	3	2	3	2	5	5	3	3	4	2	1	4	3	4	1	4	2	4	4	5	3	5	4	3	2	2	1	5	2	4	1	2	4	6	4	2		1		1	1	2	1	1	1	4	2	1	3	4	1	1	5	1	5	1	5	2	1	1	4	1	1	4	5	5	1	28	1	1	7	2	F	F	T	F	T	F	F	F		"Betriebswirtschaftslehre"	"Militär"	"41"		2	2	2	4	3	1	5	4	5	4	4	4	3	4	4	3	3	3	1	101	1	5	6	3	7	2	4	4	5	"Sowohl die effiziente Integrierung zu ermöglichen, zeitgleich aber auch weitere Bestimmungen zu beachten, z.B. Datenschutz."	"Nein."	1	2	2	1	2	1	3	1	1	1	2	4	4	1	1	4	1	1	3	2	1	4	1	2	4	1	2	1	101	101	1	2	91	101	1	1	101	101	1	1	101	101	1	1	65	101	1	101	54	69	1	101	50	57	1	101	52	79	1	101	51	72	1	101	101	50	101	1	1	79	101	1	1	53	101	1	1	101	101	1	1	53	101	1	1	34	101	101	22	1	55	1	1	101	101	101	23	1	2	1	2	1	1	1	2	1	1	1	"3"	"4"	"1"	"2"	"2"	"1"	7	9	4	26	48	13	18	2	24	3	29	1	86	54	61	64	87	8	46	43	2	59	30	84	66	51	82	114	61	73	115	46	20		1	1437		2026-05-11 11:23:05		T	F	35	35	0	0	1.12
288			"base"	"interview"	2026-05-11 11:00:22	1	1	1	2	2	2	1	3	1	1	4	3	2	1	1	2	2	2	1	1	5	4	4	1	1	1	3	4	2	4	2	4	4	4	5	4	2	1	3	3	5	2	5	5	5	2	5	5	3	2	5	2	5	4	5	2	5	1	5	1	6	5	2		1		1	2	4	2	2	2	5	4	2	2	4	4	1	5	1	5	1	5	2	3	5	5	4	1	5	5	5	1	38	1	1	4	1	F	F	F	T	F	F	F	F			"EDV"	"40"		1	2	4	1	9	4	1	1	6	6	6	6	6	6	6	6	6	1	1	101	1	7	6	3	4	2	5	4	4	"Die Informationsbeschaffung und das übertriebene Vertrauen in von KI-Agenten gelieferten Aussagen oder Medien."	"Nein"	2	1	1	1	2	5	3	1	2	1	1	1	4	1	1	3	1	1	2	2	1	3	1	1	3	1	1	2	95	95	1	1	99	101	1	1	101	101	1	1	101	101	9	1	49	49	1	100	99	62	1	101	98	19	1	101	101	78	1	101	101	75	1	99	101	18	101	39	1	89	84	78	1	1	101	2	1	101	101	1	1	100	63	70	11	23	101	101	1	1	87	4	1	101	84	29	1	1	1	1	2	3	1	1	2	1	1	1	"4"	"3"	"1"	"2"	"2"	"1"	10	7	8	18	17	15	10	2	10	1	11	2	68	49	47	49	121	8	48	43	1	38	28	60	54	25	60	73	258	49	152	12	7		1	1148		2026-05-11 11:23:04		T	F	35	35	0	0	1.35
289			"base"	"interview"	2026-05-11 11:00:35	3	2	3	3	2	4	4	4	3	2	2	4	2	3	2	4	1	3	2	2	4	1	3	2	2	3	5	2	4	1	5	3	2	3	4	1	4	3	4	3	5	4	2	3	1	4	2	3	5	5	5	4	3	1	5	4	3	3	2	4	4	4	2		1		1	2	1	3	2	1	4	5	3	4	3	2	3	3	3	4	1	3	2	3	3	4	5	4	2	2	4	1	33	1	1	4	1	F	F	F	T	F	F	F	F			"Logistik"	"39"		2	2	1	2	1	3	2	4	2	5	4	4	3	4	2	3	4	4	1	19	1	7	6	2	4	3	5	2	4	"Datenschutz der Amerikaner. Regulierungen in Europa."	"Einen kleinen Teil davon. Da ich aber im operativen Bereich arbeite, betrifft mich das eher weniger."	2	1	1	1	3	2	2	3	2	3	2	1	2	3	3	2	2	3	1	2	3	2	2	1	2	2	14	15	64	87	101	24	1	1	27	11	51	79	81	16	47	33	49	85	31	8	7	72	50	101	101	4	4	50	10	101	20	101	45	18	18	30	88	14	14	51	101	1	25	50	23	84	51	20	31	1	11	69	48	48	22	29	1	101	101	1	101	101	1	1	55	1	66	64	101	101	19	1	3	3	4	2	2	2	3	3	1	2	"4"	"1"	"3"	"2"	"2"	"1"	1	3	3	9	11	1	3	2	1	2	27	3	89	67	72	86	62	38	46	70	6	41	31	67	69	41	74	85	53	58	84	24	10		2	1241		2026-05-11 11:21:17		T	F	35	35	0	0	1.42
290			"base"	"interview"	2026-05-11 11:02:27	2	1	1	3	1	2	1	2	1	2	2	1	1	2	1	1	2	2	1	1	4	4	4	4	4	4	4	4	4	4	4	3	3	3	3	3	3	3	3	3	3	3	3	3	3	3	3	3	3	3	3	3	3	3	5	3	3	3	3	3	4	5	2		1	"Keine "	1	2	3	3	3	3	3	3	3	3	3	3	3	3	3	3	1	3	3	3	3	3	3	3	3	3	3	1	43	2	2	4	1	F	F	F	T	F	F	F	F			"Gesundheitswesen "	"26"		6	6	6	6	6	6	6	6	5	5	5	5	5	5	5	5	5	5	1	66	1	7	5	6	2	3	4	3	3	"Keine Ahnung "	"Nein "	3	3	3	3	3	3	3	2	2	1	1	3	3	1	2	4	2	2	3	2	2	4	2	2	3	2	43	34	72	73	56	31	51	52	59	31	64	63	57	28	101	55	57	55	53	53	26	73	70	69	54	46	47	44	23	68	69	65	63	52	59	55	53	54	51	51	72	69	69	71	49	49	57	53	67	65	43	68	66	55	49	63	73	43	45	62	61	59	49	48	51	51	64	58	56	53	58	57	2	2	2	2	1	2	2	2	2	2	"4"	"2"	"3"	"1"	"1"	"2"	3	13	17	15	22	10	5	3	12	2	5	1	52	18	34	19	25	1	13	13	4	15	39	42	68	30	65	51	20	34	46	7	8		5	717		2026-05-11 11:14:24		T	F	35	35	0	0	1.89
291			"base"	"interview"	2026-05-11 11:03:30	1	1	1	2	1	1	1	3	1	1	1	1	1	1	1	1	1	1	1	1	5	5	5	1	1	1	4	4	2	4	1	4	4	4	4	2	3	4	5	2	4	1	3	3	5	3	5	5	5	5	3	1	3	1	5	1	5	1	1	5	5	3	2		1		1	2	2	4	1	1	4	3	1	1	4	1	1	4	1	5	1	5	4	4	5	5	1	1	1	5	5	1	27	1	1	8	1	F	F	F	T	F	F	F	F			"Business Development"	"40"		2	1	1	3	1	1	1	1	1	6	6	6	4	6	6	4	4	2	1	64	7	2	3	1	6	4	5	5	5	"mangelden Akzeptanz oder Unwissenheit"	"teilweise ja, da ich viel Forschung und Entwicklung betreibe"	2	1	1	1	1	4	2	1	1	1	1	4	4	1	1	4	1	1	3	1	1	4	1	1	4	1	10	3	91	91	11	1	93	94	1	1	89	89	9	9	79	89	1	1	101	101	10	92	89	61	3	91	91	63	1	85	86	64	6	94	94	63	1	97	101	57	99	25	21	92	98	1	1	93	84	20	1	69	86	6	5	89	90	12	1	101	101	101	19	1	19	74	1	101	86	26	1	1	1	1	3	2	1	2	1	1	1	1	"2"	"4"	"1"	"3"	"2"	"1"	22	9	5	27	30	3	11	2	10	1	13	2	50	35	37	45	38	4	37	34	4	25	26	48	41	27	47	55	26	39	57	11	6		2	829		2026-05-11 11:17:19		T	F	35	35	0	0	1.56
292			"base"	"interview"	2026-05-11 11:07:53	3	1	3	3	3	3	3	3	3	3	4	2	3	3	2	2	2	3	3	3	4	4	4	1	1	1	5	3	4	4	4	4	4	3	4	2	4	3	4	3	4	5	5	4	5	3	2	3	2	4	4	5	5	4	5	4	4	4	3	4	5	5	2		1		1	1	1	4	4	1	3	5	4	4	4	4	2	3	4	4	1	5	4	2	2	4	3	2	2	4	4	1	39	2	3	6	1	F	F	F	T	F	F	F	F			"Luftfrachtversand"	"38"		6	3	4	3	7	4	3	4	4	4	4	4	3	4	3	3	3	5	1	80	3	7	6	1	5	4	2	5	4	"Die Kosten dafür sind sehr hoch und sie sind noch stark Fehleranfällig. "	"Ja"	3	3	4	3	4	5	3	4	2	3	2	1	2	3	4	3	4	4	3	4	4	3	4	4	2	3	4	7	75	77	4	58	50	57	3	4	99	100	3	4	95	94	3	3	82	71	4	7	27	94	3	63	74	65	3	61	61	93	4	73	48	96	5	62	64	89	94	4	2	97	46	72	17	39	99	2	6	89	99	5	2	97	88	21	2	66	89	85	46	38	89	37	28	82	88	88	42	13	2	2	3	3	1	1	2	1	1	2	"2"	"4"	"1"	"3"	"1"	"2"	4	15	13	26	29	7	21	4	14	4	17	2	54	53	50	51	43	4	51	37	2	37	27	58	47	30	176	64	32	51	95	15	10		1	1144		2026-05-11 11:26:58		T	F	35	35	0	0	1.3
293			"base"	"interview"	2026-05-11 11:09:24	1	1	1	2	1	1	1	3	2	1	2	3	2	1	1	3	1	1	1	1	4	4	4	2	1	1	2	4	2	4	1	3	4	4	3	3	3	3	4	4	5	2	4	3	4	2	3	4	4	3	4	2	3	2	5	3	5	2	3	3	2	1	2		1		1	2	2	2	2	1	4	2	2	3	3	1	2	5	1	5	1	5	2	1	2	5	1	3	1	4	5	1	42	2	2	8	1	F	F	F	T	F	F	F	F			"Öffentlicher Dienst"	"39"		6	2	2	3	2	5	2	4	6	6	6	5	5	6	5	6	6	1	1	81	1	7	6	5	3	4	2	4	4	" - KI suggeriert, dass die Arbeit noch besser/schneller erledigt werden kann, was die menschliche Arbeit als weniger Wert erscheinen lässt/Menschen könnten sich minderwertig fühlen
- es tut nicht das, was es soll (Nutzen wird nicht erkannt)
- es erfordert, Gewohnheiten zu ändern"	"Nein"	1	1	1	1	1	4	3	1	1	1	1	4	3	1	1	2	1	2	2	1	1	3	2	1	3	2	4	4	96	97	7	13	78	92	5	10	96	94	1	6	97	97	1	14	96	96	1	56	72	70	1	68	81	70	1	72	79	71	1	11	28	91	1	64	66	78	71	16	6	60	28	70	6	40	40	42	2	54	96	13	1	79	81	16	6	64	88	89	36	21	70	1	40	90	94	90	52	1	3	2	4	4	2	2	2	2	1	2	"2"	"3"	"1"	"4"	"2"	"1"	17	24	13	16	36	39	9	3	13	2	28	2	90	89	67	60	52	12	56	59	7	45	43	60	55	34	61	88	36	54	165	36	15		22	1389		2026-05-11 11:32:52		T	F	35	35	0	0	0.9
294			"base"	"interview"	2026-05-11 11:10:17	1	1	2	1	1	2	3	3	4	3	1	2	2	2	1	2	1	2	1	4	4	3	5	4	2	2	5	5	3	3	3	3	2	4	4	3	3	4	4	3	4	2	5	3	5	4	4	4	4	4	5	5	3	2	5	2	3	3	4	2	3	2	2		1	"nein"	1	2	1	5	5	2	4	5	3	4	4	2	2	4	3	5	1	4	5	2	2	5	3	4	1	4	4	1	26	2	2	7	1	F	F	T	F	F	F	F	F		"BWL & Sozialwissenschaften"				2	1	5	3	5	4	4	3	3	6	4	5	4	2	4	3	4	5	1	93	1	7	6	3	4	5	2	4	4	"Fehlendes Wissen an meinem Ende, fehledne Kontrolle über KI und Offenlegungspflichten/transparenz, KI kann Fehlerreproduzieren, die wie menschen ebenfalls machen, so ist KI genauso baised und Reproduziert systemische Probleme wie bspw. Rassismus"	"In Teilen
Kundenservice ist in großen Teilen bedroht und wird ersetzte, ich glaube aber auch das menschlischer Kontakt nie vollständig ersetzt werden kann "	3	1	3	3	1	4	3	2	1	1	3	3	4	3	2	2	3	2	3	4	3	2	2	1	3	4	2	1	56	88	1	3	31	87	1	3	78	69	5	2	82	90	10	63	46	37	12	101	94	54	4	97	98	37	4	97	86	54	1	87	89	51	1	89	87	49	72	61	16	49	8	30	29	41	85	76	31	42	99	16	8	91	66	81	24	28	91	101	15	54	94	70	53	95	79	84	31	1	2	2	4	3	1	1	3	1	2	1	"3"	"1"	"2"	"4"	"2"	"1"	3	6	10	18	23	3	5	2	11	2	5	1	89	40	36	30	41	9	51	40	9	32	21	49	44	22	42	58	32	65	209	8	9		1	1026		2026-05-11 11:27:25		T	F	35	35	0	0	1.62
295			"base"	"interview"	2026-05-11 11:15:51	2	1	1	2	2	1	1	3	1	1	2	3	2	2	1	2	1	1	1	1	5	5	5	2	2	4	4	3	3	2	4	3	4	4	4	4	2	2	4	4	5	3	2	1	3	4	4	4	4	4	4	3	1	3	5	3	4	2	2	4	6	4	2		1		1	2	1	4	4	3	2	3	3	2	2	3	2	4	3	3	1	3	3	1	2	4	1	2	3	4	4	1	23	1	1	7	2	F	F	T	T	F	F	F	F		"BWL-Banking Master"	"Contract Management "	"20"		6	4	6	7	4	6	6	6	5	5	5	5	5	5	5	5	5	2	1	82	3	2	5	1	6	4	7	4	4	"Regulatorik"	"Ja"	4	4	4	4	3	3	1	2	1	1	3	2	3	2	2	2	2	2	2	2	2	2	2	2	3	2	13	12	95	94	4	5	94	92	7	9	72	77	48	24	75	79	46	18	91	92	12	31	66	85	28	50	81	79	16	82	51	86	15	33	67	93	28	28	60	95	96	31	20	91	45	61	18	43	82	32	26	73	91	30	38	79	77	33	63	82	83	90	60	16	72	2	25	86	71	41	1	22	1	1	2	2	1	2	1	1	1	1	"2"	"4"	"1"	"3"	"2"	"1"	18	20	17	27	49	4	13	3	15	2	13	2	105	57	42	51	61	3	40	36	3	49	27	71	63	39	117	122	65	67	61	24	6		3	1295		2026-05-11 11:37:26		T	F	35	35	0	0	1.15
296			"base"	"interview"	2026-05-11 11:21:57	2	1	2	2	3	2	1	3	1	1	2	2	3	1	1	2	2	2	1	2	5	5	5	2	1	3	4	4	2	3	4	4	4	3	3	4	2	2	3	2	5	2	3	4	4	2	3	3	1	4	5	2	2	4	5	3	4	2	2	4	5	5	2		1		1	2	4	3	2	1	4	2	1	2	5	2	2	4	1	4	1	5	3	3	4	4	2	3	1	4	4	1	26	1	1	8	1	F	F	F	F	T	F	F	F			"IT der Steuerverwaltung"	"44"		5	2	6	4	3	7	2	3	5	6	5	5	5	6	4	5	6	5	1	101	7	2	4	1	5	3	6	4	4	"Das Engagement bzw. die Bereitschaft der älteren Kollegen neue Systeme zu verwenden, aber auch falsches Anwenden durch Wissensmangel. "	"Ja schon, aber im gleichen Moment würde KI auch andere Möglichkeiten schaffen. "	3	3	2	2	4	4	3	2	2	2	1	3	3	1	2	3	2	1	3	2	1	3	2	4	3	2	44	15	78	85	11	64	78	84	42	28	83	82	1	1	88	77	6	13	73	76	25	84	92	73	52	79	94	81	39	74	82	70	15	76	88	81	41	56	67	75	92	64	27	77	19	86	28	16	63	46	27	69	96	30	9	97	56	44	16	55	93	83	51	56	43	22	10	94	101	89	35	2	2	2	3	4	1	1	2	2	1	2	"3"	"2"	"1"	"4"	"1"	"2"	3	4	4	18	18	25	10	2	18	2	12	2	70	60	68	56	54	7	55	36	6	40	30	66	56	39	69	90	45	70	222	20	11		2	1290		2026-05-11 11:43:27		T	F	35	35	0	0	1.23
297			"base"	"interview"	2026-05-11 11:26:50	1	1	1	1	1	1	1	2	1	2	1	1	2	1	2	1	1	1	1	1	4	4	4	3	2	2	2	4	2	3	3	3	3	3	3	4	2	2	4	1	5	1	5	3	4	2	5	5	3	3	5	1	5	3	5	2	5	2	3	3	6	6	2		1		1	2	3	2	2	3	4	4	1	1	4	4	1	5	2	5	1	4	2	4	4	4	4	1	4	5	4	1	28	1	1	7	2	F	F	T	T	F	F	F	F		"M. Sc. Molekulare Lebensmitteltechnologie"	"Verkäufer"	"20"		1	7	2	1	1	1	2	2	5	6	5	5	5	5	5	5	6	2	1	81	5	2	7	1	6	4	3	4	3	"Verantowortungszuweisung bei Fehlern
reibungslose Integration in die bestehenden Prozesse
Verständnis der Technologie bei einigen Kollegen (insbesondere ältere Generationen)
Rechtliche Hürden"	"nein, aber einige Arbeitsplätze von Kollegen schon"	2	1	2	1	1	4	3	1	1	2	1	3	4	1	2	4	1	1	3	2	1	4	1	1	4	1	16	10	69	62	17	12	90	80	10	44	52	56	8	8	87	85	3	6	85	75	18	80	84	56	19	85	81	72	7	77	64	72	3	83	82	87	1	79	78	83	81	41	25	66	15	78	63	23	66	65	60	40	84	12	12	81	21	79	59	21	90	90	18	18	37	6	12	91	87	42	16	1	1	1	2	2	1	1	2	1	1	1	"1"	"3"	"2"	"4"	"1"	"2"	2	23	11	26	44	11	11	2	57	1	11	2	71	67	81	65	64	7	90	39	3	57	28	75	79	44	70	97	46	66	187	26	7		2	1472		2026-05-11 11:51:23		T	F	35	35	0	0	1.1
298			"base"	"interview"	2026-05-11 11:27:39	1	1	1	2	2	1	1	3	1	1	2	1	1	2	1	1	1	1	1	1	3	2	2	2	3	3	4	3	3	4	4	2	3	3	2	1	3	4	3	2	5	1	3	2	4	2	4	4	4	3	3	3	2	3	5	2	4	4	2	5	2	1	2		1		1	2	3	2	2	1	5	4	2	3	4	4	1	5	2	3	1	4	3	4	4	5	3	1	1	3	4	1	19	1	1	6	1	F	F	F	T	F	F	F	F			"Gastronomie"	"20"		1	2	2	2	1	2	2	1	5	6	6	5	4	3	4	4	5	4	1	39	2	6	7	3	1	5	4	4	3	"Die Einarbeitung aller Altersklassen bzw. die Gefahr dass man ersetzt werden könnte"	"Aktuell nicht, aber auch zukünftig nicht"	1	1	2	1	2	4	3	2	2	2	1	2	4	2	3	4	1	2	4	3	1	4	3	3	3	2	75	23	55	84	17	24	72	61	10	27	45	56	20	21	82	89	9	14	90	81	44	62	76	60	49	96	98	45	76	62	78	36	7	84	73	62	4	99	97	32	90	80	50	37	85	7	24	68	77	67	39	47	88	32	15	66	86	38	24	61	95	91	52	39	81	23	12	85	91	71	75	31	1	1	4	4	1	1	2	1	2	1	"3"	"2"	"1"	"4"	"2"	"1"	5	16	4	22	18	6	7	3	7	2	13	1	49	47	49	66	33	4	31	34	5	33	24	79	63	34	82	66	38	55	145	8	8		2	1059		2026-05-11 11:45:18		T	F	35	35	0	0	1.44
299			"base"	"interview"	2026-05-11 11:29:56	2	1	1	3	3	1	1	4	1	1	3	2	2	2	1	2	1	1	2	1	5	5	5	5	5	5	5	3	4	4	4	2	2	1	1	5	1	1	1	4	3	2	4	5	3	3	4	4	2	5	4	4	4	4	5	4	3	3	3	4	7	7	2		1	"Automatisierung ist sehr unkonkret. Automatischen Berechnungen vertraue ich generell mehr als nicht deterministische Resultate aus LLMs. KI ist eine Kategorie und sehr breit."	1	2	3	5	5	2	3	3	4	5	2	1	2	3	1	5	1	3	5	2	3	3	1	2	4	4	3	1	28	1	1	8	1	F	F	F	T	F	F	F	F			"Marktforschung"	"40"		4	3	6	3	2	8	4	3	3	6	4	6	5	2	3	3	3	5	1	81	2	3	7	5	6	1	4	1	5	"Verallgemeinerung und Unwilligkeit (Details) zu lernen"	"Ja, in der mittelfristigen Zukunft und bezuelgich Gehaltserhoehungen"	3	1	2	2	1	5	3	1	1	1	1	2	2	1	4	2	2	1	1	1	1	2	2	3	2	4	1	18	89	101	1	1	101	101	1	1	93	101	1	1	101	101	93	1	101	101	1	101	101	82	1	101	101	101	1	101	101	86	1	101	101	101	11	101	101	101	101	101	101	101	2	101	101	14	101	1	1	101	101	1	1	101	101	101	5	21	101	101	57	45	101	10	1	101	101	101	101	1	3	2	4	4	2	3	4	2	2	2	"3"	"2"	"1"	"4"	"2"	"1"	41	4	4	12	11	2	11	2	12	1	16	1	50	73	44	47	54	8	47	41	3	28	19	62	56	29	68	97	40	48	113	12	115		2	1069		2026-05-11 11:49:29		T	F	35	35	0	0	1.45
300			"base"	"interview"	2026-05-11 11:31:47	1	1	1	1	2	1	2	2	1	1	1	3	2	1	1	2	1	1	1	1	4	1	3	1	1	1	5	2	4	4	3	4	3	4	2	5	1	2	4	2	4	1	2	1	2	4	5	5	3	3	2	1	2	2	5	2	4	2	3	3	6	6	2		1		1	2	2	1	2	2	5	3	2	1	5	3	2	4	1	5	1	4	1	2	4	4	1	2	2	4	4	1	23	1	1	8	1	F	F	F	T	F	F	F	F			"Automobile"	"35"		1	8	3	1	3	2	1	8	5	5	5	5	2	3	5	4	4	2	1	101	2	7	6	4	3	5	1	1	3	"Ökonomische und Ökologische Folgen/Kosten für Gesellschaft und Umwelt."	"Vorerst nicht. Vielleicht zur Mitte meiner Arbeitszeit (so etwa in 15-20 Jahren)."	1	1	3	4	1	4	3	1	1	1	1	3	4	1	3	4	2	1	3	3	1	4	1	1	4	1	37	18	72	62	22	1	58	58	31	1	87	67	12	1	101	84	13	72	101	66	1	61	36	76	34	78	60	82	1	39	30	76	14	42	33	85	13	39	38	79	59	69	1	101	67	74	1	42	101	30	1	80	101	14	1	90	37	83	1	66	59	38	1	19	21	1	35	83	23	70	1	1	2	2	2	1	1	1	3	2	1	1	"4"	"1"	"3"	"2"	"2"	"1"	8	52	10	14	25	16	21	4	17	1	14	2	70	73	69	42	54	4	43	38	2	38	36	47	47	28	48	64	32	63	120	18	6		3	1129		2026-05-11 11:50:36		T	F	35	35	0	0	1.23
301			"base"	"interview"	2026-05-11 11:39:26	1	1	1	1	2	2	2	2	2	1	1	2	1	1	1	1	1	1	1	3	5	5	5	2	2	3	4	4	2	3	2	4	4	3	3	3	3	2	4	2	3	2	4	3	4	4	4	4	5	3	3	3	4	3	5	2	2	4	2	4	5	4	2		1		1	1	3	5	5	2	3	4	4	4	5	4	2	3	4	4	1	3	5	3	3	3	3	2	4	3	2	1	22	1	1	6	2	F	F	T	T	F	F	F	F		"Wirtschaftsinformatik"	"IT"	"20"		3	5	4	2	2	3	3	3	4	5	5	6	5	4	4	3	4	5	1	96	5	3	7	1	6	2	4	5	5	"Es gibt zu viele Lösungen und zu schnelle Veränderungen, sodass man schnell den Überblick verliert oder das Gefühl bekommt abgehängt zu werden. "	"Mein Aufgabengebiet wird sich verändern, aber nicht komplett verschwinden."	2	1	1	1	1	4	3	3	1	2	3	3	3	2	2	3	3	3	4	3	2	4	2	2	3	2	12	12	30	83	23	14	56	83	1	1	65	78	13	13	88	88	1	1	76	83	1	78	78	66	1	101	101	46	1	58	55	82	1	82	82	69	1	101	101	76	95	45	31	74	39	74	26	26	101	37	19	60	86	53	38	68	80	72	13	41	91	101	1	1	101	1	1	101	101	90	91	1	2	2	3	3	1	2	2	1	1	2	"2"	"3"	"1"	"4"	"2"	"1"	7	25	7	27	47	56	15	3	19	6	44	2	97	74	69	162	51	6	51	47	5	138	44	200	67	139	63	87	44	58	128	18	22		3	1831		2026-05-11 12:09:57		T	F	35	35	0	0	0.84
302			"base"	"interview"	2026-05-11 11:40:37	1	1	1	1	2	2	1	3	1	1	1	2	1	1	1	3	1	1	1	1	5	5	5	1	1	1	1	3	3	3	4	4	4	4	4	4	4	2	4	4	4	4	5	5	1	1	1	5	5	5	5	5	5	2	5	5	5	5	5	1	5	5	2		1		1	1	4	2	2	4	4	2	2	3	5	3	3	5	1	3	1	4	4	4	3	4	3	2	4	4	4	1	29	1	1	6	1	F	F	F	T	F	F	F	F			"Bildung"	"25"		1	1	8	5	1	7	7	6	5	5	5	5	6	4	3	5	6	5	1	45	1	6	7	5	2	4	3	4	5	"Das leute sich damit nicht beschäftigen. "	"Nein, sehe ich nicht. "	1	1	1	1	4	5	2	2	1	2	1	2	2	1	3	2	2	2	3	3	2	3	2	2	2	2	12	12	82	81	13	20	78	70	66	60	71	72	7	12	85	77	1	4	89	87	1	96	1	67	11	78	83	78	7	74	74	77	12	82	14	83	8	96	85	88	96	14	5	86	76	13	16	84	74	21	22	65	89	2	1	94	87	5	7	95	89	90	3	2	98	7	77	85	84	83	78	1	2	2	4	4	2	4	4	2	2	4	"1"	"2"	"3"	"4"	"2"	"1"	7	7	9	17	16	13	7	1	17	4	14	1	100	93	163	40	66	11	47	36	6	32	25	62	50	60	53	68	27	42	89	25	8		6	1222		2026-05-11 12:00:59		T	F	35	35	0	0	1.24
303			"base"	"interview"	2026-05-11 11:43:56	1	1	1	1	2	1	1	1	1	2	2	1	1	1	1	1	1	1	2	1	4	3	3	3	3	3	3	4	2	4	3	3	3	3	3	3	3	3	3	1	5	1	5	5	2	2	4	5	2	2	5	4	5	5	5	1	5	3	5	1	2	2	2		1		1	2	3	3	3	2	4	4	4	4	4	2	1	4	3	4	5	4	4	2	4	4	2	1	1	4	4	1	37	2	2	9	1	F	F	F	T	F	F	F	F			"Umweltberatung"	"24"		1	1	3	2	1	2	1	1	6	5	5	5	4	4	4	2	5	2	1	96	2	4	6	5	7	3	1	4	3	"Den Anreiz KI nicht dafuer zu trainieren, dass die eigene Stelle abgeschafft wird. "	"Ja eventuell, da viele meiner Taetigkeiten in Zukunft evtl von einer KI ausgefuehrt werden koennen. "	3	1	1	1	1	4	3	1	1	1	2	2	3	2	2	4	1	1	4	2	3	4	1	3	3	2	14	14	76	76	16	16	87	92	10	10	83	91	12	25	85	91	17	16	72	84	16	78	88	50	11	85	85	68	8	88	93	50	14	82	87	58	15	86	83	48	79	17	18	53	24	72	33	27	88	23	22	81	88	11	19	81	87	10	54	69	85	87	20	16	89	9	10	88	88	49	21	12	1	1	2	2	1	1	2	1	1	1	"3"	"1"	"4"	"2"	"2"	"1"	87	12	4	16	22	3	38	2	25	1	18	3	74	54	65	69	53	6	29	447	7	44	24	78	54	34	46	70	85	53	174	11	8		1	1241		2026-05-11 12:12:34		T	F	35	35	0	0	1.23
304			"base"	"interview"	2026-05-11 11:44:40	1	1	1	2	2	1	1	3	1	1	2	2	1	1	1	2	1	1	1	1	4	5	4	1	1	1	3	2	4	2	4	4	4	4	5	4	2	2	3	1	5	2	4	4	1	1	4	3	2	1	4	3	4	3	5	1	4	1	3	4	3	3	2		1	"Die Studie war insgesamt interessant und hat aktuelle Themen rund um KI und Arbeitswelt gut aufgegriffen."	1	2	4	2	2	4	5	3	2	2	3	4	1	4	1	4	1	4	2	4	5	4	4	1	4	4	5	1	40	2	2	6	1	F	F	F	T	F	F	F	F			"IT"	"38"		1	2	2	1	1	2	1	1	5	5	4	5	5	5	5	4	5	4	1	91	4	6	7	1	2	5	3	4	4	"Viele Menschen tun sich schwer mit neuen Technologien wie KI, weil oft das Wissen oder die richtige Einführung fehlt. Dazu kommen Sorgen um Fehler, Arbeitsplatzveränderungen und dass man mit der schnellen Entwicklung nicht mehr mithalten kann."	"Teilweise schon, vor allem bei einfachen und wiederholenden Aufgaben. Gleichzeitig glaube ich aber, dass Menschen weiterhin wichtig bleiben, besonders bei Entscheidungen, Erfahrung und dem Umgang mit anderen Menschen."	1	1	1	2	2	4	3	1	1	1	2	3	3	2	2	3	1	1	3	1	1	3	1	1	3	1	4	5	94	84	1	3	72	87	5	8	92	94	1	4	89	92	7	1	90	93	3	96	96	65	2	87	95	66	2	87	94	79	1	94	92	74	1	90	94	72	93	17	17	86	73	42	15	75	87	9	17	84	86	37	9	85	86	34	14	87	85	90	19	9	92	7	14	80	92	84	13	2	2	1	2	2	1	1	2	1	1	1	"1"	"4"	"3"	"2"	"2"	"1"	10	30	24	18	292	55	12	3	46	5	50	4	110	101	219	119	101	18	63	72	14	98	50	78	78	52	74	140	142	81	249	15	92		10	2184		2026-05-11 12:26:45		T	F	35	35	0	0	0.6
305			"base"	"interview"	2026-05-11 11:45:18	1	1	1	1	1	1	1	1	1	1	2	1	1	1	2	2	1	2	1	1	3	3	3	1	1	1	2	4	1	3	1	3	3	3	3	3	3	2	1	1	5	1	5	5	4	1	3	5	1	2	5	2	5	4	5	2	4	2	5	1	5	5	2		1		1	2	1	3	3	1	5	4	3	3	5	1	2	5	2	4	1	5	3	1	2	5	1	1	1	5	5	1	62	2	2	8	1	F	F	F	T	F	F	F	F			"Printmedien"	"25"		1	1	1	1	1	4	1	1	5	5	5	5	5	5	5	4	4	2	1	54	1	6	7	5	2	4	3	3	3	"die nicht zwangsläufig gewährleistete Zuverlässigkeit der KI und die Überprüfung der Ergebnisse"	"Sehr langfristig ja, aber nicht zu meinen Lebzeiten"	1	1	1	1	1	5	3	1	1	1	1	3	3	1	2	3	1	1	3	1	1	3	2	2	3	1	2	1	93	101	1	2	53	100	1	2	72	100	1	2	92	100	1	1	60	101	1	61	74	57	1	66	89	55	1	55	56	55	2	74	73	68	1	58	58	58	83	14	7	82	38	72	1	39	72	10	1	61	101	1	2	79	59	12	2	53	100	100	52	6	101	1	1	101	101	67	52	2	2	1	3	1	1	1	3	1	1	2	"2"	"4"	"1"	"3"	"2"	"1"	13	87	19	25	31	19	7	2	10	2	16	2	92	85	64	75	49	5	49	80	3	33	68	42	48	23	59	69	46	54	155	92	9		8	1441		2026-05-11 12:09:19		T	F	35	35	0	0	1.04
306			"base"	"interview"	2026-05-11 11:45:39	2	1	2	2	2	2	2	4	2	2	2	3	1	1	1	3	2	2	1	2	4	3	4	2	1	2	4	3	4	4	4	3	4	3	3	4	2	2	4	3	3	4	5	3	4	4	2	4	4	4	3	4	4	4	5	3	3	4	4	2	5	5	2		1	"Die Aufgabenstellung war übersichtlich und klar verständlich. "	1	2	2	4	5	3	2	4	4	4	3	4	4	2	4	4	1	3	5	2	4	2	3	3	3	3	2	1	31	2	2	7	1	F	F	F	F	F	T	F	F			"Journalismus"	"30"		4	3	6	4	2	6	6	2	4	3	4	4	2	3	3	3	3	5	1	70	5	6	7	2	3	1	4	4	4	"Dass die KI zu viel Arbeit abnimmt und mein Handwerk dadurch geschwächt würde, dass ich selbst weniger eigeninitiativ arbeiten muss."	"Jein. Ich arbeite als Journalistin und die KI könnte die Artikel zumindest digital recherchieren und schreiben, jedoch fehlt die emotionale Komponente und das verlässliche Recherchieren vor Ort und die Abwägung der Fakten."	1	1	1	1	1	5	3	3	2	2	3	2	2	3	3	2	2	3	2	3	2	2	3	2	2	4	36	36	70	59	39	40	53	38	39	38	71	72	42	13	75	67	42	41	63	72	40	73	75	47	56	70	70	54	38	77	77	45	42	80	80	46	42	75	76	49	72	52	45	70	17	90	62	16	88	43	31	84	92	40	37	84	79	62	37	62	74	75	2	30	66	2	23	93	84	59	40	1	2	2	3	4	2	2	4	2	2	1	"3"	"4"	"1"	"2"	"2"	"1"	13	55	10	17	29	22	8	2	12	1	16	2	138	78	71	62	64	9	48	55	19	53	38	114	88	55	95	98	45	76	173	27	145		494	1607		2026-05-11 12:22:51		T	F	35	35	0	0	0.86
307			"base"	"interview"	2026-05-11 11:46:23	1	1	2	3	4	2	3	3	1	1	3	3	1	1	1	3	1	1	1	1	4	4	4	2	1	1	5	4	2	1	5	2	3	1	2	1	4	3	4	2	5	4	4	4	4	2	2	4	5	5	4	4	3	1	5	3	3	4	4	1	5	4	2		1		1	2	1	4	3	1	4	4	3	4	3	4	2	3	3	4	1	3	4	1	2	4	1	1	3	3	4	1	48	1	1	6	1	F	F	F	T	F	F	F	F			"Softwareentwicklung und -beratung"	"30"		1	2	3	1	1	4	5	1	4	4	4	3	2	5	2	2	4	3	1	92	1	7	5	6	4	3	2	5	4	"Keine, außer zu Hohe Kosten für die Nutzung."	"Grundsätzlich ja, aber ich versuche mit der Technik mitzuhalten/auf dem Laufenden zu bleiben, so dass ich dennoch gebraucht werde."	1	1	2	1	2	4	2	4	2	2	2	1	3	2	3	2	3	3	3	3	2	2	2	2	2	3	5	5	86	86	1	1	100	99	5	5	77	77	9	9	83	82	2	2	83	82	1	91	80	56	1	94	101	76	5	91	96	57	1	87	87	48	1	89	89	75	83	18	19	68	101	25	1	87	95	40	56	62	92	25	25	76	99	12	18	60	95	88	17	1	70	1	15	93	97	101	30	1	2	1	3	3	2	1	2	1	1	1	"2"	"3"	"1"	"4"	"1"	"2"	40	91	11	20	50	47	12	3	33	2	26	2	163	77	104	129	83	8	82	56	10	62	52	91	97	55	104	121	69	91	215	37	39		32	2085		2026-05-11 12:21:37		T	F	35	35	0	0	0.65
308			"base"	"interview"	2026-05-11 11:49:09	1	1	1	1	2	1	3	2	1	2	2	2	1	1	1	3	1	1	1	2	5	2	5	1	1	3	4	4	2	3	2	4	4	4	4	3	3	2	4	1	4	1	3	4	4	3	4	3	4	5	5	4	4	3	5	2	4	2	3	3	4	1	2		1		1	2	1	2	2	1	5	3	2	3	4	1	2	5	1	3	1	3	2	1	4	3	1	2	3	1	5	1	44	2	2	4	1	F	F	F	T	F	F	F	F			"Einzelhandel"	"30"		2	7	1	5	2	1	5	1	5	5	6	5	4	6	5	4	5	2	1	101	1	7	6	5	3	4	2	3	4	"In meinem Berufszweig wird KI niemals eine wichtige Rolle spielen, weil bei mir der persönliche Kundenkontakt im Vordergrund steht. Ich stehe im Verkauf wo man einen persönlichen Umgang schätzt und ihn auch braucht, um die vielfältigen individuellen Kundenwünsche zu erledigen. Persönlich bin ich gar nicht großartig an KI interessiert, aber ich erkennen natürlich gewisse Vorteile in gewissen Branchen und verteufle die Technologie nicht. Sie ist auf dem Vormarsch und man wird sie nicht stoppen können."	"Nein, mein Arbeitsplatz ist zu 100% sicher. Er sieht rein menschlichen Kontakt in 95% meiner Arbeitszeit vor."	1	1	1	1	2	4	3	4	1	1	1	2	3	1	2	3	1	2	4	2	1	3	2	2	3	2	36	22	57	66	2	16	28	80	1	1	101	74	1	1	101	101	73	81	26	12	1	20	81	67	2	100	100	70	1	65	77	101	1	1	51	90	1	16	16	53	90	77	26	70	70	31	19	38	101	50	50	101	101	24	1	76	32	31	1	51	101	80	1	51	92	1	1	101	87	74	1	1	1	2	3	4	1	2	3	1	2	1	"1"	"4"	"3"	"2"	"1"	"2"	17	18	12	21	34	36	12	2	27	2	18	2	124	108	93	83	88	7	68	54	8	51	44	142	102	50	110	133	57	80	279	34	10		11	1937		2026-05-11 12:21:26		T	F	35	35	0	0	0.77
309			"base"	"interview"	2026-05-11 11:52:15	3	2	4	4	3	4	4	4	4	4	3	4	4	4	2	4	4	4	2	3	2	2	2	1	2	2	4	2	4	2	3	2	2	2	3	1	3	3	3	4	5	5	5	4	3	1	2	5	2	4	4	5	4	3	5	4	4	4	4	2	3	2	2		1		1	2	3	3	4	1	4	3	5	5	4	2	1	3	3	4	1	3	5	2	2	4	2	1	1	2	3	1	31	2	2	8	2	F	F	T	T	F	F	F	F		"Mathematik"	"Forschung (Sprachwissenschaft)"	"40"		2	5	8	1	1	8	1	1	3	5	4	3	4	3	4	3	4	4	1	19	1	3	7	2	6	4	5	3	4	"ggfs. gezwungen, damit zu arbeiten, obwohl es thematisch keinen Sinn ergibt (aber wegen Hype soll man)"	"nicht konkret, nein"	2	1	1	2	4	4	2	3	4	4	2	2	1	3	2	1	4	2	1	3	4	1	2	4	1	2	23	12	72	79	63	53	46	41	41	27	77	65	46	32	54	58	22	21	58	60	17	55	67	62	51	58	58	51	21	60	61	53	24	55	70	60	27	59	52	46	66	39	27	42	18	41	6	16	63	53	17	48	48	16	16	61	61	53	28	41	31	97	39	28	89	12	39	79	80	52	22	1	1	1	4	2	1	1	2	1	1	1	"1"	"3"	"4"	"2"	"1"	"2"	2	9	7	23	39	11	10	2	10	1	12	2	49	52	46	45	41	6	37	34	4	32	30	59	51	36	58	77	48	54	98	11	8		2	1006		2026-05-11 12:09:01		T	F	35	35	0	0	1.37
310			"base"	"interview"	2026-05-11 11:52:52	1	3	2	2	3	2	4	3	1	2	4	2	2	1	1	2	1	2	1	2	5	4	4	2	2	3	4	2	4	2	4	2	3	3	2	3	3	2	4	4	4	3	5	3	2	4	5	5	5	5	4	2	4	1	5	4	3	2	5	1	3	3	2		1	"Nein"	1	2	4	4	3	1	4	2	3	4	4	4	2	3	2	4	1	4	4	2	3	5	2	2	4	4	4	1	39	1	1	6	1	F	F	F	F	T	F	F	F			"Öffentlicher Dienst kommunale Verwaltung"	"41"		6	7	3	6	5	3	3	6	5	5	4	4	4	5	4	4	5	3	1	100	3	6	7	4	5	1	2	2	4	"Die Kompetenz ist schwer einzuholen in angemessenem Tempo"	"Nein"	2	2	4	3	2	3	2	3	2	3	2	1	4	1	3	2	2	3	2	2	2	2	2	1	3	2	20	9	82	75	20	34	53	45	18	13	85	91	12	27	76	60	23	26	74	67	17	94	80	78	20	94	95	36	17	90	80	82	23	81	70	59	15	67	63	70	99	30	42	66	27	79	71	25	91	53	43	73	62	50	43	65	52	75	69	42	86	88	42	32	72	10	10	91	91	97	49	6	1	1	3	3	1	2	3	1	2	1	"4"	"1"	"2"	"3"	"2"	"1"	18	50	13	23	47	20	11	4	12	3	27	3	88	74	80	62	64	10	69	51	10	54	33	77	75	43	76	95	49	72	119	25	21		8	1486		2026-05-11 12:17:38		T	F	35	35	0	0	0.8
311			"base"	"interview"	2026-05-11 11:57:07	2	1	1	2	2	1	2	1	1	1	1	1	3	1	1	1	1	2	1	1	1	1	1	1	1	1	5	3	3	3	3	1	1	1	1	2	2	4	3	1	4	2	5	4	4	3	3	4	3	2	4	2	4	2	5	2	4	2	5	1	4	4	2		1		1	1	2	3	1	1	4	4	2	3	4	2	2	4	1	4	1	2	1	4	5	4	1	2	4	4	5	1	37	2	2	9	1	F	F	F	T	F	F	F	F			"Wissenschaft"	"40"		3	2	3	1	1	2	6	1	6	6	6	6	4	5	6	6	6	2	1	100	1	7	6	3	4	5	2	3	3	"Die Fehlinformationen, die in den Modellen produziert werden, sind schwierig einzuordnen und führen zu Fehlannahmen."	"Nicht direkt, aber die Arbeit ändert sich. Schreib- und Rechercheprozesse werden übernommen, aber die Qualität stimmt oft nicht."	3	1	1	1	2	4	3	2	2	1	1	3	3	2	1	4	1	2	4	2	2	4	1	1	3	1	14	15	29	68	41	28	28	52	2	1	55	67	5	5	72	78	12	11	82	90	6	82	83	45	1	97	99	16	2	84	84	19	2	81	85	24	6	84	83	28	47	85	9	8	22	80	33	7	92	13	1	56	93	66	1	14	87	54	2	7	101	101	12	1	95	1	16	93	94	76	42	2	2	2	3	4	2	2	4	2	2	1	"4"	"2"	"3"	"1"	"2"	"1"	8	12	6	18	17	4	10	2	7	2	8	2	57	47	46	36	37	5	32	92	6	32	25	53	47	48	74	68	26	46	114	9	6		3	1005		2026-05-11 12:13:53		T	F	35	35	0	0	1.43
313			"base"	"interview"	2026-05-11 11:58:12																																																													3	2																																1	28	2	2	6	2	F	F	T	T	F	F	F	F		"Lehramt"	"Gesundheitsbereich"	"24"																				1																																																																																																																															1154	35	6	10	115	9																														185		2026-05-11 12:20:21		F	F	6	6	0	0	0.99
314			"base"	"interview"	2026-05-11 11:59:00	1	1	2	3	3	3	2	2	2	1	2	3	1	3	1	3	1	3	1	2	3	3	3	4	2	3	4	3	2	2	5	3	2	3	2	1	1	1	2	4	4	5	4	1	1	5	1	5	3	3	3	4	4	3	5	2	1	4	5	1	2	2	2		1		1	2	1	3	5	1	2	5	5	5	2	5	5	2	5	5	1	3	5	1	2	3	2	5	4	2	2	1	21	2	2	6	1	F	F	T	F	F	F	F	F		"Betriebswirtschaftslehre"				6	2	8	5	2	3	1	6	2	1	2	1	1	1	1	1	1	6	1	68	7	4	6	1	3	2	5	2	4	"Blindes Vertrauen in die KI, die schließlich zu großen Fehlern oder ""schlechten"" Daten führen können"	"Nein, ich denke nur, dass es eine Verschiebung geben wird. "	2	1	1	4	1	2	1	3	2	4	2	2	2	4	4	2	4	3	2	4	3	2	3	4	2	2	44	50	28	23	14	67	30	5	71	54	62	67	48	50	31	22	48	50	75	80	12	51	70	79	31	73	77	77	28	44	61	64	16	54	73	77	28	53	72	69	83	68	71	54	23	61	57	25	86	66	36	79	70	70	49	53	70	56	63	40	86	101	25	1	66	1	30	87	69	101	75	1	3	3	4	4	3	3	4	3	2	3	"2"	"4"	"1"	"3"	"1"	"2"	46	48	10	33	62	11	9	2	24	2	11	2	157	123	188	97	67	8	65	91	9	83	36	100	109	50	102	116	67	122	199	74	19		7	2149		2026-05-11 12:34:49		T	F	35	35	0	0	0.73
315			"base"	"interview"	2026-05-11 11:59:15	2	1	1	1	1	1	2	3	1	1	1	1	1	1	1	1	1	1	1	1	4	4	4	4	3	3	5	4	2	2	1	1	2	2	1	3	3	4	3	3	4	3	5	5	4	2	4	5	2	4	4	3	3	4	5	3	4	2	5	2	6	5	2		1		1	2	4	2	4	1	3	4	3	4	5	2	1	3	3	4	1	4	3	5	5	4	5	2	2	3	4	1	23	1	1	7	2	F	F	T	T	F	F	F	F		"Medizin"	"Gesundheitswesen"	"18"		6	3	5	7	2	4	6	2	5	5	6	5	4	4	5	4	5	2	1	91	2	6	7	1	4	3	5	3	3	"die zuverlässlichkeit; man kann eine KI, die nicht zumindest zuverlässiger als ein mensch ist an einem menschen ranlassen, der eventuell an etwas erkrankt ist"	"zum teil, es ist sehr branchenabhängig; was aber auf jeden fall passieren wird, ist, dass der Beruf als Arzt sich grundlegend ändern wird"	2	1	1	1	1	4	3	2	2	1	2	3	3	2	2	4	1	1	3	2	2	4	2	1	3	1	31	37	83	84	5	13	96	92	14	67	89	47	7	5	91	91	8	12	87	65	23	89	91	64	13	93	92	65	68	82	64	83	17	90	57	80	11	50	72	39	84	79	36	33	24	91	38	5	36	86	86	26	101	74	9	64	54	84	41	22	86	101	14	65	88	10	46	72	94	99	84	32	1	2	2	2	1	1	3	1	1	1	"3"	"2"	"1"	"4"	"1"	"2"	6	7	11	26	85	7	22	3	25	2	51	4	210	51	75	72	57	8	50	49	7	43	51	66	57	34	74	76	50	56	138	23	7		2	1505		2026-05-11 12:24:20		T	F	35	35	0	0	1
316			"base"	"interview"	2026-05-11 12:01:29	1	1	1	2	3	1	2	1	1	2	2	2	2	1	1	2	1	1	1	3	4	3	5	2	1	1	4	3	2	3	2	3	3	2	3	4	2	3	4	2	2	3	4	3	4	5	3	4	4	4	2	4	5	2	5	3	4	4	3	2	5	5	2		1		1	2	2	5	4	1	3	4	4	4	4	2	2	3	4	5	1	4	4	2	4	3	1	1	2	4	4	1	31	1	1	8	1	F	F	F	T	F	F	F	F			"Verkehrsplanung"	"39"		3	4	3	3	2	4	3	2	5	5	4	5	5	4	5	4	4	5	1	65	2	3	5	1	7	4	6	2	4	"Offenheit und ein Verständnis, worin KI gut ist und worin eher nicht."	"Nein, aber mein Arbeitsalltag kann sich durch neue KI-Tools stark ändern."	2	1	2	2	2	4	4	3	1	1	2	2	4	2	3	3	2	2	3	2	2	4	3	2	3	2	53	29	53	34	20	34	52	53	33	14	83	55	31	13	83	61	57	25	68	62	39	101	90	61	21	101	92	55	22	101	97	55	32	101	91	73	38	101	95	60	86	18	21	75	54	45	20	36	82	38	12	68	95	35	14	77	80	38	21	60	101	69	25	53	83	1	12	94	82	66	19	1	1	2	2	2	1	2	3	1	1	2	"3"	"2"	"4"	"1"	"2"	"1"	2	9	4	10	38	8	7	4	12	4	6	1	63	68	61	65	45	7	44	140	6	35	26	60	60	36	70	73	46	58	98	17	3		16	1202		2026-05-11 12:21:31		T	F	35	35	0	0	1.34
317			"base"	"interview"	2026-05-11 12:01:30	2	2	2	4	2	2	2	4	1	2	2	3	1	2	2	3	1	2	1	2	4	3	4	3	3	3	5	2	4	2	3	3	2	2	2	3	3	3	4	2	3	2	5	5	5	3	3	5	3	2	3	4	5	3	5	2	3	3	5	1	4	4	2		1		1	1	2	5	3	2	3	4	3	3	3	2	1	3	3	4	1	3	4	3	3	3	2	1	4	3	3	1	49	2	2	8	1	F	F	F	T	F	F	F	F			"Entertainment"	"20"		2	2	4	3	2	4	3	2	2	3	2	2	2	3	2	2	2	6	1	88	3	4	5	2	7	1	6	3	4	"Komplettes Outsourcing zu KI und damit kein Einkommen mehr."	"Ja."	1	1	1	1	1	4	2	3	3	3	3	1	2	2	3	2	2	4	2	2	2	2	3	3	2	2	14	13	41	50	10	11	67	79	7	2	82	89	13	15	51	65	5	68	47	37	1	18	30	31	10	15	24	16	8	7	8	84	16	21	30	19	6	57	74	22	65	45	45	53	80	65	18	79	84	72	18	86	74	48	47	58	30	57	56	31	78	78	11	14	81	10	22	52	78	80	77	1	1	1	3	2	1	1	3	1	1	1	"2"	"3"	"1"	"4"	"1"	"2"	7	6	7	15	20	7	10	2	15	3	7	2	58	41	42	42	41	5	39	36	2	42	35	67	51	28	59	71	36	58	88	13	24		3	982		2026-05-11 12:17:52		T	F	35	35	0	0	1.39
318			"base"	"interview"	2026-05-11 12:02:43	3	2	2	3	3	3	2	4	1	1	4	2	3	2	3	2	2	3	3	3	2	3	3	2	3	3	3	2	3	3	3	4	4	4	4	3	4	4	4	3	5	3	4	3	4	4	5	3	4	5	5	3	1	2	5	5	3	3	1	5	5	3	2		1		1	1	3	4	3	2	2	3	3	4	3	3	3	2	2	3	1	4	3	2	3	2	3	4	3	3	4	1	20	1	1	6	1	F	T	F	F	F	F	F	F	"Bankenwesen"					7	6	6	7	5	6	6	6	4	3	4	3	3	4	3	3	2	3	1	101	3	7	4	1	6	2	5	4	5	"Unfähigkeit der Menschen "	"nein, er wird sich aber sicherlich stark verändern"	2	1	1	2	3	4	3	3	2	1	1	2	4	3	2	3	3	2	3	3	2	3	2	3	4	3	1	20	70	55	1	1	72	67	1	1	81	84	80	23	42	72	1	1	90	85	1	79	75	67	1	79	101	51	47	71	72	72	22	77	53	53	1	76	75	1	91	1	1	83	20	87	51	29	92	29	13	81	89	21	56	50	101	1	1	90	76	91	47	77	84	1	25	82	101	53	55	1	2	2	2	3	2	1	1	2	1	2	"2"	"1"	"3"	"4"	"1"	"2"	4	17	7	15	42	6	10	5	9	2	18	1	179	63	171	49	87	15	88	82	2	38	58	107	46	12	32	38	11	23	111	8	6		2	1364		2026-05-11 12:25:27		T	F	35	35	0	0	1.44
320			"base"	"interview"	2026-05-11 12:02:53	1	1	1	1	1	1	1	1	1	2	3	2	2	1	1	2	2	1	1	1	5	5	5	3	2	2	3	2	4	2	3	3	4	4	4	4	3	2	5	2	4	1	4	4	2	2	5	4	4	5	4	3	2	4	5	2	4	3	1	5	3	4	2		1	"nein"	1	1	3	2	2	5	5	5	2	2	4	5	1	4	2	4	1	4	1	5	5	4	3	1	5	4	5	1	25	1	1	7	1	F	F	F	F	T	F	F	F			"Öffentliche Verwaltung"	"40"		1	1	5	5	2	5	3	1	6	6	6	5	4	4	4	5	5	3	1	101	3	4	6	1	7	5	2	5	5	"die Akzeptanz und Bereitstellung durch meine Firma"	"Nein"	2	2	1	1	2	3	3	3	1	1	2	3	4	1	1	4	1	2	4	2	2	4	1	2	4	2	20	21	77	73	77	63	77	47	7	7	90	90	70	19	71	71	8	9	87	87	42	80	76	63	67	52	66	52	19	77	78	66	85	65	64	70	7	92	55	53	89	70	60	69	49	68	50	37	94	16	16	82	101	16	17	73	95	1	1	87	101	101	1	6	101	1	14	78	101	101	61	3	2	1	3	3	1	1	1	1	1	1	"2"	"3"	"1"	"4"	"2"	"1"	15	6	6	15	18	39	9	2	9	6	17	1	60	54	51	73	41	4	37	54	7	30	18	50	46	27	53	57	25	46	73	23	7		4	983		2026-05-11 12:19:16		T	F	35	35	0	0	1.34
321			"base"	"interview"	2026-05-11 12:04:59	3	1	2	4	3	3	3	4	2	3	2	4	3	4	2	3	1	3	3	2	2	3	3	2	3	3	5	3	4	2	3	3	3	3	3	3	3	4	4	3	3	5	5	3	2	4	3	3	3	4	1	4	4	1	5	3	2	4	5	1	3	2	2		1		1	2	1	5	5	1	4	4	4	4	4	2	1	3	3	3	1	3	4	1	2	4	1	1	2	3	4	1	69	2	2	8	1	F	F	F	T	F	F	F	F			"Forschung"	"20"		5	5	3	7	6	2	5	3	4	3	2	3	2	3	3	2	2	3	1	62	1	7	6	4	3	5	2	3	3	"Verlässlichkeit der KI, Ethische Grundsätze, Umweltauswirkungen"	"Zum Teil (Analysen/Wissenschaftliche Arbeit in der Forschung)"	2	1	2	2	2	4	2	3	2	2	3	2	2	3	3	2	2	3	1	3	3	2	3	2	2	4	34	12	26	52	11	10	30	53	35	23	39	48	17	12	40	48	9	12	38	48	22	73	76	43	4	84	79	31	5	59	59	25	1	57	60	29	22	50	59	28	59	60	41	35	8	63	15	15	60	51	35	29	62	37	21	39	31	58	29	35	72	71	37	19	61	1	34	55	61	61	26	1	2	1	3	2	1	1	2	1	1	2	"1"	"3"	"4"	"2"	"1"	"2"	12	10	7	18	17	86	5	2	9	1	11	1	107	45	193	35	142	5	250	257	5	345	25	45	182	41	48	53	251	51	78	15	4		1	1850		2026-05-11 12:44:17		T	F	35	35	0	0	1.27
322			"base"	"interview"	2026-05-11 12:05:11	1	1	2	1	2	1	1	2	1	1	2	1	1	1	2	2	1	1	1	2	5	5	5	2	2	2	4	3	3	2	4	2	3	2	2	3	3	4	4	3	5	1	4	3	3	3	4	4	4	4	5	4	2	2	5	4	4	2	3	4	5	5	2		1		1	1	1	2	2	1	4	1	1	5	5	2	2	5	2	4	1	4	2	3	3	5	2	1	1	5	5	1	24	1	1	6	1	F	F	T	F	F	F	F	F		"Materialwissenschaft und Werkstofftechnologie"				3	5	2	5	2	2	6	2	4	5	5	4	3	5	4	3	5	3	1	9	3	7	6	5	2	4	1	5	5	"Auch älter Mitarbeiter / Kollegen müssen sich beispielsweise auch darauf einlassen, was allerdings viele ablehnen. Im Studium oder in der Schule müssen die Studenten/Schüler lernen KI richtig zu nutzen und nicht einfach alles abzuschreiben für ihre Aufgaben."	"Nein, KI / Automatisierung könnte einiges vereinfachen, aber ich denke nicht, dass mein Arbeitsplatz direkt bedroht ist."	2	1	1	2	1	3	3	4	1	1	3	2	4	2	3	3	1	2	3	3	1	4	2	1	4	2	12	1	101	101	1	1	101	67	1	16	74	81	1	1	101	101	1	1	54	55	1	83	81	49	1	81	101	16	1	81	82	71	1	101	101	1	1	90	82	18	79	48	4	64	17	72	14	16	48	64	34	34	101	13	1	91	73	20	1	20	101	101	1	62	83	1	13	101	101	76	52	1	2	1	4	3	1	2	2	1	1	1	"1"	"4"	"3"	"2"	"2"	"1"	17	29	58	39	49	21	17	3	56	16	55	2	212	109	119	123	112	15	71	97	10	95	75	195	119	78	157	402	73	110	236	39	54		9	2858		2026-05-11 12:53:03		T	F	35	35	0	0	0.5
323			"base"	"interview"	2026-05-11 12:07:15	3	2	2	3	3	2	3	3	1	2	3	2	1	2	2	2	1	2	2	2	3	4	4	4	3	3	4	2	4	3	4	3	4	2	3	2	3	3	3	4	4	2	5	3	2	3	3	4	3	3	4	4	2	4	5	4	4	3	3	3	5	4	2		1	"Ich kann mir nicht erklären, wieso ich die beiden Testfragen am anfnag falsch beantwortet habe, ich habe eigentlich alles aufmerksam gelesen."	2	1	2	4	4	4	3	5	4	4	4	5	3	3	4	4	1	3	4	2	2	3	2	3	4	3	3	1	20	1	1	6	1	F	F	T	F	F	F	F	F		"Lehramt (Germanistik)"				6	3	5	2	2	4	5	4	4	4	3	4	3	3	3	3	4	4	1	85	1	6	7	2	4	5	3	3	4	"Ich glaube, dass gerade Datenschutz eine große Hürde darstellen könnte."	"Kann ich soweit nicht beantworten."	2	1	3	2	4	4	3	2	1	2	2	2	3	2	4	3	2	2	2	3	2	3	3	2	3	3	31	27	58	62	31	16	73	79	34	28	60	67	32	12	66	70	42	56	59	60	43	70	73	48	33	67	76	73	38	54	62	57	16	75	81	68	44	63	64	52	64	74	64	50	93	63	12	63	76	82	65	57	96	6	11	87	70	71	67	46	69	86	63	42	77	26	44	73	83	29	25	7	2	1	3	3	1	3	3	2	1	2	"3"	"2"	"4"	"1"	"1"	"2"	16	16	10	16	31	6	28	4	14	2	11	5	60	44	37	41	49	4	46	34	6	31	28	58	53	23	62	67	46	37	79	7	52		3	1026		2026-05-11 12:24:21		T	F	35	35	0	0	1.24
324			"base"	"interview"	2026-05-11 12:08:03	1	1	1	3	3	2	3	3	3	3	2	3	3	1	1	4	1	2	1	1	4	4	4	1	1	1	3	3	1	4	2	4	5	4	4	3	3	2	4	1	4	2	5	4	4	2	3	4	5	4	5	3	4	2	5	2	4	2	2	4	6	5	2		1		1	2	2	3	4	1	3	5	4	4	3	2	1	3	4	3	1	3	5	3	5	5	4	1	1	3	3	1	29	1	1	5	1	F	F	F	F	F	F	T	F					"Lagerlogistik"	1	3	1	1	2	1	1	1	3	5	5	5	4	5	5	5	5	2	1	91	5	7	6	1	2	3	4	5	5	"Das Problem, dass Personen die nicht Technikaffin sind, Probleme haben es zu verstehen und effektiv zu nutzen."	"nein"	1	1	2	4	3	4	3	1	1	2	1	3	3	2	1	2	1	2	3	2	2	3	2	1	3	3	7	1	81	89	1	1	89	77	5	4	85	90	1	8	98	101	1	1	74	88	6	101	93	81	1	92	96	70	7	97	93	71	1	101	101	101	1	96	97	86	101	7	9	91	16	70	62	70	93	16	10	79	101	7	1	81	21	91	20	79	94	95	6	6	93	1	8	95	97	83	25	1	2	1	4	3	1	1	3	1	1	1	"2"	"4"	"3"	"1"	"1"	"2"	2	5	4	18	17	5	11	2	10	1	8	1	89	56	40	42	71	7	34	32	3	41	24	62	54	32	67	72	72	51	70	9	4		2	1018		2026-05-11 12:25:01		T	F	35	35	0	0	1.61
325			"base"	"interview"	2026-05-11 12:09:48	1	2	1	2	1	1	1	3	1	1	3	2	2	1	4	1	1	1	1	1	3	4	5	1	2	1	5	2	5	1	4	3	3	4	4	3	4	2	3	2	4	1	5	3	2	1	3	5	3	4	5	3	2	4	5	1	3	2	2	1	4	2	1	"Das Laden der Seite und das Senden des Geldes dauert eine Weile."	1	"Keine"	1	2	3	2	3	5	5	5	1	2	3	5	1	4	3	4	1	5	1	4	5	5	3	2	4	4	3	1	35	1	1	4	1	F	F	F	T	F	F	F	F			"Gartenarbeit"	"50"		1	1	2	1	1	2	1	1	6	5	6	6	2	6	6	5	6	1	1	101	6	3	2	1	5	4	7	3	5	"Manchmal fällt es ihnen schwer Perfektion zu erreichen."	"Nein. Überhaupt nicht."	1	1	3	4	3	5	3	2	1	2	1	2	3	1	2	3	1	1	4	2	2	3	1	2	4	2	1	1	54	77	2	54	75	61	71	28	88	101	1	1	52	83	1	43	84	101	1	101	101	100	1	101	79	78	1	101	101	61	1	101	101	101	1	101	77	101	101	52	2	80	33	57	1	50	101	62	1	56	101	52	1	53	39	61	1	50	101	54	1	54	79	1	1	101	101	101	101	1	1	1	3	2	1	3	2	1	2	1	"3"	"4"	"1"	"2"	"1"	"2"	45	26	23	69	109	22	21	5	15	3	38	5	133	138	126	185	100	23	118	95	16	79	68	180	149	55	138	173	60	109	174	20	34	61	44	2618		2026-05-11 12:54:07		T	F	35	35	0	0	0.51
326			"base"	"interview"	2026-05-11 12:10:20	1	1	1	1	2	1	1	2	1	1	2	2	1	1	1	3	1	1	1	2	4	2	3	1	1	1	4	4	1	5	1	3	4	3	4	2	4	3	4	2	4	1	5	3	4	3	4	4	4	4	3	1	4	2	5	2	4	2	5	2	5	5	2		1		1	2	2	3	3	1	4	3	2	4	3	2	1	3	2	4	1	5	5	2	2	4	1	1	1	2	3	1	29	1	1	7	1	F	F	F	T	F	F	F	F			"Softwareentwickler"	"35"		1	1	1	2	2	1	1	3	5	5	5	4	4	5	4	3	5	2	1	101	1	7	5	3	4	2	6	4	4	"Die technischen Neuerungen wie KI geschehen in einem so großen Tempo, dass es schwer wird immer auf dem neusten Stand zu bleiben und immer informiert darüber zu sein."	"Ja, als Softwareentwickler sehe ich meinen Arbeitsplatz durchaus bedroht durch KI. Es ist bereits möglich schnell und einfach funktionierenden Code mit KI zu erzeugen. Es kann sein, dass deswegen in Zukunft Softwareentwickler komplett ersetzt werden können."	1	1	3	1	3	5	3	2	1	1	2	3	3	2	2	3	1	2	3	1	1	3	2	1	3	1	19	1	66	71	76	94	18	32	1	1	101	78	36	1	101	80	42	88	25	37	1	1	67	78	1	37	68	37	1	54	19	40	1	66	74	74	1	33	78	57	81	27	1	68	1	89	1	19	101	1	1	92	89	63	1	65	64	65	1	37	85	90	1	1	74	63	62	78	86	101	66	1	2	1	3	2	1	1	2	1	1	1	"4"	"3"	"1"	"2"	"1"	"2"	3	5	8	15	56	27	17	3	17	2	25	1	87	54	58	77	73	8	60	45	6	47	34	70	65	36	64	96	43	59	282	15	13		11	1482		2026-05-11 12:35:02		T	F	35	35	0	0	1.07
327			"base"	"interview"	2026-05-11 12:11:02	1	2	2	2	2	2	2	2	2	1	2	3	1	2	1	3	1	2	1	2	5	5	5	1	1	1	3	3	5	3	3	3	5	3	3	3	5	5	4	2	4	4	5	3	4	4	1	4	4	4	4	5	5	4	5	3	3	4	5	1	4	4	2		1	"Ich hoffe, dass die 1. Frage nicht als Attention-Check gilt, denn für mich als Laie ist KI was mit Robotern und überwiegend als Tool, das mir Aufgaben abnimmt, statt etwas im klassischen Sinne zu produzieren, da ich am Ende es doch irgendwie hergestellt habe - nur eben mit Hilfe einer KI"	1	1	4	4	4	4	3	4	4	3	4	5	2	4	3	5	1	1	2	2	2	5	2	2	5	4	4	1	43	1	1	7	1	F	F	F	T	F	F	F	F			"Kundenservice"	"40"		1	5	1	1	1	1	5	5	3	4	4	4	4	4	1	4	4	6	1	99	3	5	4	1	7	2	6	5	4	"Mit KI sich vorbilden und die Möglichkeiten in Learnings für berufliche Weiterbildungen nutzen und auch einen Überlick behalten, was man alles damit machen kann. Es für sich als Add On betrachten, weniger als das einzige Tool"	"Nein"	3	2	2	3	4	3	2	2	1	2	2	2	1	3	4	2	2	2	2	2	2	2	4	4	2	2	2	1	101	54	1	1	53	53	1	1	101	101	2	1	101	101	1	54	54	54	1	101	53	54	1	101	101	54	1	101	1	101	1	101	1	101	1	101	101	52	101	1	1	101	1	101	101	1	101	48	1	49	101	1	1	101	101	101	1	1	101	101	1	1	97	1	1	101	101	53	1	1	2	2	4	4	2	2	3	2	2	2	"4"	"3"	"2"	"1"	"1"	"2"	10	14	8	75	30	26	6	3	26	7	22	3	94	101	69	112	85	6	45	46	5	44	37	55	84	31	66	94	58	276	164	20	114		2	1735		2026-05-11 12:41:40		T	F	35	35	0	0	0.89
328			"base"	"interview"	2026-05-11 12:11:12	2	1	2	2	1	2	3	3	1	1	2	2	1	1	1	2	1	2	1	2	4	1	3	2	2	2	4	4	3	3	3	2	3	3	2	2	4	4	5	1	4	4	3	1	3	2	2	2	5	4	3	4	3	1	5	2	5	5	2	3	4	2	2		1		1	2	3	2	1	1	4	1	4	5	3	1	1	4	3	4	1	3	4	1	3	5	1	1	3	4	4	1	39	1	1	7	1	F	F	F	T	F	F	F	F			"Öffentlicher Dienst"	"39"		1	2	1	1	2	5	2	3	4	3	5	2	3	6	2	4	6	4	1	91	1	5	7	4	6	3	2	4	4	"Beruflich zunächst vor allem organisatorische Hürden: Sind KI-Tools erlaubt? Welche? In welchem Umfang stehen sie zur Verfügung? Dann stellt sich die Frage, wie sie überhaupt sinnvoll integriert und genutzt werden können. Dies alles sind Fragen, die noch nicht abslchießend geklärt sind. Privat sehe ich Hürden vor allem im Bereich Datenschutz und z. B. Erkennung von mir KI erstellten Fakes."	"Eher weniger - Ich sehe es eher als Instrument, welches genuttzt werden kann, um effizienter zu arbeiten bzw. Unterstützung bei bestimmten Aufgaben zu haben."	3	1	4	2	4	4	2	3	2	2	3	2	2	2	3	2	3	4	3	3	2	3	2	2	3	3	19	12	73	67	77	41	46	23	17	13	63	60	53	31	78	41	91	94	15	23	11	39	50	23	72	65	75	50	12	57	67	18	37	47	48	33	70	55	48	42	72	38	27	17	38	64	10	8	77	38	35	39	52	56	35	13	20	71	16	6	89	69	8	8	83	7	64	29	81	84	81	12	1	1	4	3	1	2	3	1	1	1	"4"	"2"	"1"	"3"	"2"	"1"	10	47	9	18	76	100	28	2	29	2	18	2	117	60	88	89	64	7	46	61	6	61	34	68	63	34	61	86	45	60	257	18	18		5	1603		2026-05-11 12:39:21		T	F	35	35	0	0	0.86
329			"base"	"interview"	2026-05-11 12:12:33	2	1	4	4	4	4	3	4	2	3	4	4	3	2	2	4	1	3	3	3	2	2	2	4	4	4	5	1	4	1	5	2	2	2	2	3	3	4	4	3	2	5	3	2	1	3	2	1	4	5	3	5	2	1	5	4	3	4	1	5	4	4	2		1		1	2	1	4	3	1	3	3	3	4	2	1	3	3	4	2	1	2	4	1	3	3	1	2	3	2	3	1	39	1	1	3	1	F	F	F	T	F	F	F	F			"produktion"	"40"		3	6	2	7	8	1	2	7	3	3	4	4	2	3	3	2	2	5	1	90	2	7	6	5	3	4	1	4	3	"angst um denn arbeitsplatz"	"ein wenig"	2	4	4	1	5	1	2	4	3	4	3	1	1	3	4	1	3	4	2	3	4	1	3	3	1	3	22	31	60	71	60	55	41	32	88	53	29	17	30	48	71	18	93	91	16	33	43	88	11	48	78	56	23	19	91	7	12	51	72	62	9	41	91	14	12	34	90	64	12	40	58	70	38	24	63	83	18	18	82	91	16	22	16	87	44	7	92	69	15	56	3	76	30	80	87	75	86	49	4	3	3	3	2	2	2	3	1	2	"1"	"3"	"2"	"4"	"2"	"1"	3	8	8	16	19	11	14	2	24	2	19	2	81	62	83	70	62	8	60	64	5	55	35	98	66	36	80	109	53	78	92	16	10		2	1353		2026-05-11 12:35:06		T	F	35	35	0	0	1.11
330			"base"	"interview"	2026-05-11 12:13:15	1	1	1	1	1	1	1	2	1	1	1	2	1	1	1	1	1	1	1	1	2	1	2	1	1	3	2	4	2	4	2	4	4	4	4	3	2	2	2	1	5	2	4	4	4	1	4	4	1	2	5	2	4	4	5	1	5	2	4	1	3	3	2		1		1	2	2	1	1	1	5	3	1	4	5	2	2	5	1	5	1	4	2	2	5	5	2	1	1	4	5	1	45	2	2	8	1	F	F	F	T	F	F	F	F			"Buchhaltung"	"20"		1	3	3	2	1	3	2	1	6	6	6	5	5	5	5	5	6	1	1	87	5	7	4	2	1	3	6	2	4	"Eine hohe Fehlerquote ist fuer mich die groesste Huerde."	"Nein, ich glaube nicht, dass mein Arbeitsplatz durch KI bedroht wird. Menschen werden, meiner Meinung nach, im Arbeitsumfeld weiterhin wichtig sein."	1	1	1	2	1	2	3	1	1	1	1	3	3	1	1	4	1	2	4	2	2	4	1	2	4	1	17	1	94	101	1	6	78	95	1	1	94	97	1	1	97	101	1	1	97	100	1	88	93	84	10	52	101	89	1	66	93	69	1	80	101	67	1	51	101	87	89	29	8	81	1	96	74	2	81	63	22	61	77	34	4	71	65	75	1	41	72	101	29	6	96	1	14	101	101	31	1	2	2	1	3	3	1	2	3	2	1	2	"1"	"2"	"3"	"4"	"2"	"1"	18	56	22	24	62	40	26	4	49	4	32	2	139	211	125	71	96	16	60	48	8	53	60	87	81	49	76	153	113	70	206	31	19		4	2115		2026-05-11 12:48:30		T	F	35	35	0	0	0.64
331			"base"	"interview"	2026-05-11 12:15:06	2	1	2	3	2	2	2	3	2	3	2	2	2	2	1	2	2	2	1	2	4	4	4	2	2	2	4	3	3	4	3	4	4	4	4	3	3	2	4	3	3	4	4	4	4	4	3	4	4	3	2	4	4	3	5	3	3	4	4	2	4	4	1	"keine"	1	"nein"	1	1	1	4	4	4	3	4	4	4	3	4	3	3	4	3	1	4	4	3	4	3	2	3	3	2	3	1	34	1	1	6	1	F	F	F	T	F	F	F	F			"Wasserversorgung"	"34"		3	3	8	6	3	7	6	2	4	4	4	4	4	5	4	4	4	5	1	77	7	3	5	1	6	2	4	4	4	"Eigentlich keine, mein Beruf kann durch KI nur vereinfacht werden und nicht ersetzt"	"überhaupt nicht"	2	1	4	2	3	3	2	3	2	3	2	2	2	3	3	2	3	3	3	3	3	2	2	2	2	3	67	64	67	40	55	39	49	46	72	49	68	42	69	38	71	38	71	59	72	36	77	77	72	49	66	73	71	69	57	72	77	61	72	73	73	43	62	64	65	61	74	31	31	73	39	70	63	49	79	36	41	75	73	34	43	75	65	35	41	70	65	74	27	27	72	27	48	67	77	79	93	32	2	1	3	3	2	2	3	2	2	2	"1"	"4"	"3"	"2"	"1"	"2"	5	32	13	21	36	17	37	5	24	6	25	3	104	63	118	66	51	8	87	36	6	52	37	85	82	37	86	118	49	130	74	70	14	10	3	1610		2026-05-11 12:41:56		T	F	35	35	0	0	0.84
332			"base"	"interview"	2026-05-11 12:15:55	1	1	1	1	1	1	1	1	1	1	2	2	1	1	1	1	1	1	1	1	3	3	4	1	1	1	2	4	2	4	2	3	4	3	3	4	2	2	3	1	5	1	4	4	3	1	4	4	1	3	5	4	2	3	5	4	5	2	1	5	6	5	2		1		1	2	3	1	1	1	5	2	1	4	3	1	1	4	1	4	1	3	1	1	5	4	2	1	1	3	3	1	26	2	2	8	1	F	F	F	T	F	F	F	F			"Psychologie"	"40"		2	1	2	1	1	1	1	1	6	5	5	5	5	6	5	5	6	1	1	8	5	4	2	1	6	3	7	4	4	"Es gibt zu wenig Schulungsmöglichkeiten, die einen sinnvollen und sicheren Umgang mit technischen Neureungen, insbesondere KI vermitteln. Zudem gibt es nach wie vor sehr viele Menschen, die den Umgang mit technischen Hilfsmitteln nicht von Kindesjahren an gewöhnt sind und sich deshalb nach wie vor schwer tun, diese zu nutzen. Dieses Problem wird durch die Schnelligkeit, mit der technische Neureungen stattfinden, weiter verschärft."	"Nein, ich sehe die technischen Neureungen eher als Hilfsmittel/Ergänzung und nicht als Bedrohung meines Arbeitsplatzes an."	1	1	2	4	3	4	3	1	1	1	1	3	3	1	1	4	1	1	4	1	1	3	1	1	3	1	4	1	39	68	1	1	84	96	1	1	69	79	1	1	69	86	1	1	63	101	1	77	76	77	1	80	81	97	1	97	96	53	1	71	81	20	1	73	87	36	88	10	1	61	25	51	1	12	101	73	1	65	79	21	1	76	71	15	1	63	96	96	8	18	61	1	10	89	81	11	1	2	2	1	4	2	1	1	3	1	2	1	"1"	"2"	"3"	"4"	"2"	"1"	16	64	16	23	41	20	10	3	10	2	15	2	105	59	59	49	52	7	49	59	3	42	29	73	51	31	55	78	36	64	255	21	6		8	1413		2026-05-11 12:39:30		T	F	35	35	0	0	1.02
333			"base"	"interview"	2026-05-11 12:16:51	2	1	1	2	3	2	2	2	1	1	2	3	2	2	2	2	2	2	2	1	3	2	3	1	1	1	3	2	4	3	3	2	3	2	2	3	3	4	4	2	3	2	3	3	3	4	4	3	4	3	3	2	4	2	5	2	3	3	2	4	3	4	2		1	"Danke, es war interessant."	1	2	2	1	2	2	4	4	2	2	3	3	2	4	2	3	1	4	4	3	4	3	4	2	4	3	4	1	29	1	1	7	1	F	F	F	T	F	F	F	F			"Controlling"	"40"		3	3	3	2	3	4	3	2	5	5	5	4	4	4	5	5	4	4	1	86	1	7	6	5	3	4	2	4	3	"Das die Technik bei meinem Arbeitgeber vollkommen veraltet ist und es die KI Einführung und Nutzung behindert."	"Nein, aktuell noch nicht, obwohl ich manche Aufgaben auch automatisieren könnte."	3	2	3	2	3	2	2	3	2	1	1	2	3	1	1	2	2	3	2	2	2	3	2	2	3	1	1	8	71	80	14	7	70	65	4	6	69	74	7	12	62	73	6	24	57	68	5	50	73	59	15	24	74	49	14	50	62	56	7	23	67	64	21	50	62	54	67	38	33	61	23	92	29	20	69	34	27	69	69	15	23	57	23	69	31	26	78	90	26	35	75	33	79	84	81	64	22	8	2	1	2	2	1	2	3	1	1	1	"3"	"2"	"4"	"1"	"2"	"1"	7	5	5	14	15	8	4	2	8	2	6	1	60	35	37	32	109	4	28	109	2	28	26	61	54	27	75	67	27	50	113	9	13		4	1047		2026-05-11 12:34:18		T	F	35	35	0	0	1.61
334			"base"	"interview"	2026-05-11 12:18:47	1	1	1	1	2	1	1	2	1	1	2	1	1	1	1	1	1	1	1	1	5	5	5	1	1	1	2	4	2	4	4	4	4	4	3	4	3	2	3	2	3	1	5	4	5	4	4	3	2	4	2	3	2	4	5	2	3	2	4	2	5	5	2		1		1	2	3	4	3	2	5	3	4	3	4	2	3	4	2	5	1	5	4	3	3	4	3	1	1	4	4	1	31	1	1	9	1	F	F	F	T	F	F	F	F			"Forschung und Entwicklung von erneuerbaren Energiequellen"	"37"		2	3	4	2	2	5	3	5	5	5	5	4	4	5	4	5	5	4	1	78	1	2	5	4	7	3	6	3	5	"Ich glaube die begrenzte Fähigkeit der Menschen, die Qualität und die Entscheidungsfindung die zu KI Output führen zu beurteilen, ist eine wichtige Limitierung sowohl für Akzeptanz als auch für Sicherheit in der Anwendung - beides Faktoren die ich als wichtig für den erfolgreichen Umgang mit technischen Neuerungen sehe. Während das Akzeptanzproblem ein ""normales"" ist, da wir ähnliche Probleme bei allen großen Technologien in der Vergangenheit gesehen haben, ist die für mich neuere Komponente, dass eine zunehmende Asymmetrie zwischen den Menschen existiert, die noch ausreichende Bildung besitzen um die neue Technologie zu verstehen, und denen, die lediglich Nutzer sind: Den Buchdruck, das Weben an einer Maschine oder die Funktionsweise einer Lokomotive zu erlernen war vermutlich wesentlich weniger zeitintensiv und für eine breite Bevölkerungsschicht prinzipiell zugänglich als die heutzutage komplexen Zusammenhänge von Transistor-basierten Schaltkreisen, nanometer-genauer EUV Lithographie und Architektur von tiefen neuronalen Netzwerken basierend auf komplexer linearer Algebra. Mir erscheint, diese Lücke begann bereits vor Jahrzehnten mit der Erfindung von Computern zu wachsen, aber neuere Erfindungen wie KI, so erscheint mir, haben diesen Trend massiv beschleunigt und je größer die Lücke zwischen Verständnis des Nutzers und des Entwicklers ist, desto mehr Potenzial sowohl für falsche Anwendung als auch Implementierung von problematischen Tools wie Backdoors auf der Entwicklerseite sehe ich. "	"Zu diesem Zeitpunkt nicht und ich glaube das liegt vor allem daran, dass die Forschung, die ich betreibe, nicht direkt kommerziellen Nutzen hat - es entsteht dementsprechend (noch) kein Anreiz, viele der Aufgaben in unserem Bereich zu Automatisieren. Viel mehr ist Automatisierung in unserer Arbeit eine große Erleichterung, erhöht Qualität der gemessenen Daten und trägt alllgemein zur Reproduzierbarkeit der Studien bei."	2	1	1	1	1	2	3	1	1	1	1	4	4	1	2	3	1	1	3	2	1	4	2	1	4	1	24	7	80	93	1	2	90	85	9	1	90	95	17	8	81	91	29	23	78	72	27	101	101	54	11	101	101	56	24	101	101	57	26	100	101	57	8	101	101	57	94	12	13	94	68	72	12	70	101	10	1	83	95	10	3	74	80	58	5	24	101	101	28	28	101	16	51	87	84	74	76	1	1	1	2	1	1	1	3	1	1	1	"1"	"2"	"4"	"3"	"1"	"2"	15	7	16	23	61	24	14	2	18	1	9	2	90	63	65	57	59	7	62	50	5	57	34	113	73	73	59	90	36	62	1107	20	9		2	1421		2026-05-11 12:58:32		T	F	35	35	0	0	1.01
335			"base"	"interview"	2026-05-11 12:20:26	1	1	1	1	2	1	1	2	1	1	2	1	1	1	1	1	1	1	1	1	4	4	4	2	3	3	5	2	4	3	4	2	2	2	2	2	4	5	4	3	5	1	5	5	3	3	3	3	2	5	4	2	5	3	5	5	4	1	5	1	6	6	2		1	"nein"	2	1	3	2	1	1	4	3	2	2	3	3	1	4	1	3	1	3	2	4	5	2	2	2	2	4	4	1	36	1	1	6	1	F	F	F	T	F	F	F	F			"E-Commerce"	"40"		2	6	2	7	6	2	7	4	6	6	6	6	5	5	5	5	5	2	1	51	6	5	3	1	4	2	7	4	4	"Datenschutz & Überwachung"	"ja"	1	1	1	1	2	4	3	2	1	1	1	3	4	1	1	3	1	2	4	1	2	3	1	2	3	2	31	31	71	71	21	21	81	81	1	1	81	81	31	51	81	81	21	21	81	81	31	71	71	71	21	81	71	81	21	71	71	81	51	71	71	71	31	71	71	81	61	81	41	41	31	81	31	41	71	71	31	41	61	61	31	41	61	61	31	41	101	101	41	101	51	31	1	101	101	101	51	1	2	1	2	1	1	1	2	1	2	1	"3"	"4"	"1"	"2"	"1"	"2"	5	6	14	27	22	11	11	4	21	3	18	2	113	52	132	54	54	4	55	47	5	57	36	77	66	41	67	112	44	64	123	12	12		2	1373		2026-05-11 12:43:19		T	F	35	35	0	0	1.08
336			"base"	"interview"	2026-05-11 12:20:37	2	2	1	2	3	2	2	3	1	1	3	2	2	1	1	3	1	1	1	2	4	4	4	3	4	3	4	2	4	3	3	4	3	3	4	2	4	3	4	4	5	3	3	3	2	3	4	5	4	4	5	3	5	2	5	2	3	2	4	2	3	2	2		1		1	2	3	4	3	2	3	3	4	3	4	4	2	3	3	4	1	3	4	3	4	5	3	1	3	4	4	1	28	2	2	6	2	F	F	T	T	F	F	F	F		"Lehramt"	"Gesundheitsbereich"	"24"		7	5	4	7	3	4	8	6	5	5	4	5	5	5	5	4	5	4	1	12	5	7	2	1	3	4	6	4	3	"Mit der Entwicklung Schritt zu halten und alle Aspekte zu kennen."	"Nein, mein Arbeitsplatz kann nicht erstetzt werden!"	2	2	3	3	4	5	3	3	2	2	2	2	3	3	3	3	2	1	3	2	2	3	2	1	3	2	12	9	71	79	76	91	53	45	56	39	63	51	86	54	47	54	26	63	81	81	1	67	87	58	76	84	92	62	58	46	60	26	41	57	68	45	2	57	72	53	91	38	20	66	53	74	61	40	96	52	57	62	77	48	29	71	14	85	63	23	87	74	29	61	101	8	21	74	89	94	21	5	2	1	3	3	1	1	3	1	1	2	"3"	"2"	"4"	"1"	"2"	"1"	2	4	3	26	14	96	6	2	8	1	19	1	373	103	483	37	537	4	70	31	2	41	32	200	359	34	231	210	39	40	111	11	5		1	2164		2026-05-11 13:12:53		T	F	35	35	0	0	1.39
337			"base"	"interview"	2026-05-11 12:21:06	4	1	3	3	4	3	3	4	4	4	2	3	1	4	1	3	1	4	1	2	4	3	4	1	1	1	2	3	3	2	4	3	3	3	3	5	1	3	5	1	4	3	4	4	4	5	3	5	5	3	3	5	5	5	5	2	4	4	3	1	6	6	2		1	"Nein, das war alles!"	1	2	3	4	3	3	4	4	3	2	5	3	3	4	4	5	1	5	5	5	5	4	5	3	3	5	5	1	23	1	1	6	1	F	F	F	T	F	F	F	F			"Büro assistenz"	"30"		1	1	1	5	1	1	5	1	3	4	4	4	2	2	5	3	3	4	1	97	2	7	5	3	1	6	4	3	4	"Die meisten Hürden die ich im Umgang mit technsichen Neuerungen wie KI sehe in meinem persönlichen und beruflichen Umfedl sind die vertrauenswürdigkeit von KI's information. Ich recherchiere immer die information die ich von KI bekomme weill ich weiß dass KI kann auch falsche information erstellen. "	"Nein, ich denke nicht. "	1	1	1	3	1	5	3	2	1	3	4	1	3	4	4	2	2	4	2	4	3	2	4	4	2	4	37	23	79	98	2	9	101	100	18	35	101	98	50	52	67	76	68	61	82	88	5	100	95	98	15	83	66	100	17	99	55	101	39	63	70	50	32	51	71	99	74	25	1	53	1	101	1	1	83	5	2	50	52	61	1	49	6	77	1	26	65	72	46	52	101	1	20	90	92	78	20	2	1	1	3	2	1	2	2	1	2	1	"4"	"1"	"3"	"2"	"2"	"1"	4	11	24	41	34	23	24	5	24	4	28	3	192	102	475	82	91	13	163	112	5	85	41	180	189	57	133	147	95	126	316	24	16		5	2467		2026-05-11 13:09:00		T	F	35	35	0	0	0.65
338			"base"	"interview"	2026-05-11 12:27:41	2	1	1	1	2	1	2	2	1	1	3	2	2	1	2	2	2	2	1	1	5	5	5	2	1	2	5	2	4	3	4	3	3	3	3	4	4	3	4	2	4	1	5	4	3	3	3	4	4	4	4	4	4	2	5	3	4	3	4	3	6	6	2		1	"war sehr interessant"	1	2	2	3	2	1	5	4	2	3	3	2	1	4	1	5	1	4	2	2	5	5	2	2	5	5	5	1	40	1	1	7	1	F	F	F	T	F	F	F	F			"Fahrzeugtechnik Entwicklung"	"40"		2	2	2	2	2	2	2	3	4	5	5	4	4	5	4	4	4	3	1	98	4	1	7	3	5	2	6	4	5	"Aktuell sehr unterschiedliche Erfahrung und Wissen der Kollegen im Umgang mit KI. Viele Insellösungen, kaum ganzheitliche integration. Teils hohe Skepsis gepaart mit wenig Erfahrung."	"Ja, aber nur dann wenn man nicht weiss wie man mit KI zusammenarbeiten soll bzw. wie man KI als Werkzeug nutzt."	2	2	2	2	3	4	2	1	1	1	3	2	3	2	2	4	1	2	4	2	1	3	2	2	3	2	1	1	101	93	2	9	101	89	1	1	101	101	1	9	87	73	24	17	77	84	1	50	50	101	1	52	51	74	1	53	52	101	52	57	47	69	51	49	55	73	101	28	1	78	84	48	18	71	101	32	1	77	101	51	28	63	75	62	34	53	74	74	26	54	25	24	20	81	81	81	18	18	1	1	2	2	1	1	2	1	1	1	"4"	"2"	"1"	"3"	"2"	"1"	10	6	7	16	34	7	14	2	14	1	25	2	87	75	64	81	60	10	46	57	6	55	30	69	73	45	75	87	57	70	182	16	15		5	1403		2026-05-11 12:51:04		T	F	35	35	0	0	1.06
339			"base"	"interview"	2026-05-11 12:28:19	2	1	1	2	4	2	3	4	3	1	1	3	2	3	1	3	1	2	1	4	4	4	4	4	4	3	5	2	4	3	4	3	3	2	2	2	3	3	2	2	4	4	3	4	4	4	4	3	3	2	4	4	3	4	5	2	4	3	2	4	4	4	2		1		1	1	4	5	4	1	3	3	3	4	4	4	3	4	4	4	1	4	5	4	4	4	2	4	5	3	4	1	35	1	1	5	1	F	F	F	T	F	F	F	F			"HR"	"40"		4	3	3	6	5	3	6	3	3	4	3	4	4	3	3	4	4	5	1	101	5	6	3	2	1	7	4	2	4	"Zeit alles zu lernen."	"Noch nicht. "	2	3	2	3	2	4	3	4	2	2	3	1	2	2	3	2	2	2	2	3	2	2	3	2	2	2	15	20	76	68	18	31	58	56	9	12	82	78	23	22	76	70	30	31	72	69	12	51	78	77	17	63	55	52	10	47	51	55	14	55	52	68	26	66	64	64	101	20	52	52	68	32	62	64	82	21	24	66	100	3	6	56	71	53	15	59	101	99	79	84	82	31	61	46	69	65	66	7	2	2	3	3	2	3	3	2	2	2	"4"	"2"	"1"	"3"	"2"	"1"	10	12	7	44	19	3	11	2	12	7	11	2	71	55	51	57	192	10	34	47	5	48	25	89	70	34	63	102	39	57	73	14	5		3	1284		2026-05-11 12:49:43		T	F	35	35	0	0	1.19
340			"base"	"interview"	2026-05-11 12:29:54	3	2	2	2	2	2	2	3	1	1	3	2	2	2	3	3	1	2	3	2	5	5	5	2	2	1	2	4	2	3	4	5	5	5	5	5	2	1	4	3	4	3	4	4	4	3	4	3	4	4	4	3	2	3	5	4	3	2	3	2	7	7	2		1		1	1	2	4	4	2	3	4	3	4	4	4	1	3	4	4	1	4	4	1	4	3	1	1	3	4	4	1	23	1	1	6	1	F	T	F	F	F	F	F	F	"Elektrik "					4	2	7	2	6	6	2	6	5	5	4	4	4	4	4	3	3	4	1	73	1	5	6	2	4	3	7	5	5	"Viele können richtige und falsche Antworten nicht unterscheiden "	"Nein "	2	1	1	2	3	3	3	2	2	1	1	2	3	2	3	3	2	2	3	3	2	3	3	3	3	2	1	1	101	101	1	1	86	84	1	1	87	82	1	1	83	73	1	1	82	92	1	87	82	84	1	82	84	76	1	78	74	79	1	78	94	87	1	88	77	73	101	1	1	67	96	17	1	72	101	1	1	78	101	3	1	90	85	71	18	71	101	86	67	29	101	7	1	101	101	67	8	4	2	1	3	2	1	1	2	1	1	1	"4"	"2"	"3"	"1"	"1"	"2"	11	9	8	11	18	6	10	3	11	3	11	1	63	24	30	41	44	5	50	36	2	44	25	72	49	31	53	86	35	45	63	16	5		4	925		2026-05-11 12:45:19		T	F	35	35	0	0	1.48
341			"base"	"interview"	2026-05-11 12:37:01	2	3	2	2	2	3	2	2	1	2	3	3	3	2	1	3	1	2	2	2	4	4	4	2	2	2	4	2	4	2	5	3	3	3	3	3	3	4	4	2	4	3	4	3	2	3	3	5	4	3	3	3	3	2	5	2	3	3	4	2	4	2	2		1		1	1	1	4	4	2	3	2	2	3	2	2	2	2	3	4	1	3	2	1	2	4	1	2	4	3	3	1	18	1	1	5	1	F	F	F	T	F	F	F	F			"Einzelhandel"	"18"		2	3	1	1	2	2	1	2	4	4	4	5	4	4	3	4	4	4	1	74	6	5	7	2	3	1	4	4	4	"Ich würde sagen im beruflichen Umfeld eher die Bereitschaft der Kunden KI im Supermarkt zu nutzen wenn sie sich fragen wo Sie ein bestimmtes Produkt finden können und die Bereitschaft der Marktleitung dieses System einzusetzen. Im persönlichen Umfeld sehe ich nur die Hürde dass KI noch nicht zu 100% Fehlerfrei ist und man somit der KI noch nicht ganz vertrauen kann."	"Nein nicht wirklich weil es viele Kunden gibt die selbst bei einer Einführung von KI zur Hilfe fürs zb finden von Lebensmitteln im Markt eine physische Person lieber Fragen und weil es leute braucht die dieses System beobachten / bei fehlern korrigieren können bzw die Lebensmittel einräumen kann sowie den Laden reinigen kann."	2	2	2	3	2	2	2	2	2	2	2	3	4	2	2	2	2	2	2	3	2	2	3	2	2	3	42	22	65	68	70	49	57	47	18	12	63	69	40	37	63	57	28	34	63	60	57	54	52	43	84	18	18	62	8	33	28	48	47	33	28	40	42	49	41	44	70	53	28	68	27	62	63	25	94	38	27	81	60	55	39	48	63	54	39	56	61	72	35	86	93	37	38	71	78	54	36	1	1	2	2	2	1	2	3	1	2	1	"1"	"3"	"4"	"2"	"1"	"2"	9	25	22	20	41	35	11	2	17	5	19	2	102	101	71	87	79	4	100	80	6	68	53	103	105	48	76	129	52	76	732	17	17		34	2317		2026-05-11 13:16:09		T	F	35	35	0	0	0.78
342			"base"	"interview"	2026-05-11 12:37:22	2	1	1	1	2	2	2	2	1	2	2	3	1	1	1	3	2	2	1	1	3	2	3	1	1	1	3	3	2	2	3	2	3	2	2	2	4	3	5	1	4	3	4	2	3	2	4	3	2	2	4	3	2	3	5	2	4	3	4	2	3	4	2		1		1	2	3	1	1	1	3	3	1	2	4	1	1	3	1	3	1	4	1	1	5	3	1	1	1	3	4	1	41	2	2	8	1	F	F	F	T	F	F	F	F			"staatlich"	"39"		1	2	1	3	2	1	2	1	6	5	5	5	6	6	6	2	6	2	1	101	1	6	5	3	4	2	7	3	3	"Vorgaben des Ag hinsichtlich Datenschutz "	"nein "	1	1	1	1	3	5	2	1	1	1	2	3	3	1	2	3	1	2	4	2	1	4	2	3	2	2	52	32	74	79	9	16	83	46	16	33	88	74	52	31	60	65	17	41	50	37	18	74	67	56	72	71	100	78	15	72	34	62	13	82	88	74	24	59	76	51	79	53	51	54	10	85	42	17	82	40	27	65	50	51	51	50	23	92	79	87	84	93	1	1	95	1	15	69	96	101	54	1	1	1	2	2	1	1	1	1	1	1	"1"	"2"	"3"	"4"	"2"	"1"	7	6	6	18	22	12	7	3	13	2	11	2	56	50	52	65	54	5	31	36	5	32	24	58	58	30	49	67	29	65	79	8	7		3	972		2026-05-11 12:53:34		T	F	35	35	0	0	1.37
343			"base"	"interview"	2026-05-11 12:37:23	1	1	2	2	2	2	2	2	2	2	2	2	3	1	1	2	2	2	1	2	2	2	2	4	3	3	5	3	2	3	3	3	3	3	3	3	3	3	4	2	4	3	5	4	4	2	3	4	3	3	4	4	4	3	5	3	3	3	3	3	4	4	2		1	"Nein, danke"	1	1	1	4	4	1	4	3	2	2	3	1	2	3	4	4	1	4	4	1	1	4	1	1	3	4	4	1	48	2	2	9	1	F	F	F	T	F	F	F	F			"Naturwissenschaft"	"38"		1	1	2	1	1	2	1	2	4	4	4	4	4	4	4	4	4	3	1	101	1	7	6	5	3	4	2	1	1	"Es kann Menschen nicht ersetzen obwohl as fuer manche mehr technische Anwendung nuetzlich sein kann. Es wird oft misbraucht und verhindert dass kritische Denken und persoenliche Forschung."	"Nein"	2	1	1	1	1	1	3	3	2	1	2	3	3	2	3	3	2	2	2	2	2	2	2	2	2	2	3	1	83	82	2	38	100	100	1	2	101	99	1	3	101	101	6	74	87	91	1	100	99	50	1	101	99	100	1	100	100	100	1	100	100	99	50	98	98	87	101	50	49	50	31	78	77	27	101	1	2	101	101	2	1	99	12	85	84	15	100	100	2	1	100	1	1	100	101	99	28	1	2	2	3	2	1	1	2	1	1	1	"4"	"3"	"2"	"1"	"1"	"2"	13	9	10	31	36	4	17	2	19	2	17	1	77	61	49	48	64	6	55	43	4	45	38	69	59	32	70	88	35	62	197	30	11		2	1306		2026-05-11 12:59:09		T	F	35	35	0	0	1.14
344			"base"	"interview"	2026-05-11 12:38:46	1	1	1	2	2	1	1	3	1	1	2	2	1	1	1	2	1	1	1	1	3	2	3	1	1	1	3	4	2	4	3	3	3	3	3	4	2	2	5	2	4	1	5	3	4	2	4	3	5	3	4	2	5	1	5	2	4	2	4	2	5	4	2		1		1	2	2	2	1	2	4	5	2	2	3	2	1	4	1	4	1	3	3	2	2	4	2	1	4	4	4	1	43	1	1	7	1	F	F	F	T	F	F	F	F			"Hardwareentwicklung (Elektrotechnik)"	"38"		3	5	2	2	4	2	6	4	5	5	5	5	4	5	5	4	4	2	1	95	4	7	2	1	5	3	6	3	3	"Keine Hürden. Ich reagiere auf aktuelle Enwicklungen und passe mich entprechend der neuen Herausforderungen an."	"Nein, meine Arbeit ist für künstliche Intelligenz zu komplex."	3	2	2	2	3	3	3	2	1	1	1	3	4	1	1	3	1	2	3	2	1	3	1	2	4	1	13	20	81	87	6	24	63	58	5	5	90	92	12	9	91	83	19	43	39	41	7	75	83	54	6	96	92	33	7	49	57	49	6	68	61	44	13	55	67	58	73	53	26	46	10	86	23	19	94	10	13	88	94	20	9	66	24	84	16	32	77	87	9	6	90	4	17	86	85	72	17	5	1	1	2	2	1	1	2	1	1	2	"1"	"3"	"2"	"4"	"2"	"1"	14	20	11	14	43	10	7	3	13	2	29	2	86	51	72	43	95	6	66	37	5	33	23	40	50	40	46	127	33	63	131	22	5		4	1246		2026-05-11 12:59:32		T	F	35	35	0	0	1.12
345			"base"	"interview"	2026-05-11 12:41:37	2	1	1	2	2	2	2	2	1	2	1	2	1	2	1	1	1	1	1	2	2	1	2	3	2	2	4	3	3	3	4	3	3	3	3	4	2	3	3	2	5	2	3	3	4	4	4	4	2	2	4	3	5	2	5	2	4	2	2	4	5	5	2		1		1	2	3	3	2	1	2	5	3	3	4	4	2	4	2	4	1	3	2	2	3	4	2	3	1	3	3	1	29	2	2	8	1	F	F	F	T	F	F	F	F			"Kundenservice für Onlineshop"	"40"		1	1	1	2	1	3	5	1	4	4	4	3	3	4	3	3	4	4	1	72	1	7	5	4	3	6	2	3	3	"Dass sich zu viel auf KI verlassen wird und man beachten muss, dass diese ständig optimiert werden muss. Fördert leider Faulheit und hält davon ab, selbst nachzudenken"	"Ja, insbesondere den Kundenservice, da Chatbots schon Vieles übernehmen"	1	1	2	1	2	4	3	4	2	1	1	2	2	1	3	3	2	1	4	2	2	4	2	2	3	2	64	44	51	60	44	33	52	45	55	49	49	50	47	34	61	60	42	42	71	69	64	63	52	50	39	70	72	59	76	68	68	52	43	62	55	54	21	63	61	44	62	49	48	59	39	87	86	36	41	83	72	26	83	61	49	59	74	48	26	52	68	68	46	30	45	23	14	92	82	52	21	1	2	2	3	3	1	1	2	2	1	2	"1"	"2"	"3"	"4"	"1"	"2"	23	30	10	32	47	13	14	3	17	3	18	3	54	52	61	43	56	8	40	34	5	35	23	62	61	33	86	80	41	49	211	13	8		5	1273		2026-05-11 13:02:50		T	F	35	35	0	0	1.02
346			"base"	"interview"	2026-05-11 12:41:49	4	3	3	3	3	4	4	4	1	2	3	3	3	4	3	1	2	3	3	4	5	3	4	2	3	4	2	4	3	3	4	2	3	2	4	2	1	5	4	2	4	2	1	3	3	2	4	1	5	3	4	2	2	4	5	2	2	3	4	1	7	5	2		1	"Eine gute und Spannende Studie. Gerne nehme ich bei weiteren Studien von Ihnen teil. Danke und LG"	1	1	2	4	2	4	2	3	5	1	3	2	4	2	1	5	1	4	2	2	3	4	1	4	2	3	5	1	20	1	1	7	1	F	F	F	T	F	F	F	F			"Forschung und Feinmechanik"	"40"		8	5	3	6	4	6	7	8	5	4	5	3	5	2	4	5	3	2	1	88	7	5	4	1	2	3	6	3	4	"In meinem Umfeld ist oft die größte Hürde, dass viele bei KI erstmal skeptisch sind oder Angst haben, dadurch ersetzt zu werden. Dazu kommt, dass sich die Technik so schnell entwickelt, dass viele gar nicht wissen, wie sie KI sinnvoll nutzen können oder wo man überhaupt anfängt. Im Beruf merkt man außerdem, dass Datenschutz, fehlende Regeln und unterschiedliche technische Kenntnisse den Umgang mit neuen Tools manchmal unnötig kompliziert machen."	"Ich denke nicht, dass mein Arbeitsplatz direkt bedroht ist, aber bestimmte Aufgaben werden sich durch KI wahrscheinlich verändern oder automatisiert werden."	4	1	5	2	4	4	3	2	1	2	3	2	3	4	2	3	2	2	3	4	1	2	2	1	3	4	2	1	73	77	10	13	81	89	8	17	80	101	13	7	77	80	11	22	79	87	1	78	101	76	1	71	62	78	2	67	76	48	1	76	71	58	1	1	80	53	81	38	1	70	92	85	1	72	80	90	2	77	87	75	1	70	76	76	6	77	6	74	10	1	83	1	1	101	75	83	51	65	2	2	4	4	2	3	2	3	4	2	"4"	"2"	"3"	"1"	"2"	"1"	3	17	6	49	24	14	47	2	17	4	17	2	51	38	47	82	46	4	25	41	7	34	29	53	43	20	48	54	38	62	151	12	30		4	1121		2026-05-11 13:00:30		T	F	35	35	0	0	1.24
347			"base"	"interview"	2026-05-11 12:41:53	3	3	1	4	4	3	4	4	1	2	4	3	3	3	1	4	2	3	4	4	3	2	2	1	1	1	5	5	1	4	1	1	1	1	1	2	2	4	3	4	3	5	3	3	4	5	2	3	1	5	2	5	3	4	5	4	2	5	5	2	3	3	2		1		1	2	3	5	5	2	4	5	5	5	2	3	3	2	5	4	1	3	5	4	4	5	5	1	1	2	3	1	28	2	2	8	1	F	F	F	T	F	F	F	F			"Forschung, Bildung"	"41"		3	1	8	4	1	8	2	7	2	3	2	2	1	3	2	2	1	6	1	91	2	7	6	3	5	1	4	1	2	"mangelndes Verständnis für den Umgang damit und den damit verbundenen Risiken; mentale Faulheit"	"nein"	3	1	2	2	1	4	2	4	2	1	4	1	2	1	3	1	3	4	1	3	3	2	4	3	2	4	33	18	62	59	10	101	50	25	62	14	40	40	65	23	55	55	68	41	62	46	7	96	96	28	1	100	100	16	1	101	100	16	2	97	96	38	1	100	101	33	54	82	11	5	9	91	1	1	38	75	1	2	75	69	2	45	20	62	2	11	96	101	2	1	68	2	10	101	101	100	98	1	3	2	4	1	2	1	4	1	1	2	"3"	"4"	"1"	"2"	"1"	"2"	2	7	5	15	14	8	4	2	9	1	6	2	55	34	32	35	35	3	379	22	1	34	24	52	41	25	48	59	26	41	64	7	5		1	770		2026-05-11 13:00:11		T	F	35	35	0	0	1.89
348			"base"	"interview"	2026-05-11 12:42:14																																																													5	5																																1	25	1	1	8	1	F	F	F	T	F	F	F	F			"Engineering"	"40"																				1																																																																																																																															7	76	5	14	36	43																														181		2026-05-11 12:45:15		F	F	6	6	0	0	1.04
349			"base"	"interview"	2026-05-11 12:43:23	3	1	4	4	3	4	3	4	3	3	4	3	3	3	1	3	3	3	1	2	5	4	5	3	3	2	5	3	3	3	4	3	4	4	4	3	3	4	2	3	4	4	4	5	5	4	1	5	1	3	5	5	3	4	5	2	3	5	3	3	5	4	2		1		1	2	5	4	4	2	5	3	4	5	5	1	4	4	3	4	1	4	4	4	5	4	5	5	1	2	5	1	30	2	2	8	1	F	F	F	T	F	F	F	F			"Projektmanagement/ Büro"	"30"		3	1	4	3	1	6	2	1	5	5	4	4	4	4	3	3	5	5	1	101	6	7	5	1	2	4	3	3	4	"Die Leute vertrauen zu stark auf die Richtigkeit der KI. Sie ist tatsächlich super fehleranfällig, besonders wenn es um die Analyse von DAten geht (eigene Erfahrung). Wenn es um persönliche Ratschläge geht, ist es erträglicher. Aber wenn exakte/ korrekte Zahlen/ Berechnungen/ Analysen benötigt werden, schafft eine KI die leichtesten Rechnungen oft nicht. "	"Nein. Ich muss viel mit Menschen kommunizieren und Events organisieren"	4	1	2	4	3	4	3	4	3	2	3	2	2	3	3	3	4	3	3	4	2	3	3	4	2	3	71	14	75	73	34	4	62	81	4	13	101	96	3	1	96	97	55	28	91	59	72	67	55	54	32	87	95	65	6	40	55	52	3	101	101	90	69	73	75	55	87	21	44	72	2	100	92	1	100	22	7	90	101	16	1	91	96	39	12	63	101	101	34	1	101	1	40	71	100	100	26	1	4	3	4	3	4	4	4	4	3	4	"1"	"3"	"4"	"2"	"2"	"1"	9	48	7	13	33	14	10	2	11	2	14	2	83	69	68	59	65	6	47	64	3	44	49	65	59	42	69	126	87	52	140	15	6		4	1387		2026-05-11 13:06:30		T	F	35	35	0	0	1.07
350			"base"	"interview"	2026-05-11 12:43:24																																																																																																																																			1																																																																																																																															17	12																																		29		2026-05-11 12:43:53		F	F	2	2	0	0	0.92
351			"base"	"interview"	2026-05-11 12:43:39	2	1	2	3	2	2	3	3	2	2	2	2	2	3	2	3	1	2	3	2	5	5	5	3	2	2	5	1	4	2	4	3	4	2	4	2	4	3	3	3	3	4	4	3	3	4	3	3	3	3	2	3	4	3	5	3	3	3	4	5	4	3	2		1		2	2	3	4	4	1	3	4	4	3	4	2	3	3	4	4	1	4	3	2	4	4	3	2	2	4	4	1	23	1	1	6	1	F	T	F	F	F	F	F	F	"Notfallrettung "					1	7	6	6	5	5	6	4	4	4	5	5	3	4	4	4	5	5	1	73	5	4	6	1	2	3	7	5	4	"beruflich garnicht Einsetzbar, persönlich: Viel zudichten von falschen Informtionen durch KI "	"Nein, KI nicht anwendbar. "	3	2	3	1	1	4	3	3	3	2	2	2	3	3	2	3	2	4	3	2	2	3	4	2	4	2	80	24	48	69	58	80	63	42	41	22	67	60	79	17	48	53	72	27	58	65	24	77	44	52	78	37	48	35	20	72	62	68	94	55	54	42	75	45	26	52	87	41	6	68	42	65	77	28	87	73	22	50	87	82	28	56	83	42	10	63	81	76	64	75	77	8	15	78	80	75	61	10	2	2	3	3	2	2	2	3	3	2	"2"	"3"	"4"	"1"	"1"	"2"	7	14	9	21	28	5	22	4	14	2	11	1	107	93	62	83	70	14	84	36	10	93	139	218	49	24	107	128	52	79	107	18	9		2	1722		2026-05-11 13:12:21		T	F	35	35	0	0	1.01
352			"base"	"interview"	2026-05-11 12:44:01	1	1	2	3	2	2	2	2	2	2	1	3	2	2	2	3	1	3	1	2	4	3	4	2	2	3	4	4	2	3	3	4	3	4	3	4	2	2	4	4	3	4	5	3	4	3	4	5	4	4	3	4	5	2	5	3	4	4	4	1	5	3	2		1		1	2	2	3	2	1	3	2	4	3	4	2	1	3	2	5	1	5	3	2	2	4	1	2	2	3	4	1	32	1	1	5	1	F	F	F	F	F	T	F	F			"Audio-Elektronik"	"35"		2	3	3	3	2	2	3	2	3	3	5	3	2	2	3	3	3	4	1	79	4	5	6	2	3	1	7	4	4	"Die anfängliche Implementierung mit Mehraufwand und vielen möglichen Fehlern."	"Nein, nicht wirklich."	2	1	1	1	2	3	2	2	2	2	3	2	3	2	3	2	3	2	2	2	2	2	3	2	2	2	19	14	74	78	35	25	64	70	25	21	75	75	19	20	76	82	22	19	58	66	27	55	61	48	34	61	73	45	23	60	65	37	9	57	70	41	33	65	74	42	73	39	25	60	66	63	18	34	65	49	23	54	72	51	16	56	77	41	17	51	66	80	40	35	67	28	27	68	78	56	49	20	2	1	4	3	1	2	2	2	2	2	"1"	"3"	"2"	"4"	"2"	"1"	40	127	35	30	84	39	48	4	21	3	36	2	149	151	114	73	119	6	82	116	7	99	82	118	106	86	125	131	90	117	319	32	15		34	2497		2026-05-11 13:28:01		T	F	35	35	0	0	0.54
353			"base"	"interview"	2026-05-11 12:46:32	1	1	1	1	1	1	1	1	1	1	1	1	1	1	1	1	1	1	1	1	5	3	5	1	1	1	2	5	1	5	2	3	5	5	5	5	1	1	3	1	4	2	5	5	5	3	4	5	3	1	4	2	5	4	5	2	4	3	5	1	5	5	2		1		1	2	3	5	5	1	4	3	2	3	5	1	1	4	2	5	1	5	1	1	3	5	1	1	1	5	5	1	34	2	2	7	2	F	F	T	T	F	F	F	F		"Psychologie"	"Forschung"	"15"		1	1	3	2	2	1	1	1	6	6	6	6	6	6	6	6	6	1	1	81	3	5	4	2	7	1	6	3	5	"Unverständnis meiner Arbeitskollegen, die sich dagegen wehren oder die Entwicklingen als negativ bewerten. Dann wird die Zusammenarbeit schwierig. Im persönlichen hoffe ich, dass meine viel jüngeren Familienmitglieder lernen noch klassisch zu recherchieren, Fakten checken können und meine viel älteren Familienmitglieder mit den Neuerungen technisch zurecht kommen und sich nicht verunsichern lassen."	"nein"	2	1	1	2	1	5	4	2	1	1	4	2	3	2	2	4	1	1	4	2	1	4	2	1	4	2	22	1	101	100	1	1	101	101	2	2	101	101	1	1	101	101	1	1	101	101	1	101	101	84	1	101	101	101	1	101	101	101	1	101	101	101	1	101	101	101	101	17	1	89	17	89	1	53	101	2	2	101	101	1	1	101	86	1	1	101	101	101	1	1	53	1	2	101	101	53	1	1	2	1	4	2	1	1	3	1	2	1	"3"	"2"	"1"	"4"	"2"	"1"	7	25	32	37	44	19	15	3	15	2	24	2	104	76	58	58	53	8	48	54	5	69	54	98	89	42	74	196	37	71	268	19	8		3	1717		2026-05-11 13:15:09		T	F	35	35	0	0	0.87
354			"base"	"interview"	2026-05-11 12:47:35	1	3	2	3	2	2	2	3	1	1	3	3	2	3	1	3	2	2	1	2	4	4	4	1	1	1	3	4	2	3	2	3	4	3	3	4	2	2	4	1	5	2	5	5	4	1	2	5	5	2	5	4	4	2	5	1	5	2	5	2	4	3	2		1	"Nein"	1	2	1	3	3	1	4	2	3	3	4	2	1	3	2	5	1	5	3	2	2	5	1	1	4	4	4	1	34	2	2	6	1	F	F	F	T	F	F	F	F			"Pharmazie"	"40"		1	2	1	1	2	1	2	2	5	5	5	5	4	5	4	4	5	2	1	22	7	5	2	1	4	3	6	4	5	"Die Fehlerquote."	"Nein"	1	1	2	1	2	4	2	2	2	2	2	2	3	2	3	2	2	2	1	2	2	2	3	2	3	2	47	2	80	82	11	50	72	58	73	2	77	99	41	17	97	77	25	26	53	79	12	101	94	66	51	99	99	15	11	101	42	90	1	101	101	70	1	101	101	65	88	8	1	72	13	93	62	1	101	12	1	62	99	28	1	77	61	79	10	30	101	101	12	1	87	1	13	101	76	100	1	1	1	1	3	2	1	1	2	1	1	1	"2"	"1"	"3"	"4"	"1"	"2"	21	81	11	25	54	34	19	4	53	2	26	2	85	107	105	102	85	6	74	66	10	59	39	88	80	47	73	109	54	80	76	32	34		6	1749		2026-05-11 13:16:44		T	F	35	35	0	0	0.74
355			"base"	"interview"	2026-05-11 12:47:57	2	1	1	3	2	2	2	2	1	1	2	3	2	1	1	2	1	1	2	2	5	5	5	1	2	3	5	2	4	3	4	4	3	3	3	4	3	2	5	2	4	2	4	4	3	2	4	5	5	4	3	4	3	3	5	3	4	3	3	4	5	5	2		1		1	2	3	4	3	3	4	5	3	4	3	4	2	4	3	4	1	4	4	2	4	4	2	1	4	4	4	1	25	1	1	8	1	F	F	F	T	F	F	F	F			"Engineering"	"40"		3	5	7	6	7	6	5	6	4	5	5	5	5	6	5	5	6	4	1	101	5	4	3	2	7	1	6	5	5	"Menschen fangen an blind auf KI zu vertrauen. Fehlendes Verständnis für KI und deren Fähigkeiten."	"Aktuell noch nicht. Vieles wird sich ändern aber im Moment halte ich es für unrealistisch komplett durch KI ersetzt zu werden. Es wird eher darum gehen zu lernen, KI richtig einzusetzen, um sie als Unterstützung zu nutzen."	3	1	2	3	2	4	2	2	1	1	2	2	2	1	3	2	2	3	2	2	2	2	3	2	3	2	11	5	68	77	21	18	78	75	14	14	73	77	14	10	81	80	12	10	72	76	10	66	68	54	8	20	89	67	14	27	68	65	8	55	65	72	10	47	61	64	92	10	1	78	16	78	31	16	97	12	5	61	93	7	3	83	74	55	4	54	88	74	24	61	61	22	11	87	82	57	32	8	1	1	3	4	1	2	3	1	2	1	"1"	"2"	"3"	"4"	"1"	"2"	5	4	3	13	29	4	4	7	16	2	12	2	90	79	74	81	63	5	61	46	6	63	46	91	97	34	82	92	38	71	280	24	9		3	1536		2026-05-11 13:13:33		T	F	35	35	0	0	1.21
356			"base"	"interview"	2026-05-11 12:49:23	1	1	1	2	2	2	2	2	1	1	2	1	2	1	2	2	1	1	2	1	4	3	3	2	2	2	3	4	3	3	3	4	4	3	2	4	2	2	4	2	3	2	4	4	4	3	3	2	3	3	3	4	3	3	5	3	4	3	2	4	5	5	2		1		1	1	4	3	2	3	4	3	2	2	3	3	2	2	2	4	1	4	2	2	3	3	1	2	2	4	4	1	36	1	1	7	1	F	F	F	T	F	F	F	F			"IT / Softwareentwicklung"	"40"		3	2	5	5	3	5	6	4	5	4	4	4	3	5	4	3	5	4	1	87	1	6	7	2	5	3	4	3	4	"Fehlende Aufklärung zur Funktionsweise von KI. Man muss KI verstehen um die Ergebnisse bewerten zu können."	"Etwas. In der Softwareentwicklung gibt es viele Dinge, die heute mit KI gemacht werden können. "	3	2	3	2	3	2	3	2	1	1	2	3	2	3	2	3	2	2	3	3	2	4	2	2	3	2	35	28	60	76	29	45	35	51	27	37	48	75	28	22	57	66	28	25	57	69	30	72	66	52	36	87	67	49	15	44	86	32	20	55	40	45	24	72	72	79	87	31	24	64	52	66	45	31	42	58	52	61	89	49	23	90	86	54	32	47	86	95	34	41	53	16	31	80	83	72	38	9	2	1	3	3	2	2	3	2	2	2	"2"	"3"	"4"	"1"	"2"	"1"	7	22	6	17	16	7	4	3	9	5	10	2	60	50	56	44	53	6	33	38	4	36	21	60	42	34	57	68	33	41	67	6	5		3	925		2026-05-11 13:04:49		T	F	35	35	0	0	1.46
357			"base"	"interview"	2026-05-11 12:49:58	2	1	1	3	1	3	2	4	2	2	4	4	1	2	1	4	1	3	3	1	3	2	3	1	1	4	3	3	2	3	4	4	3	3	2	4	3	3	3	3	5	4	5	3	4	2	2	3	3	5	2	3	5	3	5	2	5	4	5	1	5	3	2		1		1	2	3	2	4	1	5	4	3	4	4	3	1	5	1	5	1	5	4	3	3	4	2	3	2	4	5	1	20	1	4	8	1	F	F	F	T	F	F	F	F			"Wissenschaft, Forschung, Bildung"	"40"		2	2	2	5	2	3	2	5	3	3	5	4	4	2	3	3	4	1	1	101	1	6	7	4	5	3	2	3	4	"Fehlende Struktur und Priorisierung. Es wird wahnsinnig viel darüber geredet und düstere Szenarien heraufbeschworen aber auf der Umsetzungsebene bleibt insbesondere KI unscharf und ziellos."	"Ein wenig vielleicht. Wissenschaft und Forschung wird sich verändern und die Lehre hat sich schon verändert. Ich verliere etwas das Interesse. Das ist vermutlich die größere ""Bedrohung"" als das meine Stelle aktiv durch KI ersetzt wird."	2	1	1	1	3	5	2	3	2	3	2	1	2	3	2	1	2	2	1	3	2	2	3	1	2	3	1	1	82	82	1	1	78	78	1	1	80	101	1	1	101	101	1	65	50	50	1	101	101	49	1	101	101	51	1	52	101	75	1	101	101	52	1	101	101	53	82	44	45	44	101	78	1	31	101	23	1	52	101	16	1	24	36	80	15	27	101	101	31	76	1	31	23	80	80	40	24	1	2	2	3	4	1	2	2	1	1	2	"1"	"4"	"2"	"3"	"1"	"2"	8	24	8	28	28	25	7	3	18	1	14	2	320	59	56	63	72	8	70	47	9	43	30	78	60	35	69	84	41	56	188	11	15		6	1586		2026-05-11 13:16:24		T	F	35	35	0	0	1
358			"base"	"interview"	2026-05-11 12:54:30	1	1	1	2	1	1	1	1	1	2	2	2	1	1	2	2	1	1	2	1	5	1	5	2	2	3	5	2	4	4	5	3	3	4	4	3	4	4	5	4	5	2	1	2	4	4	2	5	5	5	5	4	5	1	5	4	5	4	2	4	3	3	2		1		1	2	4	3	3	1	4	5	1	4	1	2	2	5	1	5	1	4	5	4	4	5	4	3	2	2	5	1	34	1	1	7	1	F	F	F	T	F	F	F	F			"Junior Manager in einen Privaten Sicherheitsunternehmen"	"45"		2	1	1	7	1	1	1	4	5	6	6	5	2	6	6	4	5	2	1	101	7	4	3	1	6	2	5	4	5	"Die grösste Hürde wird es sein Arbeitsplätze nicht abzubauen nur weil die KI es besser kann , 
wenn die Bundesregierung da vergisst ein Gesetz zu Verankern wird die Arbeitslosen Quote Brutal Hoch."	"Als Manager sein , aber der Kundenservice, der einzelhandel usw usw überall sind in der Zukunft Arbeitsplätze bedroht , stellen sie sich einen voll autonomen einkaufsladen vor der alles über ein band zur Tür bringt , stellen sie sich einen erstklassigen Kundenservice auf KI ebene vor mit Zugriffsrechte auf die Daten , dies sind nur zwei beispiele aber warum sollte ein Unternehmer noch Angestellte einstellen ?"	1	1	1	5	2	5	3	3	2	3	3	1	3	1	4	3	3	2	1	4	2	3	2	4	2	1	1	1	101	101	1	1	63	93	100	1	74	1	101	1	101	101	11	1	71	33	1	101	101	53	1	101	101	92	65	11	1	1	1	101	101	44	1	101	101	66	101	10	1	94	8	90	34	13	1	1	101	101	101	1	1	101	40	69	82	21	78	1	88	101	101	1	1	101	72	14	2	1	3	3	4	2	2	2	4	2	4	4	"1"	"3"	"2"	"4"	"2"	"1"	168	86	15	64	55	31	17	3	12	3	19	4	82	94	97	85	76	6	48	72	6	35	43	83	76	45	78	108	49	82	211	25	18		12	1750		2026-05-11 13:26:18		T	F	35	35	0	0	0.74
359			"base"	"interview"	2026-05-11 12:55:21	1	3	3	3	3	3	3	4	2	3	1	4	2	3	2	3	3	3	2	2	4	3	5	2	2	1	5	3	4	3	3	3	4	4	4	2	4	3	5	2	4	5	4	3	5	4	2	5	5	4	4	5	4	2	5	2	4	5	5	1	5	5	2		1	"Nein danke, hat Spaß gemacht."	1	2	1	5	4	2	3	4	4	4	4	1	2	3	4	2	5	3	5	2	2	3	2	2	3	3	3	1	40	2	2	4	1	F	F	F	T	F	F	F	F			"Sachbearbeitung"	"40"		1	2	6	1	2	6	1	1	2	4	3	1	2	3	2	5	4	6	1	100	1	6	7	5	3	4	2	4	4	"Das gezielte Einsetzen um damit erfolgreich zu sein. Das nötige Verständis, logische Denken dafür zu haben. "	"Nein"	1	1	2	1	1	5	2	2	3	2	2	2	3	3	4	2	3	4	2	4	3	2	4	3	3	4	63	1	49	49	101	67	7	10	32	1	101	64	9	1	75	50	64	1	67	29	1	101	101	29	85	101	101	69	39	101	101	51	1	101	101	49	14	101	101	58	101	27	10	68	1	1	1	1	101	10	1	84	81	14	1	78	51	50	25	61	101	101	1	1	101	1	20	78	101	101	87	1	2	1	4	4	1	2	4	1	1	2	"4"	"2"	"3"	"1"	"1"	"2"	2	44	88	242	28	32	11	3	10	1	13	2	196	74	107	247	95	11	72	56	5	42	31	71	121	42	75	105	48	60	86	11	13		3	1747		2026-05-11 13:29:28		T	F	35	35	0	0	0.96
360			"base"	"interview"	2026-05-11 12:57:54	2	1	2	1	1	2	2	1	1	2	1	2	1	1	1	2	1	2	1	2	2	3	2	4	3	2	4	5	1	4	4	2	3	3	3	1	4	4	4	3	4	3	4	3	3	3	2	3	2	4	3	5	4	3	5	4	4	3	5	4	5	4	2		1		1	2	3	5	2	1	5	3	3	4	4	1	2	4	3	3	1	4	4	3	5	3	2	1	2	3	3	1	20	1	1	6	1	F	F	T	F	F	F	F	F		"Lehramt"				4	7	7	2	3	5	4	6	4	6	4	5	3	5	4	3	5	2	1	33	1	4	7	2	6	5	3	2	3	"Die Bewertbarkeit von Arbeit ist schwieriger geworden. "	"Nein, als Lehramtsstudent sehe ich den Technologien der Zukunft gelassen entgegen, denn das Zwischenmenschliche und Pädagogische wird weiterhin von Menschen geschaffen."	3	2	5	4	4	4	2	1	1	1	2	3	4	2	3	3	2	2	2	1	2	3	3	2	3	2	47	22	73	60	66	80	45	31	40	19	56	55	12	1	73	75	53	25	62	42	40	92	93	62	71	98	98	32	23	70	52	73	10	22	60	71	13	53	69	44	80	25	12	84	7	94	38	10	69	35	63	78	96	11	28	82	73	66	13	25	73	89	12	1	78	38	82	18	77	47	83	1	2	1	3	3	1	2	2	1	1	1	"1"	"2"	"4"	"3"	"2"	"1"	9	6	5	15	25	9	11	3	52	2	16	2	128	79	104	54	60	6	35	49	3	42	36	107	81	49	72	111	73	72	159	20	10		3	1508		2026-05-11 13:23:02		T	F	35	35	0	0	1.07
361			"base"	"interview"	2026-05-11 13:00:34	1	1	1	2	3	3	3	4	1	1	2	3	1	1	1	2	1	2	1	3	2	2	2	2	2	3	3	3	2	3	3	2	4	3	3	3	3	2	4	2	3	2	5	4	4	4	4	4	4	2	3	4	5	2	5	2	2	4	5	1	4	3	2		1		1	2	1	3	3	1	2	2	2	2	3	1	1	2	1	4	1	4	3	1	4	5	1	1	3	1	2	1	39	1	1	4	1	F	F	F	T	F	F	F	F			"Buchhandel"	"20"		2	2	3	5	2	3	1	1	5	5	4	5	5	3	4	2	2	5	1	58	1	6	7	3	5	2	4	2	2	"Datenschutz, Kosten, fehlende Kontrolle"	"Nein."	2	1	3	1	1	4	2	3	2	1	3	2	3	2	1	3	1	3	3	2	2	3	1	1	3	2	16	35	66	61	11	83	17	23	15	14	72	65	37	38	53	62	40	51	36	41	49	72	75	43	11	89	88	56	26	82	84	52	50	77	79	49	38	83	82	50	75	72	49	50	2	96	87	6	87	59	20	51	77	39	33	43	39	71	32	31	96	95	2	1	94	2	52	52	87	90	83	5	2	2	3	3	1	1	3	1	1	1	"3"	"4"	"1"	"2"	"1"	"2"	3	41	20	17	28	14	19	2	15	1	12	2	98	61	58	103	80	5	42	68	4	33	29	62	60	30	59	80	37	68	275	34	11		3	1474		2026-05-11 13:25:08		T	F	35	35	0	0	1.1
362			"base"	"interview"	2026-05-11 13:02:07	3	2	2	3	3	3	3	3	2	3	3	2	2	2	1	3	2	2	3	2	4	3	4	2	3	3	5	3	4	2	4	3	3	4	3	4	4	3	4	3	3	2	5	4	2	4	4	5	2	1	3	4	5	4	5	4	2	3	5	1	5	3	2		1	"Viel Erfolg euch!"	1	2	5	4	4	4	1	4	4	4	5	4	2	4	2	4	1	4	5	2	4	5	4	2	1	5	4	1	22	2	2	6	1	F	F	T	F	F	F	F	F		"Wirtschaftspsychologie"				6	3	7	6	3	8	4	5	3	5	5	5	4	2	5	2	5	5	1	59	2	7	6	3	4	1	5	1	4	"KI lügt gerne und gibt an das es richtig ist, muss da halt nahcprüfen. Man kann nicht so gut mit ihr reden wie einen richtigen Menschen."	"Programmieren schon, künstlerisches auch. Tippe also eher auf ja. "	3	4	5	2	4	5	3	2	1	2	1	3	2	3	4	3	3	4	3	3	2	3	3	3	3	3	38	30	42	27	19	24	34	15	44	37	46	58	26	14	52	50	59	42	45	52	54	65	62	67	19	39	31	70	33	60	60	63	36	61	61	69	71	64	69	62	72	58	21	52	9	80	40	19	69	62	41	55	92	39	19	58	47	61	40	34	60	69	27	38	61	66	35	57	65	81	58	26	2	2	3	3	2	3	4	2	2	2	"4"	"3"	"1"	"2"	"1"	"2"	45	47	26	17	19	9	6	2	6	13	9	2	40	53	40	39	36	6	33	27	5	29	18	42	38	24	47	73	29	54	112	27	20		9	1002		2026-05-11 13:18:49		T	F	35	35	0	0	1.31
364			"base"	"interview"	2026-05-11 13:03:29	3	3	3	3	3	3	3	2	3	3	3	3	3	2	1	3	3	3	3	1	2	2	4	1	1	1	4	3	4	2	4	2	2	4	4	5	2	2	3	4	5	2	5	4	2	2	4	5	2	4	4	3	4	4	5	4	4	2	4	2	6	6	2		1		1	2	2	2	2	2	4	2	1	2	4	2	1	4	2	5	5	4	2	2	2	4	3	2	3	4	4	1	20	1	1	6	1	F	F	T	F	F	F	F	F		"Wirtschaftsinformatik "				3	2	5	2	2	4	1	2	6	5	5	5	2	4	4	5	5	2	1	96	1	3	7	5	4	6	2	4	5	"Keine "	"Nein"	3	1	2	3	2	4	3	2	2	2	1	3	3	2	3	3	2	1	3	3	2	3	4	1	2	1	1	1	101	101	1	1	101	66	1	1	101	101	1	1	93	81	1	1	84	75	1	101	72	101	9	12	77	72	17	61	64	64	6	81	71	81	1	80	77	69	101	1	1	101	37	83	8	39	88	76	27	48	101	26	1	64	26	73	1	35	92	74	57	23	88	1	1	101	77	101	19	1	2	1	3	2	2	1	2	1	1	1	"3"	"1"	"4"	"2"	"2"	"1"	6	5	6	21	17	4	26	2	11	1	46	1	91	39	49	31	46	2	42	48	2	44	40	69	80	41	58	83	46	61	65	14	8		4	1109		2026-05-11 13:21:58		T	F	35	35	0	0	1.46
365			"base"	"interview"	2026-05-11 13:03:37	1	1	1	3	2	2	2	2	1	2	2	2	2	2	2	2	1	2	2	1	4	4	4	2	2	3	5	3	4	2	4	2	2	2	2	3	3	3	3	3	3	3	5	4	4	3	4	4	3	2	3	3	4	3	5	3	3	2	2	4	6	6	2		1		1	2	3	3	3	2	4	2	2	4	4	3	2	3	4	4	1	4	4	4	5	4	4	2	3	4	4	1	26	1	1	8	1	F	F	F	F	F	T	F	F			"Informatik"	"40"		3	3	4	5	3	2	4	2	5	4	4	4	4	4	4	5	5	3	1	66	6	3	4	1	5	2	7	4	4	"Wissen und Umgang mit den Systemen. ""Das problem liegt meist vor dem Bildschirm"""	"bis zu einem gewissen Grad ja"	2	2	2	2	2	4	2	2	1	2	2	3	3	2	2	3	2	2	2	2	2	3	2	2	3	2	16	16	66	71	21	25	76	84	19	31	86	86	21	19	90	96	4	11	87	90	12	83	75	71	12	95	96	61	17	72	72	71	16	84	85	80	12	93	92	76	81	37	38	69	34	72	39	34	91	23	31	82	96	15	16	79	83	67	24	42	59	94	68	27	99	32	22	79	59	60	36	22	2	2	3	3	2	2	2	2	2	2	"2"	"1"	"3"	"4"	"1"	"2"	3	4	5	17	19	2	16	2	23	2	14	1	79	62	72	48	44	3	63	58	6	33	27	56	48	38	203	80	41	56	89	10	6		1	1231		2026-05-11 13:24:08		T	F	35	35	0	0	1.46
366			"base"	"interview"	2026-05-11 13:03:45	1	1	1	1	2	1	1	3	1	1	2	1	1	1	1	1	1	1	1	1	5	5	5	1	1	1	3	3	2	1	5	3	5	4	4	4	4	4	3	3	4	1	4	5	2	4	5	3	2	1	5	1	4	2	5	2	5	1	5	2	5	5	2		1	"Mich würde der Ausgang der Studie sehr interessieren. Ich arbeite selber mit KI Agenten und erkenne in meinem Umfeld auch viele Ängste anstatt das man die Chancen begreift wird schnell vor verurteilt "	1	2	4	1	1	1	5	1	1	1	1	5	1	5	1	5	1	4	2	5	4	3	5	1	5	4	4	1	49	1	1	4	1	F	F	F	T	F	F	F	F			"Informations Technologie "	"45"		4	5	2	3	1	1	4	1	6	6	6	6	4	6	6	6	6	1	1	101	7	3	4	2	5	1	6	3	5	"keine. Wer da nicht sich mit beschäftigt wird auf dauer nicht mehr beschäftigt. KI ist einen Chance kein Arbeitsplatz vernichter. "	"nein. im Gegenteil. "	1	1	3	1	1	5	3	1	1	1	1	3	2	1	1	4	1	1	3	1	1	4	2	1	4	1	1	3	101	101	2	3	85	101	3	101	101	99	1	1	100	100	1	1	101	101	1	101	99	81	1	101	101	58	1	100	99	101	1	101	101	101	2	101	101	101	101	1	101	101	101	22	3	90	101	1	1	100	101	1	2	101	100	1	1	101	101	87	18	2	55	2	1	101	73	60	1	1	1	1	4	2	1	1	2	2	1	1	"3"	"4"	"2"	"1"	"1"	"2"	21	89	35	35	29	16	24	4	17	3	21	2	86	62	60	96	57	44	72	73	10	57	29	78	60	37	66	93	42	66	87	17	64		9	1524		2026-05-11 13:29:47		T	F	35	35	0	0	0.8
367			"base"	"interview"	2026-05-11 13:05:39	2	2	2	4	3	3	4	3	3	4	4	4	2	2	2	4	2	2	2	1	3	3	3	2	2	2	4	2	4	3	3	4	4	3	3	4	2	3	4	2	3	5	3	2	3	4	2	3	5	3	2	4	3	2	5	3	4	5	3	3	6	5	2		1		1	2	1	4	5	3	3	2	5	3	3	2	3	3	4	3	1	3	5	2	2	3	1	2	2	3	3	1	22	2	2	6	1	F	T	F	F	F	F	F	F	"Informatik"					3	3	1	2	3	1	3	4	2	2	3	2	1	3	2	2	4	4	1	73	1	7	6	3	2	4	5	2	3	"Die Ausgaben einer KI müssen immer noch einmal kontrolliert werden. Manche Leute übernehmen es einfach und so können große Fehler entstehen."	"Nicht in dem Sinne, dass es meinen Job nicht mehr geben wird. Eher, dass er schwerer wird und es keine richtige Einstiegsposition mehr geben wird. Wenn die KI den leichten Teil übernimmt und man als Mensch nur noch die schwere Arbeit macht und/oder die KI kontrolliert, wie soll man dann in den Beruf bei 0 einsteigen können? Das sind aber Probleme, die ich für die nahe Zukunft nicht sehe, da sind andere Berufe (z.B. in der Verwaltung) mehr bedroht."	1	1	2	2	2	4	2	3	3	2	4	2	2	3	2	2	3	4	2	4	3	2	2	3	2	4	8	20	75	69	18	40	39	25	15	19	77	63	11	2	75	83	21	14	56	66	15	66	78	48	16	40	56	46	10	87	84	48	13	80	85	45	25	55	62	42	92	12	18	50	5	97	28	3	88	52	25	43	90	13	9	60	63	36	11	40	88	87	7	11	88	10	21	68	80	45	46	23	1	1	2	2	1	2	3	1	1	1	"1"	"4"	"3"	"2"	"1"	"2"	5	69	7	35	35	5	23	3	15	2	28	2	105	424	48	195	101	7	61	48	6	60	39	77	70	44	97	107	55	85	451	13	6		1	1970		2026-05-11 13:44:28		T	F	35	35	0	0	1
369			"base"	"interview"	2026-05-11 13:07:43	2	1	3	3	3	2	3	2	3	3	1	3	3	2	2	3	1	1	2	3	4	5	5	3	4	3	5	2	4	2	3	2	2	2	2	2	4	2	4	4	3	2	5	4	3	4	4	4	4	5	2	2	3	3	5	5	5	4	3	3	4	2	2		1		1	1	1	5	5	3	3	2	5	5	5	2	1	3	4	3	1	4	3	2	2	4	2	3	2	3	3	1	28	1	1	6	1	F	F	T	F	F	F	F	F		"Elektrotechnik"				5	6	3	5	5	2	6	5	2	3	3	4	2	2	3	2	3	5	1	81	1	5	7	4	6	3	2	5	4	"Trotz Automatisierung und fotschreitender künstlicher Intelligenz noch schritthalten zu können und produktiv genug und von Nutzen zu sein"	"Ja, absolut"	2	3	4	2	1	3	2	3	1	1	3	2	3	3	3	1	2	3	2	3	3	1	3	2	3	3	46	18	84	82	27	37	73	69	11	20	94	89	18	27	86	80	24	19	77	80	8	88	76	67	14	88	89	24	6	84	71	62	9	91	69	53	10	81	79	38	85	19	52	70	29	67	34	21	89	41	44	74	96	40	29	49	79	54	11	81	93	101	48	58	46	12	51	87	85	86	39	9	3	1	2	3	1	2	2	2	3	2	"3"	"2"	"1"	"4"	"2"	"1"	7	20	13	17	17	298	20	4	15	5	22	3	69	46	58	48	104	8	38	137	5	35	28	42	53	31	62	62	31	52	115	19	15		3	1218		2026-05-11 13:32:45		T	F	35	35	0	0	1.04
370			"base"	"interview"	2026-05-11 13:07:49	2	1	1	2	1	1	1	1	1	1	1	2	1	1	1	1	1	1	1	1	4	4	4	1	1	1	3	2	4	2	4	3	3	3	3	2	3	1	1	3	5	2	4	5	2	1	5	4	1	2	5	2	5	4	5	1	4	1	4	1	4	3	2		1		1	2	1	4	4	1	4	3	2	2	3	2	1	4	2	4	1	5	2	1	4	4	1	1	3	3	4	1	28	2	2	6	1	F	F	F	T	F	F	F	F			"Gastgewerbe"	"45"		7	4	5	3	7	7	6	1	4	5	5	4	4	5	5	5	5	5	1	101	6	5	2	1	3	4	7	5	5	"Es fällt älteren schwer etwas neues zu erlernen. Außerdem sehen Menschen in der KI manchmal eine Bedrohung anstatt einer Hilfe. Neues ist für viele Menschen schwer anzunehmen. Vielleicht wird auch nicht genug über neue Technologien aufgeklärt."	"Teilweise sehe ich im Gastgewerbe kokurrenz durch KI, weil die Bestellaufnahme durch Technik ersetzt werden kann und auch das bringen von Getränken und Speisen kann automatisiert werden, jedoch ist das ziemlich unpersnlich und momentan noch nicht an der Tageslordnung in der klassischen Gastronomie."	3	1	1	2	2	5	3	1	1	1	2	3	3	1	2	3	1	2	2	1	1	3	2	2	3	1	20	9	86	76	10	82	87	83	5	5	70	50	1	2	83	85	7	5	84	88	1	54	80	88	2	83	93	85	3	86	87	87	3	84	83	84	2	89	88	89	101	1	2	73	26	77	33	13	100	3	2	71	101	2	2	68	83	10	12	69	78	99	80	100	99	18	1	101	101	55	3	2	1	2	3	2	1	2	3	1	1	1	"1"	"3"	"4"	"2"	"1"	"2"	8	10	17	23	220	14	11	3	20	3	23	2	70	73	281	70	56	6	103	88	3	41	36	97	173	80	77	86	47	79	459	24	9		3	2127		2026-05-11 13:46:24		T	F	35	35	0	0	0.87
371			"base"	"interview"	2026-05-11 13:09:07	3	1	2	3	2	1	2	2	1	4	4	2	3	4	3	2	2	3	1	2	4	4	4	3	2	2	3	3	5	2	3	3	4	3	4	4	2	3	4	3	5	2	5	3	4	3	2	4	3	3	4	5	4	4	5	4	4	2	3	2	5	5	2		1		1	2	3	2	2	3	4	5	3	2	3	4	3	3	2	4	1	3	3	4	4	3	4	3	5	4	5	1	29	2	2	8	1	F	F	F	T	F	F	F	F			"Commissions"	"40"		3	2	3	2	2	2	2	2	4	4	5	5	4	4	3	4	5	3	1	86	6	5	3	4	2	7	1	5	4	"Zu wenig Trainings"	"ja. Vieles wird durch KI ersetzt"	1	1	2	3	2	4	2	3	2	2	2	1	2	3	3	3	3	2	3	2	2	3	4	2	2	2	21	22	52	52	5	5	45	58	11	11	49	57	24	22	45	51	8	8	50	58	25	55	56	55	15	26	87	81	12	38	42	54	20	56	56	61	14	38	40	44	72	38	32	66	8	78	66	2	68	51	47	63	71	68	53	49	70	61	37	36	81	81	4	4	82	4	6	71	63	28	13	3	2	2	3	3	1	2	3	2	1	2	"4"	"3"	"1"	"2"	"2"	"1"	7	7	10	31	19	12	11	2	10	2	14	2	74	53	68	50	53	7	40	62	6	33	29	67	60	26	56	76	32	46	55	18	8		3	1049		2026-05-11 13:26:36		T	F	35	35	0	0	1.24
372			"base"	"interview"	2026-05-11 13:12:19	2	1	1	2	2	2	2	2	1	2	1	2	1	2	1	2	1	2	1	1	4	2	4	1	1	2	2	2	3	2	3	3	4	3	3	4	2	2	4	3	5	2	5	3	3	4	4	5	4	3	3	5	2	2	5	2	4	3	4	2	5	5	2		1	"Ein sehr Interessantes Thema! Ich vermute hier werden sehr viele gespaltene Meinungen herschen. Ich bin mal gespannt, was sich hier überwiegend ergibt. MFG"	2	1	2	3	2	3	3	5	2	4	4	4	3	3	2	4	1	3	2	5	5	3	5	2	2	2	3	1	22	1	1	5	1	F	T	F	F	F	F	F	F	"Spedition und Logistik - Kaufmännisch"					1	3	2	4	1	2	4	2	5	4	4	3	3	3	4	3	3	2	1	101	6	4	3	2	1	7	5	5	4	"Die Einstellung der meisten Menschen gegenüber neuerrungen ist meistens Kritisch und kann zu Problemen führen. Vorallem in der Arbeit ist es für den Erfolg wichtig die Menschen langsam an das Thema heranzuführen. Persönlich vertraue ich manchen Dingen von Grund auf nicht und benötige eingewöhnungszeit um technischen Neuerungen zu vertrauen."	"Meinen Arbeitsplatz sehe ich grundsätzlich nicht bedroht, da die Logistik und Dienstleistungsbranche so groß und umfangreich ist. Kleinere bereiche, sowie wie Abrechnung erstellen oder Angebote schreiben könnten von KI übernommen werden, jedoch fühle ich mich hier nicht bedroht."	2	1	2	1	2	4	3	2	2	1	3	2	4	2	3	3	2	3	2	3	2	3	3	4	2	2	19	11	91	92	4	1	66	33	10	1	84	70	82	17	59	37	14	13	65	72	17	84	81	74	62	101	101	2	8	74	64	50	19	52	33	82	1	93	81	54	81	52	36	72	81	81	52	53	90	22	20	85	101	1	21	92	87	77	35	82	59	91	1	18	86	1	11	87	91	84	57	1	2	2	3	3	1	2	4	1	1	1	"3"	"4"	"1"	"2"	"1"	"2"	11	12	13	18	23	8	20	4	27	1	11	2	160	98	89	98	102	9	73	72	4	57	48	96	137	42	90	107	65	118	333	27	80		2	1988		2026-05-11 13:46:36		T	F	35	35	0	0	0.87
373			"base"	"interview"	2026-05-11 13:12:37	1	2	2	4	2	3	3	4	1	1	4	3	1	3	1	3	1	3	1	2	1	1	1	1	1	4	2	4	1	5	2	5	5	5	5	4	2	1	5	1	4	3	5	4	4	3	4	5	3	1	3	2	5	1	5	1	3	2	5	1	6	6	2		1		1	2	2	3	1	1	5	2	1	2	4	1	1	5	2	5	1	5	1	1	2	5	1	1	4	5	5	1	34	1	1	7	1	F	F	F	F	F	T	F	F			"Daten Analyse"	"20"		2	8	2	4	6	2	1	1	5	6	5	6	5	2	6	2	4	1	1	94	5	1	7	2	6	3	4	4	4	"Ich denke, die Macht dieser Technologien stellt die Gesellschaft vor extreme soziale und politische Probleme, die auf alle anderen Aspekte des Lebens Einfluss nehmen werden. Die Hürden sind dabei zunächst Akzeptanz, Kompetenz im Umgang und letzten Endes eine faire Handhabe der neugewonnenen intellektuellen Macht in Form von Datenzentren für die gesamte Menschheit"	"100%. Ich gehe nicht davon aus, dass mein Arbeitsplatz oder das Feld generell in 5 Jahren noch existiert."	1	2	1	2	1	4	3	3	2	3	1	2	4	1	2	2	1	3	2	2	2	2	2	1	4	2	58	1	85	80	1	1	68	74	19	28	101	77	9	1	101	101	57	31	86	38	18	65	58	82	6	86	76	93	30	68	43	88	1	86	30	85	11	50	33	82	87	1	1	82	53	9	53	68	55	1	6	89	101	1	1	101	53	8	1	71	66	79	1	65	73	1	56	101	70	37	9	1	1	1	2	3	1	1	2	1	1	1	"3"	"1"	"4"	"2"	"2"	"1"	7	12	10	17	42	10	20	4	18	2	20	1	108	60	113	44	64	9	61	85	7	55	108	93	84	45	91	95	59	80	212	28	5		3	1672		2026-05-11 13:40:29		T	F	35	35	0	0	0.94
374			"base"	"interview"	2026-05-11 13:13:25	2	1	1	1	2	1	1	2	1	1	2	1	1	1	1	1	2	1	1	1	3	1	1	1	1	1	4	4	2	3	1	2	3	3	3	3	3	4	3	2	4	1	4	3	3	2	4	4	3	3	4	2	4	3	5	3	5	2	4	1	5	4	2		1		1	1	5	3	2	3	4	4	2	3	4	3	2	4	1	5	1	5	2	5	5	4	5	2	2	3	4	1	31	2	2	8	1	F	F	F	T	F	F	F	F			"Lehrerin"	"38"		2	4	5	2	1	5	2	2	6	6	6	6	6	6	6	5	6	5	1	28	6	5	4	1	2	7	3	2	4	"unsicherheit der personen
datenschutz"	"teilweise"	2	1	1	1	3	3	3	2	1	1	1	3	3	1	1	3	1	1	3	2	1	3	2	1	3	1	30	13	69	64	13	17	42	61	15	17	74	79	15	18	66	71	23	25	52	69	18	66	72	45	14	82	76	40	18	66	59	47	17	65	63	46	13	67	68	45	72	36	32	52	15	77	12	18	82	31	27	56	81	23	16	66	74	61	30	45	82	83	17	17	74	24	14	61	75	74	74	15	2	2	3	3	1	2	2	1	1	1	"4"	"1"	"3"	"2"	"1"	"2"	8	18	8	16	17	20	10	3	17	3	14	1	57	43	49	45	40	6	79	22	5	26	19	54	51	26	43	60	23	48	60	17	8		2	918		2026-05-11 13:28:43		T	F	35	35	0	0	1.37
375			"base"	"interview"	2026-05-11 13:14:01	2	2	3	4	4	4	4	4	3	4	4	4	1	4	1	4	1	4	2	3	4	4	4	1	2	2	3	2	4	3	4	3	3	3	3	4	2	2	5	2	5	5	5	3	4	4	1	5	4	5	4	5	5	2	5	1	3	5	2	2	6	5	2		1		1	1	1	5	5	1	3	5	5	5	4	3	3	3	5	4	1	4	5	2	2	1	2	1	5	3	3	1	27	1	1	6	3	F	F	F	T	F	T	T	F			"Logistik (angestellt), Versicherung (Selbstständig)"	"30"	"Logistik, Versicherung, Tourismus, Kundenservice, Medizin"	3	1	4	3	1	4	3	1	1	2	1	1	2	1	1	1	2	5	1	65	7	4	3	2	5	1	6	2	4	"Keine"	"Eher weniger"	1	1	4	3	2	3	2	3	2	4	4	1	1	4	4	1	3	4	1	4	4	1	4	4	1	4	53	41	68	58	1	71	31	31	32	32	67	58	34	34	74	62	23	23	66	52	31	59	65	65	69	101	101	101	27	61	61	73	23	61	61	61	18	66	67	78	78	26	50	50	17	86	1	1	84	26	52	51	86	23	49	49	88	17	1	49	66	66	46	46	70	1	51	51	63	51	1	1	3	1	2	2	1	2	2	1	1	2	"3"	"2"	"1"	"4"	"2"	"1"	16	117	16	39	65	5	46	4	15	6	12	1	79	57	58	63	46	10	48	60	3	39	27	67	66	38	69	87	55	67	86	32	19		4	1320		2026-05-11 13:37:43		T	F	35	35	0	0	0.99
376			"base"	"interview"	2026-05-11 13:14:19	1	1	1	1	1	1	1	1	1	1	2	1	1	1	1	1	1	1	1	1	4	4	4	1	1	1	5	2	5	2	5	3	4	3	4	5	1	1	2	3	4	3	5	5	3	2	2	5	2	3	4	4	4	3	5	4	4	3	5	1	6	4	2		1	"Nein."	1	1	2	3	2	1	4	4	2	3	4	4	2	4	2	4	1	4	3	2	4	4	2	3	4	4	4	1	38	1	1	9	1	F	F	F	T	F	F	F	F			"Medien"	"55"		2	2	6	3	2	3	3	4	5	5	5	5	5	6	5	5	5	4	1	88	1	2	7	4	6	3	5	5	5	"Viele Menschen haben Angst vor KI und wollen sie nicht einsetzen."	"Nein, ganz im Gegenteil, ich denke, dass die KI enorm viele neue Chancen aufmacht. "	1	1	1	1	2	4	2	2	1	1	1	3	3	1	2	4	2	2	4	2	1	4	2	2	3	2	1	1	101	101	1	1	101	101	1	1	101	101	1	1	101	100	1	1	101	101	1	85	71	97	2	88	79	88	1	84	71	92	3	83	75	95	1	82	68	89	101	1	1	101	51	62	1	35	101	1	1	101	100	1	1	101	86	14	2	78	101	73	54	36	79	1	1	101	87	25	1	1	2	2	4	3	2	2	2	2	2	2	"4"	"1"	"2"	"3"	"2"	"1"	63	25	11	35	20	4	21	3	10	8	8	2	89	43	123	36	44	8	48	40	9	30	24	54	45	35	40	78	41	42	75	12	10		13	1096		2026-05-11 13:33:28		T	F	35	35	0	0	1.17
377			"base"	"interview"	2026-05-11 13:17:45	1	1	1	2	3	1	3	2	1	1	1	2	2	1	1	1	1	1	1	3	4	2	4	1	1	1	3	3	2	3	4	3	4	3	4	3	2	3	3	2	4	3	5	4	4	3	4	5	4	5	4	2	5	5	5	5	4	2	5	1	4	4	2		1		1	2	5	5	4	4	4	3	3	2	4	4	2	4	4	4	1	5	4	4	4	4	4	2	3	4	4	1	34	2	2	9	1	F	F	F	T	F	F	F	F			"Forschung"	"32"		1	3	6	5	1	6	3	5	5	5	5	5	5	5	5	5	5	2	1	77	1	7	6	4	2	5	3	4	4	"Akzeptanz von allen Mitarbeitern, Kontrolle"	"Nein"	1	1	1	1	2	1	3	3	1	1	3	2	2	2	1	3	2	1	3	2	1	3	1	1	3	1	25	13	79	77	59	24	51	43	11	16	53	79	7	9	84	82	25	26	60	72	16	57	54	77	51	44	51	52	15	40	52	65	11	44	51	66	22	50	72	78	78	33	30	66	33	65	17	24	77	54	15	51	86	51	8	52	66	35	33	48	78	79	10	13	77	11	39	71	71	73	41	25	2	2	4	3	2	1	1	1	2	1	"4"	"2"	"3"	"1"	"2"	"1"	2	8	4	14	13	6	7	2	9	1	8	1	56	55	46	42	53	6	33	35	6	34	37	60	50	33	55	80	25	58	69	9	4		1	922		2026-05-11 13:33:07		T	F	35	35	0	0	1.68
378			"base"	"interview"	2026-05-11 13:18:32	2	1	1	3	2	2	1	3	2	1	3	3	3	1	1	3	1	1	2	1	4	3	4	1	1	2	5	4	2	3	3	4	3	2	3	2	3	3	5	1	2	4	5	2	4	5	3	3	5	3	3	4	3	3	5	3	3	4	2	5	4	2	2		1		1	2	1	4	4	1	3	2	4	4	3	1	3	3	4	4	1	3	5	1	2	4	1	3	1	3	3	1	33	1	1	7	1	F	F	F	T	F	F	F	F			"Informatik"	"40"		3	2	1	3	2	1	2	4	3	4	3	5	3	2	2	4	3	4	1	101	1	6	7	3	4	5	2	5	4	"viele Aufgaben sind noch zu komplex um von einer KI ausgeführt werden zu können"	"teilweise. ich versuche aber KI als ERgänzung zu meiner Arbeit zu nutzen"	1	1	2	2	2	4	2	2	1	2	2	2	2	3	3	2	3	3	2	3	3	2	3	3	2	3	50	39	63	68	36	24	49	40	13	2	72	86	38	25	58	70	34	22	55	66	19	71	72	67	20	55	57	53	40	82	86	60	38	61	61	53	46	76	75	47	86	43	35	41	32	71	12	22	90	29	19	49	78	35	24	51	83	65	17	34	96	99	41	26	82	1	86	50	76	59	53	1	1	1	3	3	1	1	2	1	1	1	"1"	"4"	"2"	"3"	"1"	"2"	86	5	5	113	12	74	15	2	7	2	6	1	119	182	85	186	256	3	31	23	2	31	22	232	35	18	43	49	33	107	80	7	4		3	1803		2026-05-11 13:49:51		T	F	35	35	0	0	1.48
379			"base"	"interview"	2026-05-11 13:20:52	1	1	1	2	2	1	2	2	1	2	1	1	1	1	1	2	1	1	1	2	3	4	2	1	1	1	3	4	2	3	4	3	3	3	3	4	2	4	5	2	5	3	5	4	5	3	2	3	4	4	5	5	5	3	5	2	4	5	5	1	5	4	2		1		1	2	2	4	2	4	4	5	5	4	3	4	3	4	4	4	1	4	4	2	2	4	1	1	4	4	3	1	26	2	2	4	1	F	F	F	T	F	F	F	F			"Produktion / Kundenbetreuung"	"40"		2	2	6	2	1	4	2	1	4	5	5	5	6	5	4	5	5	5	1	101	5	6	7	2	3	4	1	3	4	"Als größte Hürde sehe ich die Einarbeitung in das Thema. Ich kenne viele ältere Menschen, die nicht richtig damit umgehen können oder es nicht lernen wollen. Zudem sehe ich es als kritisch an, wie einfach Dinge gefälscht werden können und wir schnell sich Menschen davon irre leiten lassen."	"In keinster Weise."	2	1	1	1	3	4	3	3	1	1	1	2	3	2	3	4	1	2	3	3	1	3	2	2	3	2	21	11	57	65	1	1	61	46	1	1	101	101	1	1	81	71	9	1	77	66	11	85	94	85	1	101	101	93	1	101	101	92	1	95	91	67	1	101	101	85	101	6	1	72	16	67	1	11	101	1	1	73	82	8	2	65	67	61	1	30	101	101	27	15	95	1	20	101	101	101	1	1	2	1	3	3	1	1	2	1	1	1	"1"	"2"	"4"	"3"	"2"	"1"	13	25	9	18	37	31	7	2	9	1	16	2	87	61	126	61	49	7	86	45	5	56	44	68	65	81	63	120	35	61	188	9	8		5	1500		2026-05-11 13:45:52		T	F	35	35	0	0	1.04
380			"base"	"interview"	2026-05-11 13:21:55	1	1	1	2	1	1	1	2	1	1	2	2	1	1	1	2	1	1	1	1	5	5	4	1	1	1	2	4	2	4	2	4	4	4	4	4	2	2	1	1	4	2	4	4	4	1	3	4	1	1	4	3	3	4	5	4	4	2	3	3	4	4	2		1	"nein"	1	2	5	2	1	4	4	4	2	4	4	4	2	4	2	4	1	4	3	5	5	3	4	2	4	4	4	1	35	2	2	8	1	F	F	F	T	F	F	F	F			"leherin"	"40"		1	1	1	1	1	1	1	1	6	6	6	5	5	5	5	6	5	5	1	98	6	1	4	2	7	3	5	5	4	"Eine zentrale Hürde im Umgang mit KI und anderen technischen Neuerungen ist der Mangel an Zeit und Schulung, um neue Systeme richtig zu erlernen und in den Arbeitsalltag zu integrieren. Eine weitere Herausforderung ist Unsicherheit und Skepsis bei Mitarbeitenden, insbesondere wenn Prozesse weniger transparent werden oder Arbeitsplätze bedroht wirken. Sowohl im privaten als auch im beruflichen Umfeld können zudem unterschiedliche digitale Kompetenzen und Datenschutzbedenken die Akzeptanz und Nutzung erschweren"	"Nein, ich sehe meinen Arbeitsplatz durch technische Neuerungen wie KI nicht bedroht."	2	2	2	2	2	4	4	1	1	1	1	3	1	2	2	3	1	1	3	2	2	3	2	1	2	1	13	10	41	64	12	15	49	64	4	2	73	73	4	3	57	95	3	4	63	90	3	51	84	63	5	79	78	73	4	90	100	69	2	91	81	78	11	79	80	93	87	35	17	79	53	51	31	56	90	53	3	58	97	28	4	62	88	47	8	76	85	86	2	84	92	7	91	89	100	100	85	5	1	1	2	1	1	2	2	1	1	1	"1"	"3"	"4"	"2"	"1"	"2"	13	7	17	45	36	17	55	5	24	4	13	4	132	121	60	77	69	5	99	70	9	62	52	133	82	52	75	130	57	58	454	33	12		3	2085		2026-05-11 13:56:40		T	F	35	35	0	0	0.77
381			"base"	"interview"	2026-05-11 13:24:59	3	2	3	3	3	4	2	2	3	1	2	3	3	3	1	3	1	2	1	2	4	4	4	2	1	1	3	4	2	2	3	3	3	2	2	2	3	3	4	4	4	3	4	5	5	4	3	5	5	4	4	3	4	4	5	4	3	3	5	2	2	2	2		1		1	2	4	4	4	1	3	4	3	4	4	2	2	3	4	4	1	3	4	4	5	4	5	3	4	4	4	1	20	1	1	6	2	F	F	T	T	F	F	F	F		"BWL"	"Einzelhandel"	"12"		2	3	4	5	3	4	3	2	3	5	5	5	4	4	5	4	5	3	1	33	6	7	3	1	2	5	4	4	3	"Vertrauenswürdigkeit von Antworten von KI"	"Nein"	2	1	3	3	2	4	2	3	1	2	2	2	3	2	4	3	2	3	3	3	3	3	4	2	3	3	28	18	53	60	23	21	55	67	5	4	66	75	13	16	47	56	15	15	52	78	15	71	77	50	13	72	72	50	3	83	82	47	6	64	68	44	14	34	55	78	88	51	24	36	17	101	68	5	85	67	14	33	76	75	22	40	75	98	27	23	79	80	17	16	65	20	10	85	82	56	69	2	3	3	4	3	2	1	2	2	1	3	"2"	"3"	"4"	"1"	"1"	"2"	13	22	11	27	40	14	47	3	15	3	19	2	84	57	66	56	59	5	51	29	9	46	30	93	63	45	96	90	48	60	58	23	14		17	1315		2026-05-11 13:46:54		T	F	35	35	0	0	0.95
382			"base"	"interview"	2026-05-11 13:26:51	2	2	3	3	4	3	2	3	1	2	3	2	2	3	2	3	3	3	1	1	2	1	2	3	4	4	3	4	3	3	2	2	3	2	2	4	3	4	2	3	5	4	4	3	4	2	2	5	1	1	4	4	3	4	5	2	3	2	3	2	5	5	2		1		1	1	3	5	2	1	4	3	4	5	2	2	3	3	4	4	1	4	3	3	5	4	5	4	4	3	3	1	25	2	2	7	1	F	F	F	T	F	F	F	F			"Kundenservice"	"40"		4	6	5	2	1	3	4	2	4	5	4	4	4	5	3	4	4	3	1	86	4	7	6	1	5	3	2	1	2	"Ich arbeite im Kundeservice und KI is einfach nicht wirklich passend in dieser Branche. Niemant mochte mit einem Bot schreiben oder reden, die Qualitat der KI ist sehr schlecht und trotzdem will unsere Furhrung weiterhin KI in der Firma pushen."	"Ja, weil meine Danischkantnisse uberflussig werden wenn alles ein KI bot ubersetzt (selbst wenn es schlecht ubersetzt....)"	2	2	2	2	3	4	3	2	3	3	2	2	2	3	3	2	2	2	3	1	3	2	4	4	2	3	40	39	67	67	9	24	33	51	44	38	55	54	20	22	71	71	3	12	11	21	27	52	71	69	19	76	77	56	25	81	80	61	8	82	81	70	9	68	84	33	77	23	21	84	1	93	70	30	65	44	39	50	80	37	27	57	1	99	101	1	86	74	28	32	63	4	96	27	54	91	99	50	2	2	4	2	1	3	4	2	2	2	"2"	"1"	"3"	"4"	"1"	"2"	8	5	4	13	39	205	5	1	11	4	23	1	110	68	82	69	57	6	183	45	1	146	31	114	72	44	52	77	35	59	219	23	6		2	1629		2026-05-11 13:57:11		T	F	35	35	0	0	1.25
383			"base"	"interview"	2026-05-11 13:29:12	1	1	1	3	4	2	1	3	2	1	3	2	2	1	1	1	1	1	1	2	4	4	4	2	3	3	4	4	2	5	1	3	3	3	3	3	4	4	5	1	3	2	4	3	5	5	5	5	5	5	2	4	5	3	5	2	1	5	5	1	2	1	2		1		1	2	4	5	5	4	1	5	5	5	2	2	1	1	5	2	1	1	4	2	3	4	2	1	5	3	4	1	24	1	1	6	1	F	F	T	F	F	F	F	F		"Kulturwirtschaft"				1	1	7	1	3	7	1	3	3	5	2	3	2	4	1	1	1	6	1	15	6	7	3	1	5	2	4	2	3	"Ältere Personen kommen nicht mehr mit, erkennen KI nicht richtig. "	"Nein"	3	1	1	2	4	4	3	2	1	1	3	2	4	4	3	3	2	4	4	4	2	4	1	3	3	4	55	14	72	74	1	1	98	20	68	7	71	69	1	1	95	94	2	1	74	33	12	83	83	14	2	98	100	4	11	76	75	22	1	51	23	72	4	51	49	73	101	25	23	76	1	101	99	4	35	74	73	34	100	2	4	100	97	6	6	58	101	100	1	1	101	12	10	78	94	47	63	1	1	1	2	3	1	1	2	1	1	1	"2"	"1"	"4"	"3"	"1"	"2"	3	5	16	12	17	12	6	3	9	2	11	2	63	42	92	56	60	4	34	31	2	38	19	44	50	45	58	61	41	51	90	17	5		2	1003		2026-05-11 13:45:55		T	F	35	35	0	0	1.5
384			"base"	"interview"	2026-05-11 13:32:40	1	1	2	2	1	2	3	1	1	1	1	3	2	2	1	2	1	1	1	1	4	3	4	1	1	2	4	2	3	3	4	3	4	3	3	2	4	3	2	2	5	2	4	3	2	2	4	3	3	5	4	2	4	4	5	2	3	2	3	1	5	5	2		1	"Nö"	1	2	4	1	2	4	4	3	3	3	2	2	1	2	2	3	1	2	1	1	1	2	1	1	3	2	3	1	43	1	1	5	1	F	F	F	T	F	F	F	F			"AI Content Manager"	"40"		1	4	3	1	1	3	1	4	4	5	4	5	5	5	4	4	5	2	1	74	4	6	5	1	3	2	7	3	4	"Mangelnde Kenntnisse oder Angst im Umgang mit KI. Mangelnde Vision und Innovation. Bürokratie"	"Nein, im Gegenteil"	2	1	2	2	1	3	3	2	1	2	1	2	2	1	1	2	1	1	2	1	1	3	1	1	2	1	7	1	89	101	31	1	66	58	1	1	84	86	18	9	79	78	1	1	101	101	1	101	64	84	43	57	101	59	1	92	67	52	26	94	61	83	1	101	52	98	93	23	17	91	28	68	59	33	96	49	8	58	88	17	12	72	101	36	16	70	82	67	88	41	59	35	18	94	69	52	23	1	2	2	3	3	2	1	2	2	1	2	"4"	"3"	"2"	"1"	"1"	"2"	217	15	7	792	33	154	6	2	8	2	16	1	59	83	326	64	62	7	427	38	30	59	48	45	70	24	46	356	30	132	218	13	10		4	1909		2026-05-11 14:29:24		T	F	35	35	0	0	0.97
385			"base"	"interview"	2026-05-11 13:33:17	2	2	1	2	2	1	2	2	1	1	2	2	2	1	1	2	1	2	2	2	2	3	3	2	2	2	4	2	4	2	3	2	4	3	4	3	4	4	4	4	4	4	4	3	2	1	2	4	3	3	4	4	4	2	5	4	4	4	1	5	4	3	2		1		1	1	3	3	3	2	4	4	3	3	4	4	2	4	3	4	1	3	2	3	4	4	4	3	3	4	4	1	19	2	2	6	1	F	F	T	F	F	F	F	F		"Sozialversicherung, Schwerpunkt Unfallversicherung"				6	6	6	4	4	6	5	7	5	5	4	5	4	5	5	2	5	4	1	77	4	7	1	3	2	5	6	3	4	"-"	"kaum"	2	2	3	4	4	4	2	3	2	1	3	2	3	2	3	3	3	3	3	3	2	3	2	2	3	2	27	8	81	84	36	71	47	27	19	9	83	80	48	7	89	88	53	14	69	83	7	94	94	83	46	66	74	63	47	83	88	86	44	93	91	93	48	87	85	79	89	23	11	66	7	88	59	28	79	25	7	71	99	12	11	86	64	66	39	52	61	98	38	75	67	48	35	76	85	57	68	29	3	3	3	3	2	2	3	2	2	3	"2"	"3"	"4"	"1"	"1"	"2"	10	20	8	19	27	20	18	3	56	5	20	3	77	61	64	50	83	7	58	32	5	33	28	68	53	37	53	72	31	45	46	24	8		4	1148		2026-05-11 13:52:25		T	F	35	35	0	0	1.07
386			"base"	"interview"	2026-05-11 13:35:33	1	1	1	1	1	1	2	3	1	1	3	1	1	1	1	3	1	1	1	1	3	2	4	2	2	1	3	3	2	3	3	4	4	3	3	2	4	4	4	3	3	1	4	4	3	4	4	3	5	3	3	2	3	2	5	2	3	3	2	3	3	2	2		1		1	2	2	4	3	2	3	4	2	2	3	4	2	3	2	4	1	5	3	4	5	3	2	2	4	4	4	1	29	1	1	6	1	F	F	F	T	F	F	F	F			"Finanzen"	"40"		2	5	4	1	2	5	1	2	4	5	4	5	4	4	3	3	4	3	1	91	2	7	6	1	4	5	3	2	4	"Im privaten und beruflichen Umfeld sehe ich als größte Herausforderungen vor allem das Verständnis und das Vertrauen in KI. Viele Menschen haben Sorgen, ob ihre Daten sicher sind, ob KI nicht doch Fehler macht und ob diese Technologien nicht ihren Arbeitsplatz gefährden. Gleichzeitig fehlt vielen das nötige Wissen, um KI sinnvoll und sicher zu nutzen. "	"Eher nicht, da manche Aufgaben zwar automatisiert werden können, allerdings sehe ich darin eher eine Veränderung der Anforderungen als eine direkte Bedrohung. Wichtig ist es, sich an neue Technologien anzupassen und digitale Kompetenzen anzueignen."	1	1	2	1	2	4	2	3	1	1	2	2	3	2	1	3	2	2	3	2	1	3	2	1	3	3	13	1	62	74	1	1	60	87	7	3	71	69	9	6	80	68	11	7	72	90	8	84	65	62	9	93	82	44	6	80	67	62	7	72	69	31	17	61	69	41	85	47	22	58	69	79	30	44	84	51	34	61	85	53	18	56	90	46	26	61	74	86	19	6	17	1	12	81	94	74	83	1	2	2	1	2	2	1	3	1	1	2	"2"	"4"	"3"	"1"	"1"	"2"	68	4	3	14	23	27	9	1	16	1	14	2	70	40	42	230	124	4	33	35	3	38	23	55	43	254	45	94	28	43	318	20	11		2	1462		2026-05-11 14:04:30		T	F	35	35	0	0	1.34
387			"base"	"interview"	2026-05-11 13:38:23	2	2	2	3	2	2	2	3	1	2	3	3	3	1	2	3	1	2	2	2	4	3	4	2	2	2	4	3	4	3	4	3	4	4	4	3	3	2	3	3	3	3	4	3	3	4	3	3	3	4	2	3	4	3	5	4	3	5	3	3	4	4	2		1	"nein"	1	2	3	4	2	1	3	4	3	3	3	3	3	3	2	3	1	3	3	4	5	3	4	2	4	3	3	1	29	1	1	5	1	F	F	F	T	F	F	F	F			"Öffentliche Verwaltung"	"39"		5	3	8	7	5	7	6	6	4	4	4	4	3	3	4	3	4	2	1	82	1	4	7	2	5	3	6	4	3	"Man sollte vorsichtig sein, welche Informationen man einer KI mitteilt. Sowohl privat, als auch beruflich. Das Internet vergisst nie. "	"Nur ein kleines Bisschen, aber richtige Angst davor habe ich nicht."	3	2	3	2	4	3	3	3	2	2	2	2	3	2	3	3	2	2	4	2	2	3	3	3	2	3	37	23	48	56	70	64	47	47	23	12	71	72	32	32	48	52	70	29	55	51	57	40	50	45	64	66	64	43	23	42	44	48	36	42	45	52	69	41	41	50	91	22	20	68	41	92	68	21	79	36	23	60	67	49	49	50	67	59	42	47	79	79	16	50	70	12	22	83	66	68	34	2	3	2	3	3	2	2	3	2	2	3	"3"	"1"	"2"	"4"	"1"	"2"	7	7	12	17	37	33	22	3	20	3	16	2	69	62	60	65	64	10	53	47	9	45	26	69	56	31	83	86	35	67	127	28	84		4	1286		2026-05-11 14:01:02		T	F	35	35	0	0	0.96
388			"base"	"interview"	2026-05-11 13:39:40	2	1	1	4	2	2	2	4	2	1	3	4	2	2	1	4	1	1	2	1	3	3	3	2	3	5	4	3	2	3	3	2	3	2	3	3	2	2	5	2	5	3	4	2	4	1	3	3	5	2	5	4	3	2	5	2	4	3	5	1	4	4	2		1		1	2	2	3	3	1	4	4	4	4	4	1	1	4	2	4	1	4	3	1	3	4	1	1	4	4	4	1	34	1	1	7	1	F	F	F	F	F	T	F	F			"Medien"	"60"		1	2	6	2	1	6	1	1	2	3	3	3	3	3	2	2	3	4	1	39	1	7	6	5	3	4	2	2	2	"Ich komponiere Musik für Medien (Werbungen, Filme, ...) und in meinem Umfeld ist die Haltung gegenüber KI eigentlich durchgehend nur negativ. Ich denke gerade in Kunstbereichen schwingt viel Angst und Unsicherheit bei dem Thema mit. In vielen anderen, nicht-künstlerischen Bereichen sind die Chancen eventuell noch besser, dass KI wirklich als ""Arbeitskollege"" verwendet wird, aber bei uns haben viele Angst zu 100% ersetzt zu werden."	"Ja, als Komponist blicke ich mit großer Sorge auf die vielen Musik-Modelle, die es mittlerweile gibt. Die Musik ist zwar noch nicht gut genug, um jemanden wie mich komplett zu ersetzen, aber es wird vermutlich nicht mehr lange dauern. Man kann nur hoffen, dass die meisten Menschen weiterhin auf ""echte"" und ""menschliche"" Kunst setzen werden. Ich befürchte aber, dass gerade die ""kleinen Fische"" in der Branche große Probleme bekommen werden. Die Leute an der Spitze werden denke ich weiter arbeiten können, aber insgesamt wird die Menge an Menschen, die von ihrer Musik leben können, extrem schrumpfen."	2	1	1	2	2	4	2	2	1	1	2	1	2	2	3	1	2	2	1	3	2	1	3	3	2	3	19	18	92	83	25	24	76	72	23	19	82	80	15	19	88	85	34	27	54	54	13	89	90	60	21	91	92	56	35	86	87	60	11	89	90	64	31	90	92	62	88	55	13	41	41	64	47	40	83	41	17	54	87	19	11	55	52	62	59	47	90	89	18	24	90	17	34	83	86	77	69	14	1	1	2	2	1	2	2	1	1	1	"4"	"3"	"1"	"2"	"2"	"1"	11	39	17	13	42	16	25	2	25	2	20	2	92	65	64	58	55	6	40	72	8	68	38	70	75	30	71	117	39	76	956	29	9		1	1440		2026-05-11 14:17:13		T	F	35	35	0	0	0.96
389			"base"	"interview"	2026-05-11 13:45:27	2	1	1	3	2	1	2	2	1	2	2	2	1	1	1	1	1	1	1	2	4	4	4	2	1	1	3	4	2	4	2	4	4	4	4	3	2	2	1	2	5	2	5	5	5	4	4	4	1	2	4	4	5	5	5	2	4	2	5	1	4	4	2		1	"Nein"	1	2	3	4	5	3	5	5	3	3	4	2	1	4	4	4	1	5	4	5	5	3	3	1	4	4	4	1	34	2	2	6	1	F	F	F	T	F	F	F	F			"Marketing und Sales"	"39"		1	3	3	2	2	3	4	1	3	5	4	5	5	5	5	4	5	2	1	27	3	5	4	2	1	6	7	4	4	"Fehlendes Wissen, fehlende Erfahrungen und Vertrauen und die Unsicherheit, wie stark sich dadurch Arbeitsplätze verändern können."	"Mein Arbeitsplatz wurde bereits durch KI fast komplett ersetzt, da ich Übersetzerin bin. Ich habe kaum noch arbeit."	1	1	2	2	1	4	4	3	1	1	2	2	4	2	2	4	1	1	4	3	1	3	2	2	3	2	19	9	83	69	22	19	83	69	5	4	92	98	11	6	92	96	8	7	83	88	7	69	94	79	12	77	95	86	3	89	91	80	4	97	98	94	9	96	95	93	86	19	14	71	33	79	44	42	97	7	7	78	96	22	11	85	70	70	15	76	79	94	5	19	47	7	4	98	85	24	9	2	1	2	3	2	1	2	2	1	2	1	"1"	"4"	"3"	"2"	"2"	"1"	16	59	15	95	51	6	14	3	14	2	11	2	96	90	100	74	78	12	64	63	6	72	54	109	126	101	791	115	57	80	201	12	15		2	1883		2026-05-11 14:28:53		T	F	35	35	0	0	0.82
390			"base"	"interview"	2026-05-11 13:45:53	2	1	1	2	2	1	2	2	1	1	2	2	2	1	1	1	1	1	1	1	5	3	4	1	1	1	4	2	3	2	4	4	4	4	4	4	1	1	2	4	5	2	5	5	2	1	2	3	1	3	5	1	5	5	5	3	5	2	5	2	5	5	2		1	"Alles prima. Freue mich auf die Zukunft."	1	2	5	2	2	3	5	4	3	2	4	3	3	5	2	5	1	4	2	5	5	4	5	2	4	4	5	1	59	2	2	8	1	F	F	F	T	F	F	F	F			"Medizintechnik"	"30"		6	5	1	1	2	5	6	1	5	6	5	5	5	5	4	5	6	2	1	99	6	3	2	1	5	4	7	3	4	"Man benötigt hierfür zuverlässige Tools und Plattformen. Also man braucht den Zugang zu guten KI Modellen um die Arbeit zu erleichtern."	"Aktuell nicht.Wir alle müssen umlernen und dazulernen."	1	1	1	1	1	4	3	2	1	1	1	2	2	1	2	3	1	1	3	1	1	3	1	2	3	1	3	1	96	95	4	55	52	52	6	10	82	83	6	8	89	88	6	5	52	52	3	5	7	89	4	49	49	92	4	2	3	95	4	63	31	70	5	92	49	96	100	2	2	11	5	94	24	83	86	69	10	64	99	7	4	95	63	47	53	52	92	93	19	19	90	52	49	76	77	94	50	3	2	2	4	3	1	1	2	1	1	1	"1"	"3"	"2"	"4"	"2"	"1"	5	8	7	17	30	4	8	2	8	2	8	2	78	67	58	66	50	7	38	48	3	38	32	67	57	35	57	105	36	64	115	23	21		3	1169		2026-05-11 14:05:22		T	F	35	35	0	0	1.27
391			"base"	"interview"	2026-05-11 13:46:19	1	1	1	2	2	1	2	1	1	1	1	1	1	2	1	1	1	2	1	2	5	5	5	1	1	2	4	5	2	4	5	5	5	5	5	3	4	4	5	2	5	2	4	3	4	2	5	3	5	2	4	2	4	4	5	4	5	1	3	4	1	1	2		1		1	2	3	4	4	2	5	5	4	3	5	1	3	4	2	5	1	4	4	2	4	5	1	3	1	5	4	1	40	2	2	9	1	F	F	F	T	F	F	F	F			"Gesundheit"	"20"		2	6	6	5	3	7	8	6	6	5	6	5	6	5	5	5	6	5	1	39	2	5	4	3	6	1	7	5	4	"Vorteile und Nachteile verstehen, damit richtig umgehen"	"Nein"	1	1	1	1	4	5	3	1	1	1	1	3	3	1	1	3	1	1	2	2	2	4	1	2	3	1	38	26	36	32	5	10	91	96	16	10	81	94	85	63	73	75	12	24	87	87	12	63	63	71	18	89	88	71	13	87	44	80	24	89	91	41	8	82	91	18	80	19	30	79	16	78	88	16	38	76	82	58	81	70	80	89	82	23	16	75	88	91	22	95	98	61	73	94	79	101	73	21	2	1	3	4	1	1	3	2	2	3	"2"	"1"	"3"	"4"	"1"	"2"	9	24	7	13	15	5	9	2	6	2	13	1	63	52	60	70	47	5	39	37	4	33	31	71	53	37	63	89	35	54	57	8	7		3	1024		2026-05-11 14:03:23		T	F	35	35	0	0	1.41
392			"base"	"interview"	2026-05-11 13:48:57	1	1	1	2	1	1	1	3	2	1	2	2	2	2	1	3	1	1	1	1	4	3	4	1	1	1	3	2	4	2	4	3	2	3	4	4	3	3	3	1	4	2	3	3	2	2	4	3	3	3	4	2	3	3	5	2	4	2	3	3	5	5	2		1		1	1	3	1	2	1	4	4	1	2	4	2	1	5	1	4	1	4	2	2	3	3	2	1	2	4	4	1	29	1	1	6	1	F	F	F	F	F	T	F	F			"Großhandel, E-commerce"	"46"		5	6	3	6	3	3	6	4	5	5	5	5	4	5	5	5	5	2	1	1	1	7	6	2	3	5	4	4	3	"Potenzielle Fehler der KI, oder anderen neuen Technologien, welche Zusatzkosten mitbringen würden. 
Generelle Kosten der Nutzung.
Abhängigkeit von den Techonlogien"	"Mein Arbeitsplatz nicht, allerdings von anderen Menschen defintiv."	2	1	2	2	3	4	3	2	1	2	2	4	3	2	2	3	2	2	3	1	1	3	1	2	3	2	36	27	78	76	17	64	41	28	9	27	92	89	73	37	72	72	34	29	71	71	21	59	58	70	32	92	82	59	25	84	63	80	23	55	52	72	13	67	70	54	78	63	24	65	22	81	55	25	84	31	17	83	77	48	28	66	35	71	29	44	53	74	35	75	78	47	50	69	72	75	78	32	1	1	2	1	1	1	2	1	1	1	"3"	"2"	"1"	"4"	"2"	"1"	2	8	39	38	77	29	8	2	11	4	27	2	104	43	50	93	46	7	40	104	2	31	31	46	58	22	51	86	43	52	245	25	12		2	1440		2026-05-11 14:12:57		T	F	35	35	0	0	1.16
393			"base"	"interview"	2026-05-11 13:50:11	1	2	1	2	3	1	1	4	1	1	2	1	2	1	1	1	1	1	1	2	5	5	5	1	1	1	1	4	2	4	2	4	4	3	4	4	2	2	2	2	4	1	5	5	5	2	4	4	2	1	5	1	4	4	5	1	5	1	3	3	5	5	2		1		1	2	1	1	1	1	5	4	1	2	2	4	1	5	1	3	1	3	1	3	3	3	2	1	2	3	5	1	23	1	1	7	1	F	F	T	F	F	F	F	F		"Psychologie"				1	3	4	1	1	7	2	2	6	6	5	5	4	5	5	5	5	2	1	101	1	5	6	4	7	3	2	4	4	"Datenschutz, Transparenz"	"Nein, ich sehe KI eher als hilfreiches Tool"	4	3	1	4	3	4	4	2	1	1	1	3	3	1	1	4	1	1	3	1	2	3	1	1	4	1	13	17	81	81	3	3	86	86	8	7	70	80	3	3	101	101	8	25	88	88	1	69	42	78	4	100	94	32	4	69	62	62	1	101	36	86	6	49	50	65	90	74	1	66	66	83	6	34	101	61	7	62	101	29	1	92	79	80	4	28	81	101	42	1	101	1	15	78	98	98	74	1	1	1	3	3	1	2	2	1	1	1	"4"	"1"	"3"	"2"	"2"	"1"	12	6	4	17	15	21	9	3	8	1	13	2	64	46	73	43	50	5	39	40	3	41	27	54	45	45	51	76	41	51	125	20	7		6	1063		2026-05-11 14:07:55		T	F	35	35	0	0	1.33
394			"base"	"interview"	2026-05-11 13:50:50	3	1	1	3	4	2	3	1	1	2	2	2	1	1	1	2	1	2	2	2	4	4	4	2	1	2	3	4	1	5	2	2	4	3	3	4	2	2	3	5	4	3	3	4	4	4	2	4	2	3	2	4	2	2	5	4	5	5	4	2	4	1	2		1		1	2	3	2	4	1	3	2	4	5	3	2	5	4	3	4	1	4	5	2	2	3	2	3	1	3	4	1	26	2	2	7	1	F	F	T	F	F	F	F	F		"Lernforschung"				2	3	7	2	3	8	1	6	5	4	3	4	4	6	4	5	6	2	1	65	2	7	4	3	5	1	6	3	4	"Meist profetieren eher die Leute, die sich leichter Zugang verschaffen können, z.B. durch Geld. Auch ist es manchmal schwierig festzulegen, wer bei der Automatisierung die Verantwortung bei Fehlern hat."	"Nein"	2	2	3	4	1	3	3	4	3	1	2	2	3	2	1	3	1	2	3	4	2	4	1	2	3	3	48	23	63	44	1	41	69	78	58	1	89	75	82	15	93	70	30	16	42	74	10	90	75	44	1	100	101	26	19	84	56	62	59	34	26	46	1	80	64	41	80	37	20	61	8	99	62	1	94	27	43	72	78	15	1	67	40	64	1	34	75	101	10	1	86	1	30	90	101	18	9	1	2	2	4	4	2	2	3	2	1	2	"2"	"1"	"4"	"3"	"1"	"2"	5	40	8	21	25	20	12	2	15	1	13	1	76	53	56	52	48	5	47	36	10	36	26	53	53	33	60	71	36	45	109	22	58		92	1151		2026-05-11 14:11:30		T	F	35	35	0	0	1.15
395			"base"	"interview"	2026-05-11 13:51:10	2	2	4	3	2	4	1	4	2	4	4	4	1	1	2	4	1	4	1	1	4	4	4	1	1	1	5	1	5	1	5	4	4	4	4	4	2	2	5	4	5	5	5	2	1	3	2	5	3	2	3	5	5	1	5	4	4	2	2	5	5	1	2		1	"Nein."	1	2	1	3	3	2	3	2	5	5	2	1	2	2	4	4	1	2	5	1	3	5	1	3	1	2	3	1	40	2	2	7	1	F	F	F	F	F	T	F	F			"Sozialwesen"	"25"		6	1	2	6	1	1	6	1	2	1	2	1	1	4	1	3	4	4	1	66	5	3	6	1	4	2	7	5	5	"Ich habe bisher keine Erfahrungen mit Automatisierung in meinem beruflichen oder persönlichen Umfeld gemacht."	"Nein, ich sehe meinen Arbeitsplatz nicht bedroht."	1	2	4	2	2	2	1	1	2	4	1	2	2	3	3	1	4	2	2	3	4	1	4	4	2	2	47	20	72	72	16	11	57	71	67	7	70	73	51	2	92	99	29	1	58	87	39	54	53	84	37	56	67	90	3	48	39	93	8	96	53	98	3	31	31	90	101	5	2	94	24	71	62	37	92	3	13	94	101	2	1	101	101	9	1	57	89	100	31	34	83	16	30	80	85	69	80	2	4	2	4	2	1	2	3	1	2	3	"1"	"3"	"2"	"4"	"1"	"2"	3	25	12	18	30	66	5	2	16	2	10	3	160	82	149	186	248	4	125	40	4	69	35	66	56	28	64	109	83	58	153	61	26		6	2004		2026-05-11 14:24:34		T	F	35	35	0	0	0.97
397			"base"	"interview"	2026-05-11 13:53:33	4	1	4	2	2	4	4	4	1	3	1	3	2	4	1	3	1	3	1	3	5	5	5	1	1	2	5	5	2	4	4	4	4	4	4	3	2	4	2	3	4	3	5	3	5	3	3	4	2	4	3	3	3	4	5	4	3	2	4	2	6	6	2		1	"-"	1	2	4	2	2	1	3	3	4	5	5	1	1	3	1	4	1	4	2	1	1	4	1	1	5	5	4	1	58	1	1	7	1	F	F	F	T	F	F	F	F			"Bank"	"35"		1	1	5	1	1	5	4	7	5	5	5	5	4	4	4	4	4	3	1	68	1	2	5	4	6	3	7	5	5	"Akzeptanz, Training, Qualitaet"	"Ja (Kundenservice)"	1	3	1	1	1	5	3	1	1	1	2	2	3	2	2	3	1	2	2	2	2	3	3	1	3	2	2	2	86	86	1	1	81	101	1	1	101	100	2	3	101	101	24	16	72	82	3	100	101	101	19	101	84	83	82	101	101	101	3	101	101	101	2	100	101	101	101	2	2	101	50	30	29	73	100	2	1	99	101	1	1	101	91	13	14	68	101	101	20	2	54	2	20	101	101	101	21	1	2	1	3	2	1	1	2	1	2	1	"2"	"1"	"4"	"3"	"1"	"2"	6	98	25	59	90	30	27	7	22	4	43	9	189	267	204	129	195	16	152	345	26	111	782	236	141	84	129	195	292	116	113	29	30		6	2913		2026-05-11 15:03:40		T	F	35	35	0	0	0.44
399			"base"	"interview"	2026-05-11 13:56:33	3	1	2	3	2	2	2	3	2	4	3	3	3	2	1	3	2	2	3	2	4	4	5	1	1	2	5	3	3	4	3	3	4	3	3	4	2	2	3	3	2	4	4	4	2	5	3	5	3	4	3	3	5	2	5	2	2	4	1	5	4	4	2		1		2	1	3	3	3	1	2	3	4	4	2	1	3	3	4	4	1	3	4	2	2	5	2	3	4	2	5	1	26	1	1	4	1	F	F	F	T	F	F	F	F			"Logistik"	"26"		5	4	2	6	4	2	5	2	3	4	3	3	3	4	3	2	3	5	1	92	1	7	6	3	2	4	5	4	4	"Gerade Ältere Kollegen werden schwierigkeiten haben sich mit KI auseinander zu setzen"	"Veilleicht weniger Arbeit im System durch die KI das man sich mehr mit den Physischen Lager aufgaben beschäftigen kann aber sonst nicht"	2	2	3	3	1	4	2	3	2	3	3	2	2	2	4	2	2	3	2	3	2	3	2	3	2	3	27	24	25	62	1	33	101	93	44	41	54	71	30	26	64	73	30	26	90	68	48	39	37	56	9	13	16	62	55	21	16	59	49	9	7	56	66	14	13	62	66	37	20	79	2	11	30	36	53	43	36	39	83	17	12	79	80	27	25	63	84	87	13	32	91	1	84	61	79	44	39	7	3	2	3	2	2	2	4	1	2	2	"4"	"1"	"2"	"3"	"2"	"1"	538	21	9	22	27	3	16	3	13	1	21	1	121	85	79	58	64	6	49	99	5	46	26	66	61	33	81	85	49	51	98	12	15		4	1340		2026-05-11 14:27:42		T	F	35	35	0	0	1.08
400			"base"	"interview"	2026-05-11 13:56:44	1	2	2	3	3	1	1	3	2	1	2	3	1	1	1	3	1	1	2	2	4	4	4	2	2	2	4	3	3	3	4	4	4	4	4	2	3	3	3	2	4	3	5	5	3	3	4	5	3	5	4	3	5	4	5	5	4	3	4	2	5	5	2		1		1	2	3	5	4	2	3	3	2	4	2	3	2	3	4	4	1	4	4	3	4	4	2	4	3	4	4	1	27	2	2	6	1	F	F	F	T	F	F	F	F			"Gesundheits- und Kinderkrankenpflegerin, Diabetesberaterin DDG"	"39"		2	2	2	6	2	2	2	1	5	5	4	4	5	3	5	4	4	3	1	85	4	5	1	3	2	7	6	4	4	"In der Krankenpflege eher kritisch zu sehen bei möglich fehlender empathischen Komponente"	"Aktuell nicht in der Krankenpflege; in der Diabetesberatung potentiell eher"	2	1	2	1	2	5	2	3	2	2	1	2	3	1	3	3	2	4	3	3	2	2	3	2	2	3	48	36	77	88	10	15	76	79	11	40	71	72	65	36	85	89	15	22	75	85	18	92	101	55	36	101	101	33	15	65	86	38	14	101	101	37	13	78	83	22	77	59	49	61	94	23	22	57	74	69	27	33	91	63	53	74	96	61	45	40	101	101	8	8	55	1	62	80	33	16	7	22	2	2	3	3	1	3	3	1	1	2	"4"	"3"	"1"	"2"	"2"	"1"	16	27	14	25	27	19	14	2	9	1	12	1	172	45	84	53	58	7	33	48	5	36	30	76	65	35	66	92	42	64	105	15	8		4	1310		2026-05-11 14:18:34		T	F	35	35	0	0	1.11
402			"base"	"interview"	2026-05-11 13:59:36	1	1	1	3	2	2	2	2	1	1	1	2	1	2	1	2	1	1	1	1	3	2	2	2	1	2	4	3	1	3	2	3	4	3	2	3	4	4	4	4	4	4	5	3	2	3	3	2	2	3	3	2	1	3	5	3	2	3	4	3	3	2	2		1		1	1	4	2	3	3	4	3	1	3	2	4	4	3	2	3	1	2	2	3	3	3	3	4	4	2	3	1	26	1	1	6	3	F	F	T	T	F	T	F	F		"Wirtschaftsingenieurwesen"	"Maschinenbau"	"40"		5	3	6	4	4	5	4	3	5	3	3	3	3	4	2	4	4	2	1	34	7	4	5	1	2	3	6	2	3	"Unfähige KI-Modelle, die simple Anforderungen nicht erfüllen können."	"Nein."	2	1	1	2	3	3	3	3	1	1	2	3	2	1	2	2	2	2	2	2	2	3	2	1	2	1	54	33	52	72	40	54	43	34	13	5	69	86	34	23	87	73	36	69	67	57	22	68	87	46	49	62	60	49	8	52	72	67	14	68	64	50	22	50	78	34	63	17	31	76	7	84	43	5	93	21	15	79	70	23	31	58	32	71	30	19	50	94	35	65	48	18	28	93	80	41	29	15	3	3	4	3	3	2	2	3	1	3	"4"	"2"	"3"	"1"	"2"	"1"	8	13	6	21	36	2	9	2	13	3	13	1	73	61	56	41	58	4	36	39	4	30	23	50	58	27	49	27	15	30	77	11	5		2	903		2026-05-11 14:14:39		T	F	35	35	0	0	1.53
403			"base"	"interview"	2026-05-11 14:00:08	1	1	1	2	2	1	2	2	1	1	3	2	2	2	1	3	1	1	1	2	4	3	5	1	1	1	3	3	3	2	4	3	3	4	3	4	2	2	3	3	5	2	3	3	2	4	5	4	2	4	5	2	2	4	5	2	4	2	2	4	5	5	2		1		1	2	2	4	4	3	4	2	2	3	5	2	1	3	4	4	1	4	5	2	2	4	2	1	2	3	3	1	23	2	2	7	2	F	F	T	T	F	F	F	F		"Data science"	"Order Management "	"28"		3	6	7	4	4	5	4	5	5	5	5	5	3	6	5	5	5	4	1	78	7	1	5	2	4	3	6	4	4	"Akzeptanz der Mitarbeiter"	"Nein, denn ich arbeite mit Ihnen und treibe sie in Zukunft voran "	3	4	3	3	2	4	3	3	2	2	1	2	3	1	2	3	1	2	2	2	1	3	2	3	3	2	4	1	58	82	43	39	57	65	8	1	58	71	20	1	64	79	11	9	69	84	7	96	95	75	10	50	65	76	9	101	85	74	36	58	73	65	7	75	87	68	77	47	101	61	16	66	53	15	93	33	12	58	98	12	12	72	63	71	26	47	88	90	8	16	64	77	11	85	97	97	14	4	1	1	4	4	1	1	4	1	1	1	"4"	"3"	"2"	"1"	"1"	"2"	3	7	33	19	23	3	4	1	37	1	10	1	53	47	42	37	36	1	43	36	2	36	26	83	59	39	73	137	42	56	41	22	7		2	1062		2026-05-11 14:17:50		T	F	35	35	0	0	1.63
404			"base"	"interview"	2026-05-11 14:02:54	1	1	1	2	3	2	1	3	1	2	1	2	1	2	1	2	1	1	1	2	4	3	4	4	3	3	2	5	2	4	1	2	3	2	3	3	4	4	4	2	4	2	4	4	5	4	5	5	2	3	2	3	4	4	5	2	4	3	4	2	5	4	2		1		2	2	4	5	4	2	2	3	2	1	3	3	2	3	2	4	1	3	4	5	4	4	5	1	2	3	3	1	21	1	1	6	1	F	F	T	F	F	F	F	F		"Politikwissenschaft"				2	1	6	5	2	6	2	1	4	4	4	4	3	5	4	5	5	5	1	23	1	5	6	2	7	4	3	3	3	"wissen, wann eine anwendung sinnvoll ist und wann nicht. kritische denkfähigkeiten beizubehalten"	"durchaus"	2	2	4	3	2	4	3	3	2	1	3	2	3	2	2	3	2	2	3	1	2	3	2	2	3	2	56	30	47	56	9	85	54	80	36	52	56	47	66	34	44	33	69	40	70	32	40	77	81	39	15	101	101	32	71	95	95	40	35	88	88	23	52	87	87	35	67	41	30	59	8	91	80	5	43	58	42	53	57	45	28	45	86	31	9	60	87	97	1	1	95	1	64	70	73	83	88	31	2	1	4	3	1	2	3	1	1	1	"3"	"4"	"2"	"1"	"1"	"2"	52	19	16	14	19	6	22	3	12	2	9	2	50	44	76	52	55	6	26	25	7	26	18	43	40	28	34	49	24	41	72	11	5		2	910		2026-05-11 14:18:05		T	F	35	35	0	0	1.43
405			"base"	"interview"	2026-05-11 14:03:04	2	2	2	4	4	2	4	3	3	4	4	4	2	4	1	4	2	2	4	3	4	5	5	2	1	1	5	1	4	1	4	3	3	3	3	1	5	3	4	1	5	5	5	5	3	2	1	4	5	2	5	5	5	1	5	2	3	5	5	1	6	6	2		1	"Vielen Dank und viel Erfolg mit der Studie!"	1	2	1	5	5	1	3	4	5	5	2	1	1	3	5	5	1	5	5	1	1	5	1	1	1	4	3	1	31	2	2	5	1	F	F	F	F	F	T	F	F			"Medien"	"60"		1	1	1	1	1	1	2	1	2	5	4	4	1	2	1	6	4	6	1	84	1	6	5	4	2	3	7	3	4	"Teilweise fühlt es sich in manchen Bereichen nach einer kompletten Umstrukturierung aufgrund von KI an. Auch ich strukturiere Arbeitsprozesse komplett um, damit ich effizienter und konkurrencefähig bin."	"Ja. Sofern ich KI nicht erlerne und es nicht als Tool nutze, bin ich früher oder später abgehangen."	1	1	1	1	1	5	2	3	2	4	4	1	1	4	4	2	4	4	1	4	3	2	4	4	2	4	77	1	80	75	12	77	76	49	96	29	79	42	1	1	90	82	9	67	79	59	1	56	101	44	1	60	87	88	26	86	101	53	1	89	99	1	7	74	101	44	101	42	1	81	5	94	57	1	56	67	53	41	101	2	1	101	16	101	31	7	101	101	5	5	101	1	7	101	101	101	23	1	2	1	3	2	1	1	3	1	1	1	"2"	"3"	"1"	"4"	"1"	"2"	1	4	5	18	20	9	10	3	12	2	15	2	88	68	66	65	52	5	64	44	5	35	25	70	57	25	75	77	46	54	165	13	18		3	1221		2026-05-11 14:23:25		T	F	35	35	0	0	1.25
406			"base"	"interview"	2026-05-11 14:03:28	2	2	1	4	2	2	2	2	1	2	2	2	2	2	1	2	1	1	3	2	3	2	2	2	2	4	2	3	2	2	2	2	3	2	2	4	4	4	5	2	3	3	2	2	2	2	1	4	3	2	2	2	2	2	5	2	3	2	4	3	5	5	2		1		1	1	3	2	4	1	2	1	3	3	3	1	1	3	2	3	1	4	4	2	2	3	2	1	1	3	4	1	23	1	1	4	1	F	F	F	F	T	F	F	F			"Verwaltung"	"40"		1	6	2	2	1	1	2	1	4	5	4	5	4	2	3	3	3	2	1	90	1	7	6	3	4	5	2	4	3	"alte Strukturen und unflexible Prozesse "	"nein"	1	1	1	1	1	4	4	2	1	2	4	2	3	1	2	4	3	4	3	2	1	4	2	3	3	3	17	14	76	56	14	14	86	86	6	7	86	79	85	19	61	69	12	7	81	71	1	82	91	64	9	88	84	86	11	79	78	78	42	72	69	20	8	93	77	25	72	64	52	77	86	58	44	76	76	54	38	71	11	94	83	12	88	24	16	83	10	91	9	10	88	88	12	88	87	87	56	14	2	1	3	1	1	1	2	1	1	1	"2"	"1"	"4"	"3"	"1"	"2"	6	7	5	18	20	3	7	2	21	4	11	1	308	137	67	69	155	3	158	55	34	86	30	109	122	58	113	224	73	74	105	13	8		3	2081		2026-05-11 14:38:37		T	F	35	35	0	0	1.09
407			"base"	"interview"	2026-05-11 14:03:35	1	1	1	3	3	1	2	3	1	1	3	2	1	1	1	2	1	1	1	1	4	3	4	1	1	1	3	4	1	4	1	4	5	4	4	2	3	3	3	1	5	2	5	4	5	5	3	3	4	3	2	1	5	2	5	2	3	4	5	2	5	4	2		1		1	1	3	4	2	3	3	4	2	2	2	2	1	1	1	1	1	2	2	4	2	3	5	1	4	2	2	1	19	1	1	6	1	F	F	T	F	F	F	F	F		"Informatik & Design"				1	5	3	1	1	1	2	4	3	5	4	3	4	4	3	4	3	3	1	101	7	5	2	1	3	4	6	3	3	"Es gibt viele Unklarheiten, nicht jeder weiß bescheid. "	"Ja, mein zukünftigen"	2	3	1	2	2	3	2	3	1	1	2	2	4	2	2	3	1	2	2	4	1	3	1	2	3	2	34	19	51	70	17	87	66	27	1	19	77	55	1	1	92	69	23	26	82	81	52	80	64	62	52	80	101	1	27	39	42	32	2	84	25	22	49	64	62	39	83	89	19	57	1	101	51	1	79	22	1	78	101	1	1	86	50	76	22	24	49	101	14	24	82	30	51	75	83	74	51	1	2	1	3	3	1	2	2	2	2	2	"1"	"3"	"4"	"2"	"1"	"2"	18	9	8	21	22	18	16	4	26	5	24	2	111	76	86	74	65	6	73	54	4	60	40	80	61	37	70	80	20	67	76	9	6		4	1332		2026-05-11 14:25:47		T	F	35	35	0	0	1.04
408			"base"	"interview"	2026-05-11 14:06:19	1	1	1	1	1	1	1	2	1	1	2	2	2	2	1	1	1	1	1	1	5	5	5	1	1	1	4	5	1	4	3	4	5	5	5	2	4	1	4	2	5	1	4	4	3	2	4	3	3	4	4	1	2	3	5	5	5	2	4	4	6	6	2		1		1	1	1	1	1	1	4	3	1	3	4	1	1	5	4	4	1	1	1	1	3	5	2	1	1	3	5	1	27	1	1	8	1	F	F	F	T	F	F	F	F			"Industrie"	"50"		5	4	6	1	1	4	6	3	5	6	5	6	4	5	5	6	6	2	1	80	7	2	4	1	5	3	6	3	5	"Menschen die sich aktiv dagegenstellen aus Angst davor / keine Lust sich mit den Neuerungen zu beschäftigen, alles so belassen wie es vorher war"	"Nein absolut nicht, man wird effizienter durch KI"	3	1	1	3	3	5	2	1	1	1	2	3	3	1	2	3	1	1	3	2	1	4	1	1	4	1	9	1	58	100	2	2	98	99	19	1	92	100	72	2	40	40	17	1	55	78	2	83	61	97	3	2	98	99	1	1	54	53	1	20	35	49	1	60	92	92	100	12	1	77	4	100	4	25	101	43	1	50	68	6	2	69	29	68	1	60	100	100	21	2	2	1	14	100	100	100	2	1	2	1	3	2	1	1	2	1	1	1	"4"	"3"	"2"	"1"	"2"	"1"	7	10	8	13	24	8	8	2	9	2	15	2	50	44	72	63	49	8	40	36	4	35	25	58	48	31	49	67	33	47	90	19	10		2	988		2026-05-11 14:22:47		T	F	35	35	0	0	1.31
409			"base"	"interview"	2026-05-11 14:06:19	1	1	1	1	1	1	1	2	1	1	1	2	1	1	1	2	1	1	1	1	4	4	4	1	1	1	3	3	2	3	3	4	4	4	4	3	3	2	4	2	4	1	4	3	3	1	5	4	4	3	4	1	2	3	5	3	4	1	4	1	5	3	2		1		1	2	3	2	1	1	5	1	1	1	1	1	1	3	1	2	1	3	3	3	3	4	3	1	1	3	5	1	71	2	2	8	1	F	F	F	T	F	F	F	F			"verwaltungssangestellte"	"10"		1	1	1	1	1	1	1	1	6	6	6	6	6	6	6	6	6	1	1	89	1	4	5	3	7	6	2	3	4	"bezahlbarkeit; für den umgag keine hürden"	"nein"	3	1	1	1	2	4	3	1	1	1	1	4	4	1	1	4	1	1	3	1	1	4	1	1	4	1	13	1	100	91	5	93	93	94	20	6	101	100	2	2	94	94	8	9	98	95	12	91	90	61	11	91	76	56	6	93	90	20	6	94	93	34	7	91	79	46	85	8	72	79	65	2	4	65	79	17	16	66	100	15	14	85	92	21	19	85	62	88	81	49	80	4	4	89	85	95	76	3	1	1	4	2	1	2	2	1	1	1	"4"	"1"	"2"	"3"	"1"	"2"	5	13	9	23	40	15	26	4	22	3	20	3	148	333	92	122	81	7	52	87	8	45	39	156	68	29	111	100	53	72	93	35	15		5	1934		2026-05-11 14:38:33		T	F	35	35	0	0	0.82
410			"base"	"interview"	2026-05-11 14:06:55	1	2	2	2	2	3	2	2	2	2	1	2	2	1	1	2	2	2	1	2	5	5	5	1	2	1	5	2	4	1	5	3	4	3	4	3	2	2	3	4	4	3	4	4	2	5	3	4	2	4	4	3	4	3	5	4	3	4	4	2	4	3	2		1		1	2	2	3	2	3	3	4	2	4	3	4	2	3	3	4	1	4	3	3	4	4	3	2	2	3	3	1	28	1	1	5	1	F	F	F	T	F	F	F	F			"IT-Support"	"40"		5	6	4	7	6	3	5	4	4	5	4	4	4	5	5	4	5	4	1	101	6	5	3	1	7	2	4	3	5	"Die größte Hürde ist es, den Leuten beizubringen wie sie mit KI arbeiten sollen. Und wie sie die Informationen verifizieren können."	"Nein, weil das Problem meistens vor dem Bildschirm sitzt."	3	3	1	1	3	3	3	3	2	2	2	3	3	2	1	3	2	1	3	2	2	3	2	2	3	2	83	32	47	34	75	23	53	49	44	31	54	51	88	19	47	37	63	9	38	39	69	79	79	16	85	56	76	21	47	73	71	21	56	72	72	16	73	72	70	14	101	47	24	78	87	70	54	53	94	75	45	76	93	39	39	90	84	20	21	85	85	94	42	46	101	30	28	101	92	80	57	1	3	2	4	3	2	2	3	2	2	2	"1"	"2"	"3"	"4"	"1"	"2"	5	6	4	21	16	23	7	1	13	1	10	2	66	50	98	57	43	3	300	36	6	36	30	251	65	31	61	252	90	63	168	18	9		3	1596		2026-05-11 14:37:40		T	F	35	35	0	0	1.28
411			"base"	"interview"	2026-05-11 14:07:47	2	1	1	1	2	1	1	2	1	1	1	2	1	1	1	2	1	1	1	1	5	5	5	1	1	1	4	5	1	4	1	4	4	4	4	3	3	2	1	2	4	1	4	4	4	1	2	2	1	2	4	2	4	5	5	3	4	2	3	3	5	5	2		1	"Lief alles gut danke und viel erfolg bei der Studie"	1	1	4	3	2	1	4	4	1	1	2	3	2	4	1	4	1	3	3	4	4	4	3	2	2	3	3	1	43	1	1	6	1	F	F	F	T	F	F	F	F			"Energieversorgung40"	"40"		5	7	1	5	5	1	4	1	6	6	6	6	6	6	6	6	6	1	1	101	1	7	6	5	3	4	2	5	4	"aktzeptanz der kollegen und zu anfang fehleranfälligkeit"	"nein noch nciht"	1	1	2	2	1	4	3	1	1	1	1	3	3	1	1	3	1	1	3	1	1	3	1	1	3	1	14	6	21	61	5	42	76	60	6	10	72	74	1	3	78	53	8	8	85	78	1	22	50	55	54	48	37	59	1	41	57	77	2	2	3	99	5	14	13	11	84	17	1	70	97	1	2	78	82	56	3	81	101	1	1	76	89	1	1	85	101	101	1	27	89	1	1	100	101	84	11	1	2	2	2	3	2	1	2	2	1	2	"3"	"2"	"4"	"1"	"2"	"1"	6	7	6	17	103	3	8	2	25	4	9	3	551	54	255	80	398	6	23	34	3	58	27	74	44	23	61	160	40	40	56	9	13		3	1405		2026-05-11 14:44:32		T	F	35	35	0	0	1.25
412			"base"	"interview"	2026-05-11 14:08:02	1	1	1	1	1	1	2	1	1	1	2	1	1	1	1	1	1	2	1	2	4	4	4	1	1	1	2	5	1	4	2	4	4	4	4	3	4	2	3	1	4	1	3	3	4	2	3	3	2	1	3	1	4	2	5	1	3	2	4	1	5	5	2		1	"Danke für diese interessante Studie."	1	2	1	3	2	1	4	2	2	2	4	1	1	4	1	4	1	3	2	2	2	4	3	1	3	4	4	1	56	2	2	8	1	F	F	F	F	F	T	F	F			"Onlineverkauf"	"30"		1	2	3	1	1	2	1	1	6	5	4	4	5	5	5	5	6	1	1	86	2	6	5	1	3	4	7	4	4	"Vertrauen in KI, Implementation der KI"	"Eigentlich nicht. Ich denke es werden neue Aufgaben dazukommen und andere wegfallen."	2	2	2	1	2	4	3	1	1	1	3	3	4	1	2	4	1	2	3	1	1	4	1	1	3	1	19	30	77	84	11	12	92	93	5	13	95	92	6	7	92	93	8	7	89	92	14	89	66	87	4	97	97	79	5	88	88	90	6	89	90	87	8	87	86	64	87	15	14	75	22	94	78	23	90	5	12	88	87	17	27	88	60	47	22	47	89	89	86	26	67	37	10	92	90	70	32	4	1	1	2	1	1	1	2	1	1	1	"2"	"1"	"4"	"3"	"1"	"2"	13	27	15	17	52	22	16	4	79	3	18	3	92	66	149	52	57	6	131	46	8	55	32	71	68	38	72	117	44	60	208	21	29		10	1701		2026-05-11 14:36:23		T	F	35	35	0	0	0.8
413			"base"	"interview"	2026-05-11 14:08:28	2	2	3	2	3	3	3	2	2	3	4	2	1	2	1	2	2	2	2	2	4	4	4	2	2	2	4	2	4	2	4	3	4	4	3	4	4	3	2	3	4	4	4	4	3	4	2	4	2	4	3	4	4	4	5	4	5	4	5	2	5	5	2		1		1	2	4	4	4	4	4	2	4	4	4	4	4	4	4	4	1	4	4	4	3	4	3	4	5	4	4	1	21	2	2	6	1	F	T	F	F	F	F	F	F	"Steuern"					6	8	6	6	2	6	6	3	3	4	4	5	5	4	4	3	3	4	1	79	6	5	3	1	7	4	2	4	4	"Die Anwenung, der Datenschutz, die Genauigkeit"	"Nein, bislang nicht. Ist noch deutlich zu Komplex im Steuerwesen"	2	2	1	1	2	4	3	3	2	1	3	2	2	3	3	3	3	1	3	3	3	3	3	2	2	3	28	20	74	69	14	17	73	76	30	30	80	77	27	31	66	70	27	30	85	86	19	65	69	73	22	74	78	81	16	82	78	79	32	68	73	56	24	85	84	83	77	54	23	63	28	85	60	34	84	38	29	64	84	45	38	67	72	47	25	58	74	75	54	22	72	20	32	76	81	84	51	31	3	3	3	3	3	2	3	3	2	3	"3"	"1"	"2"	"4"	"1"	"2"	59	232	10	14	13	4	21	2	20	2	49	2	53	49	98	84	44	3	51	85	2	37	25	49	57	29	111	60	28	42	104	6	4		3	1235		2026-05-11 14:32:40		T	F	35	35	0	0	1.34
414			"base"	"interview"	2026-05-11 14:13:13	2	2	1	2	2	1	2	2	1	1	2	2	1	1	1	2	1	1	1	2	4	4	4	2	2	2	5	3	3	3	3	2	2	3	3	2	3	3	5	2	4	2	2	2	3	4	3	3	5	3	2	3	2	1	5	2	4	4	2	5	4	2	2		1		1	2	1	4	4	1	4	5	5	5	4	4	3	3	4	4	1	3	1	1	1	3	1	2	1	3	3	1	37	1	1	7	1	F	F	F	T	F	F	F	F			"Öffentliche Verwaltung"	"39"		2	4	2	1	3	1	1	4	3	4	4	3	3	5	3	4	5	3	1	90	1	7	5	4	6	3	2	4	4	"Das Aufstellen von Richtlinien, um einen verantwortungsvollen und sicheren Umgang zu gewährleisten. Konsequente Weiterbildung der Mitarbeitenden, um neue Technologien sicher einsetzen zu können."	"Nein, KI sehe ich dort künftig höchstens als begleitende Unterstützung."	1	1	1	1	1	2	2	2	1	1	2	2	3	2	2	4	2	3	2	2	2	4	2	2	3	2	32	25	60	61	16	11	61	46	32	29	43	28	27	25	45	43	22	5	70	65	18	70	66	46	11	55	75	34	18	38	47	35	19	47	49	24	13	46	50	32	85	38	35	61	17	94	68	8	73	34	47	56	56	39	38	45	62	57	37	48	78	86	20	20	72	17	41	58	66	59	34	10	1	1	2	2	1	1	2	1	1	1	"1"	"4"	"2"	"3"	"2"	"1"	9	15	5	11	25	23	9	2	11	1	14	1	64	59	45	56	51	8	120	94	5	35	28	62	55	112	63	87	53	49	160	19	13		4	1368		2026-05-11 14:36:01		T	F	35	35	0	0	1.15
415			"base"	"interview"	2026-05-11 14:14:17	3	3	3	3	4	3	4	3	3	4	3	3	3	3	3	3	4	4	4	4	4	4	4	2	2	2	5	5	1	5	3	4	4	4	3	2	5	3	4	2	4	3	5	5	5	3	2	5	3	3	4	5	5	3	5	2	3	4	5	1	4	4	2		1		1	2	4	5	5	3	4	4	4	4	4	2	3	3	3	5	1	5	5	5	5	5	5	3	2	4	4	1	26	2	2	6	1	F	F	T	F	F	F	F	F		"Sonderpädagogische Förderung (Lehramt)"				3	1	3	2	1	7	6	1	3	3	3	3	3	4	4	2	3	3	1	73	5	3	4	1	6	2	7	3	4	"Datenschutz, Veränderung von Berufen, Umgang mit dem Thema in der Schule"	"Nein"	1	1	2	1	1	5	3	2	2	2	3	1	3	2	4	3	3	3	2	4	2	3	3	3	4	4	16	9	90	92	8	31	95	81	2	5	101	101	6	9	95	97	18	10	97	89	16	90	94	80	28	89	101	82	7	99	94	82	7	98	99	97	14	97	101	82	89	20	28	88	19	82	23	13	99	6	89	51	97	4	7	83	94	12	12	76	101	100	1	1	72	2	1	92	93	78	49	1	2	2	4	1	1	2	2	1	1	1	"1"	"4"	"3"	"2"	"2"	"1"	5	26	11	25	34	9	5	2	14	2	7	2	64	53	43	35	38	5	26	59	5	27	25	68	70	33	63	72	76	60	108	19	6		5	1102		2026-05-11 14:32:39		T	F	35	35	0	0	1.28
416			"base"	"interview"	2026-05-11 14:16:50																																																													5	4					1	1																										1	39	1	1	6	1	F	F	F	T	F	F	F	F			"Manufaktur"	"37"																				1	15																																						9	3	56	68					16	10	52	59					14	9	57	68	18	7	20	70					7	14	11	37					25	10	13	75	82	8	2	29					71	5	3	33					71	20	7	87																							"4"	"1"	"3"	"2"			25	11	8	21	43	2	16	2	13	3	24	1	50		46		64																			329		2026-05-11 14:22:19		F	F	17	17	0	0	1.24
417			"base"	"interview"	2026-05-11 14:20:14	3	2	3	2	1	3	1	3	1	3	3	3	1	3	4	2	3	3	2	2	5	5	5	2	2	2	3	5	1	4	2	3	3	4	4	5	1	1	3	2	5	2	5	5	5	5	4	4	3	5	5	3	5	3	5	5	4	1	5	1	5	5	2		1	"nein"	1	2	2	1	2	1	5	2	1	3	4	1	1	5	1	5	1	4	2	2	3	5	3	2	1	4	5	1	38	2	2	7	2	F	F	T	T	F	F	F	F		"Architektur"	"Arhcitektur"	"20"		6	3	4	4	5	5	7	6	4	6	6	6	3	5	4	3	5	1	1	101	1	6	7	4	5	3	2	3	5	"zu hohe Kosten, wenn die KI-Systeme sehr gut werden und nicht mehr im Test sind. Dann werde ich für die tatsächlichen Energiekosten zahlen müssen. "	"Ja, teilweise wie Planung und Renderings, aber ich glaube nicht, dass die tatsächliche Praxis und Erfahrung (so schnell) durch KI ersetzt werden können. "	1	1	1	3	5	5	2	2	2	2	1	2	4	2	1	3	1	2	3	1	2	2	1	2	3	1	2	19	75	79	1	1	101	101	1	1	70	101	67	21	54	72	16	1	101	101	12	99	99	62	1	101	101	1	1	1	1	101	11	84	85	101	73	36	15	90	100	13	3	79	56	74	1	9	44	88	75	28	101	1	1	92	54	29	15	23	25	101	1	1	101	2	27	101	101	101	20	1	2	3	4	4	1	1	1	1	1	1	"3"	"2"	"1"	"4"	"2"	"1"	9	38	16	17	84	45	11	2	37	2	19	2	136	49	94	120	103	7	47	94	5	52	43	107	71	44	402	167	53	94	136	9	7		3	1791		2026-05-11 14:55:39		T	F	35	35	0	0	0.86
418			"base"	"interview"	2026-05-11 14:20:55	4	2	4	4	2	3	3	2	2	4	1	2	2	2	1	2	3	3	1	2	4	3	3	2	2	1	3	5	1	4	2	3	3	4	3	3	1	3	3	2	1	4	5	3	5	5	5	5	3	4	4	2	2	3	5	5	3	1	4	2	5	4	2		1		1	1	4	4	2	2	3	4	2	1	4	4	2	2	3	4	1	4	4	1	2	4	1	3	1	1	1	1	32	1	1	8	1	F	F	F	F	T	F	F	F			"Bildung"	"35"		1	1	3	6	1	3	5	2	6	6	5	4	5	6	5	4	4	5	1	53	1	2	7	3	5	4	6	5	4	"am ball zu bleiben und dauerhaft zu verstehen, wie schnell sich die welt verändert"	"nein, ich bin lehrkraft. der beruf wird in aller erster linie augmentiert werden."	2	3	2	3	4	3	3	1	2	1	1	3	3	2	4	4	2	1	3	1	2	4	3	2	3	3	23	18	75	74	78	34	15	16	30	12	13	45	1	1	47	24	62	24	28	42	13	77	72	51	81	74	73	19	10	57	53	15	1	79	85	43	32	67	67	32	82	27	30	63	14	92	43	16	70	36	32	61	96	13	11	88	18	50	49	37	88	81	17	52	29	12	25	91	82	83	68	1	3	3	4	2	2	1	3	2	3	3	"4"	"3"	"1"	"2"	"2"	"1"	2	8	4	12	44	4	36	1	9	2	6	1	45	36	39	34	48	44	32	28	230	21	20	48	47	20	48	79	27	44	64	9	3		1	835		2026-05-11 14:39:11		T	F	35	35	0	0	1.76
419			"base"	"interview"	2026-05-11 14:21:16	2	1	1	2	2	2	2	2	1	1	1	1	2	1	2	2	1	1	1	2	4	4	4	2	2	2	5	3	4	2	4	4	4	4	4	3	2	2	2	3	3	2	4	4	3	3	5	4	2	3	4	2	4	4	5	3	4	2	3	3	7	7	2		1		1	1	3	3	2	3	4	4	2	2	4	3	2	4	2	4	1	4	3	3	4	3	3	1	4	4	4	1	33	1	1	8	1	F	F	F	T	F	F	F	F			"Maschinenbau"	"40"		3	5	3	3	4	3	3	3	5	5	5	5	5	5	5	5	5	3	1	92	5	7	4	2	6	1	3	4	5	"Jeder vertraut der KI blind, jedoch sollten die Ergebnisse meistens hinterfragt werden."	"Nein"	1	1	3	2	2	4	3	2	1	1	1	2	4	2	2	4	2	2	4	2	2	4	2	2	4	3	32	29	78	78	10	11	99	88	24	24	85	86	27	27	76	78	21	20	72	74	28	62	61	60	13	48	49	48	17	52	75	72	29	47	47	47	24	80	72	77	88	32	33	90	22	72	65	35	92	13	12	94	76	21	21	69	67	35	37	77	74	46	27	64	29	29	36	70	69	50	17	17	1	1	2	3	1	2	3	2	2	2	"3"	"1"	"2"	"4"	"1"	"2"	27	7	12	10	13	2	7	1	14	2	8	2	74	38	33	29	46	5	71	23	4	33	23	48	73	20	44	94	95	36	54	11	5		2	966		2026-05-11 14:37:23		T	F	35	35	0	0	1.6
420			"base"	"interview"	2026-05-11 14:26:06	2	2	2	2	2	2	2	2	2	2	2	3	2	3	3	3	1	3	2	2	2	1	2	2	2	4	4	3	4	2	3	1	1	1	1	2	4	3	3	2	4	3	3	3	3	4	3	3	2	3	4	3	3	3	5	3	4	4	5	2	5	4	2		1		1	2	4	4	4	1	4	3	3	3	4	2	2	4	4	3	1	4	5	4	4	3	4	3	2	3	3	1	19	1	1	1	1	T	F	F	F	F	F	F	F						2	2	7	6	6	7	2	4	4	4	5	4	3	3	4	4	4	3	1	67	1	7	6	4	3	5	2	3	3	"Vor allem die Datensicherheit und die wenig genauen Bearbeitungsweisen der KI oder deren Qualität generell"	"teilweise ja"	2	2	3	4	1	4	3	3	2	2	2	2	4	3	3	3	2	2	3	2	2	2	2	4	3	3	16	9	68	71	17	10	34	48	16	16	66	69	4	5	32	31	5	7	82	72	18	71	45	62	9	83	47	44	4	67	52	56	4	69	62	59	1	80	56	56	88	52	33	30	29	67	46	16	79	27	31	51	39	78	52	51	59	59	50	36	78	80	39	67	82	62	27	72	86	80	73	30	1	1	3	4	1	2	1	1	1	2	"2"	"1"	"4"	"3"	"1"	"2"	15	6	8	26	11	2	27	6	32	3	17	2	103	118	152	47	46	6	113	32	2	42	30	67	62	43	66	71	29	74	127	13	8		1	1407		2026-05-11 14:49:33		T	F	35	35	0	0	1.25
421			"base"	"interview"	2026-05-11 14:28:31	1	1	1	1	2	1	1	1	1	1	1	1	2	1	1	1	1	2	1	1	5	5	5	1	1	1	3	4	1	4	3	5	4	4	5	3	3	1	4	2	5	1	4	3	4	4	4	4	5	4	4	1	5	3	5	2	4	3	4	2	5	5	2		1	"-"	1	2	4	2	2	1	5	4	3	3	4	1	1	4	1	2	1	4	4	3	5	2	3	1	2	2	4	1	30	1	1	9	1	F	F	F	T	F	F	F	F			"Industrieforschung"	"40"		2	2	4	2	2	2	2	2	5	5	5	5	5	6	4	4	6	3	1	101	1	6	7	3	2	4	5	5	5	"wird zu wenig adaptiert. zu wenig umgang mit neuen methoden"	"nein"	2	4	4	2	4	5	3	2	1	1	1	4	4	1	1	4	1	1	4	2	1	4	1	1	4	2	8	8	99	97	19	21	91	94	7	7	93	93	16	12	91	91	12	14	97	92	5	99	91	59	12	85	82	67	6	98	21	75	7	95	67	59	13	91	77	71	90	7	9	95	13	82	5	16	96	26	4	94	97	8	9	96	48	43	7	76	87	86	51	29	83	16	32	92	92	64	25	2	1	1	4	4	1	2	3	1	1	1	"1"	"4"	"2"	"3"	"2"	"1"	4	7	6	18	32	36	6	3	16	2	8	2	63	45	44	65	43	5	39	38	3	30	22	62	41	42	54	98	194	49	87	17	9		3	1193		2026-05-11 14:48:24		T	F	35	35	0	0	1.31
422			"base"	"interview"	2026-05-11 14:29:07	2	1	2	1	2	2	2	2	1	1	2	2	2	1	1	2	1	1	1	1	4	4	4	1	1	2	3	3	3	4	2	5	5	5	4	3	3	3	1	2	4	1	4	5	4	2	4	4	2	4	3	2	4	5	5	4	4	2	4	2	6	5	2		1		1	2	1	4	4	1	5	4	3	4	4	1	3	4	4	4	1	4	3	1	1	4	1	3	1	4	4	1	23	1	1	7	1	F	F	F	T	F	F	F	F			"Versicherungen"	"40"		4	5	7	6	4	7	6	4	5	6	5	5	5	5	5	5	5	2	1	93	1	7	5	4	2	6	3	5	5	"Im beruflichen Umfeld sehe ich hohe Hürden in regulatorischer Hinsicht (Gesetze, Möglichkeiten, Verpflichtungen), da dort viele offene Fragen herrschen. Im privaten denke ich dass KI schon gut ist, aber in den folgenden Jahren nochmals einen großen Sprung in Richtung Alltagshelfer machen wird, der alles kann. "	"Nein, ich denke, KI wird ein großer Helfer werden, mit dem man viel effizienter arbeiten kann als vorher. "	2	1	1	2	1	4	3	2	1	1	1	2	3	1	2	3	1	1	3	2	1	3	2	1	3	1	9	11	87	82	31	28	64	66	13	10	84	94	43	36	61	82	37	13	66	75	20	75	80	71	25	64	53	77	9	89	79	77	63	48	48	55	20	68	70	54	90	8	13	74	43	77	56	41	99	10	4	80	60	41	20	57	85	44	10	70	67	92	37	12	28	32	31	78	82	57	15	4	1	1	2	2	1	1	2	1	1	1	"4"	"3"	"2"	"1"	"1"	"2"	222	12	12	20	17	64	9	2	9	2	14	2	102	53	47	81	54	20	55	35	384	36	21	64	54	20	43	61	27	31	237	6	3		2	1231		2026-05-11 14:59:28		T	F	35	35	0	0	1.25
423			"base"	"interview"	2026-05-11 14:29:15	1	2	2	2	3	3	2	1	1	2	3	2	1	2	1	2	3	3	1	2	4	5	5	3	2	1	3	4	2	4	2	3	4	4	4	3	4	3	2	3	4	3	5	5	4	2	3	4	2	1	3	2	5	4	5	1	4	2	4	3	3	4	1	"Gerne hätte ich einen Screenshot beigefügt. In einer Frage zum Ausfüllen mittels Balkenskalierung lud die Internetseite nicht mehr bzw. hing sich auf. Dies führte zum Abbruch des Ladens der Seite. Nach einer Aktualisierung konnte es gott sei dank (hoffentlich) fortgeführt werden."	1	"In der Beschreibung zu Prolific stand 25 min. und in der Studie 45 min. Bearbeitungszeit."	1	2	3	2	2	2	4	4	2	2	4	2	2	3	1	5	1	4	3	2	4	4	3	2	3	4	4	1	30	2	2	7	1	F	F	F	F	F	F	F	T					"Waldkindergartenleitung"	1	1	3	1	1	5	1	1	4	4	4	4	5	5	4	5	4	1	1	87	7	4	3	1	6	2	5	4	4	"KI ist leider noch sehr fehlerhaft, was eine gute, ernsthafte und sichere Einbindung erschwert."	"Nein"	1	1	2	1	3	4	3	3	2	1	2	2	3	2	1	3	1	2	2	3	2	3	2	1	3	1	11	14	61	70	1	1	43	43	6	1	54	61	1	1	53	62	1	1	52	63	1	90	99	78	1	51	63	63	1	71	72	59	1	59	69	64	16	96	96	67	101	19	1	83	42	56	68	44	71	14	82	70	58	59	23	25	71	61	1	73	75	74	40	74	56	1	1	101	97	77	46	1	2	2	4	3	1	2	3	1	2	1	"4"	"3"	"2"	"1"	"1"	"2"	36	18	16	20	53	12	15	3	18	4	28	3	184	126	164	119	176	15	174	73	7	84	77	171	187	303	582	197	109	131	170	47	61	73	8	2684		2026-05-11 15:27:00		T	F	35	35	0	0	0.54
424			"base"	"interview"	2026-05-11 14:29:18	1	1	1	1	2	1	1	1	1	2	1	1	1	1	1	1	1	1	1	1	4	5	5	1	1	1	2	5	1	4	1	3	4	4	3	4	2	3	1	2	3	1	5	4	5	2	3	2	2	1	5	2	3	4	5	2	5	1	2	4	4	3	2		1		1	1	3	2	1	2	4	3	2	4	4	3	2	5	1	4	1	4	1	4	5	2	2	3	5	3	4	1	24	2	2	7	1	F	F	T	F	F	F	F	F		"Psychologie"				1	1	4	1	1	4	1	2	6	6	6	6	4	6	5	6	6	1	1	72	3	7	5	1	2	6	4	2	4	"Noch hohe Fehleranfälligkeit, man muss alles nachprüfen"	"Nicht wirklich"	1	1	1	1	2	4	3	2	1	1	1	3	3	1	1	4	1	1	4	1	1	4	1	1	4	2	18	11	89	79	61	71	34	29	81	36	23	23	9	9	81	89	9	8	94	92	51	76	75	33	82	52	86	14	62	31	76	31	15	80	79	59	4	93	93	11	93	18	13	76	14	48	4	15	39	54	7	29	94	5	5	95	96	7	6	94	94	100	25	29	73	5	6	85	98	99	11	2	1	1	2	2	1	2	2	1	1	1	"4"	"3"	"1"	"2"	"1"	"2"	5	29	8	14	30	12	8	2	10	5	12	2	88	69	93	68	56	6	60	42	3	30	19	54	39	23	33	104	26	45	78	16	8		8	1105		2026-05-11 14:47:44		T	F	35	35	0	0	1.26
425			"base"	"interview"	2026-05-11 14:31:20	2	1	1	1	2	2	2	2	1	2	3	2	1	2	1	3	1	2	1	1	4	4	4	2	2	2	4	1	4	2	5	4	4	4	5	4	2	2	5	5	4	3	5	3	1	2	2	5	3	3	4	5	4	3	5	2	4	3	4	2	5	4	2		1	"keine"	1	1	3	4	3	2	4	4	3	5	5	4	3	4	2	5	1	4	2	2	4	5	2	3	4	5	5	1	59	2	2	8	1	F	F	F	F	T	F	F	F			"Bildung"	"40"		7	4	7	2	3	6	6	3	5	5	5	5	4	5	5	5	5	3	1	96	1	6	5	4	3	2	7	3	4	"es ist teilweise kompliziert und zeitaufwändig, sich einzuarbeiten und vor allem für ältere menschen kann es überfordernd sein"	"nein, hier kann ki eher zur weiterentwicklung beitragen"	3	2	3	3	4	3	2	2	1	2	2	2	2	2	4	2	3	2	3	4	2	3	3	3	2	3	64	19	73	58	82	38	44	34	31	8	85	85	51	9	67	58	37	9	68	71	36	31	58	63	75	55	66	44	21	44	58	66	40	34	49	58	37	52	55	55	79	21	17	78	24	84	75	19	86	83	10	85	85	14	31	71	90	23	19	83	53	93	28	85	93	26	15	94	94	78	85	1	3	2	3	3	2	2	4	2	1	4	"4"	"2"	"3"	"1"	"2"	"1"	4	15	8	13	20	10	14	3	15	3	9	2	83	58	119	125	76	13	67	87	7	53	38	68	131	79	78	172	33	62	116	28	15		10	1634		2026-05-11 14:58:34		T	F	35	35	0	0	0.96
426			"base"	"interview"	2026-05-11 14:32:33	1	1	2	2	2	2	2	3	1	1	2	2	3	2	2	3	1	1	1	2	4	4	4	2	2	1	3	2	5	3	4	3	4	4	4	3	3	2	4	2	4	2	5	3	2	3	3	4	3	3	4	4	4	2	5	3	4	3	5	1	4	4	2		1	"Die Umfrage hat Spaß gemacht :)"	1	2	1	3	3	1	4	1	2	4	4	1	3	4	2	4	1	4	3	2	2	3	1	4	2	4	5	1	20	1	1	4	1	F	F	F	T	F	F	F	F			"Bürokraft"	"38"		2	1	3	5	2	2	2	8	5	5	6	5	3	3	4	4	5	4	1	101	2	6	7	5	1	4	3	3	5	"Ki könnte zu viele arbeitsplätze wegnehmen sodass viele leute ihren job verlieren könnten. Vielleicht sogar ich "	"eher unwahrschenilich "	1	1	1	1	2	4	2	2	1	1	2	2	3	2	3	3	1	2	2	2	1	3	2	1	3	2	35	39	75	69	52	29	46	36	10	13	90	85	13	26	68	69	2	2	86	97	37	68	67	62	69	66	66	66	22	91	86	70	10	77	81	77	21	101	84	86	101	45	36	75	81	41	52	62	101	32	46	73	92	38	29	56	99	36	37	53	95	96	84	61	77	5	61	71	94	80	54	7	2	1	2	3	1	1	2	1	1	1	"3"	"1"	"4"	"2"	"2"	"1"	4	6	13	30	50	10	22	4	33	2	22	3	100	72	104	67	69	13	68	62	10	56	38	97	80	49	125	122	68	67	163	31	44		3	1707		2026-05-11 15:01:00		T	F	35	35	0	0	0.85
427			"base"	"interview"	2026-05-11 14:32:45	1	2	3	2	3	4	3	4	2	2	2	4	1	2	1	4	1	1	1	2	4	2	4	3	2	3	4	3	3	2	5	3	4	3	3	3	2	2	5	1	4	5	4	2	3	4	3	4	5	4	4	4	2	2	5	2	5	4	4	2	2	2	2		1		1	2	1	4	4	2	4	4	4	3	3	1	1	2	3	3	1	4	3	2	2	4	2	1	3	3	2	1	37	1	1	8	1	F	F	F	T	F	F	F	F			"Gesundheit"	"33"		2	5	6	6	4	6	6	3	3	1	3	3	1	2	2	3	5	4	1	62	2	3	4	1	6	5	7	3	5	"mangelnde Erfahrung, mangelnde Schulung. Gerade für ältere Kollegen herausfordernd aber unvermeidbar"	"weniger, (aber durch Politiker, die sich von den falschen Lobbyisten beeinflussen lassen, sehe ich meinen Arbeitsplatz gefährdet)"	2	2	2	3	3	2	1	4	2	3	3	2	2	3	3	1	2	3	2	2	4	1	3	3	2	2	59	35	65	65	56	40	59	59	50	29	63	67	57	23	61	62	61	38	50	62	9	62	94	56	35	86	93	62	24	83	87	58	34	85	86	63	37	78	80	59	59	67	55	59	65	52	39	61	92	39	40	69	88	49	43	69	61	78	40	56	84	49	42	57	64	40	35	84	44	35	47	27	1	1	2	1	1	1	2	1	1	1	"3"	"4"	"2"	"1"	"2"	"1"	29	16	17	21	47	16	26	3	17	2	25	2	204	103	98	71	101	7	73	84	7	88	40	129	140	75	128	164	86	118	216	54	13		7	2227		2026-05-11 15:09:52		T	F	35	35	0	0	0.67
428			"base"	"interview"	2026-05-11 14:33:29	1	2	3	2	1	2	3	3	1	1	1	2	2	1	1	2	3	3	1	2	4	2	2	1	1	1	2	4	2	4	2	4	3	4	4	3	3	3	4	4	4	4	4	4	5	2	2	2	1	3	4	3	5	2	5	3	5	3	3	3	5	3	2		1		1	2	4	4	2	3	4	3	2	5	5	2	2	5	1	5	1	4	4	2	5	3	3	2	3	4	5	1	36	2	2	8	1	F	F	F	F	T	F	F	F			"Bildung"	"35"		2	1	3	6	1	5	1	2	6	6	6	6	5	5	6	5	6	2	1	101	2	7	5	1	3	4	6	2	3	"Dass die KI von Schüler:Innen genutzt wird, um Nachdenken, Analysen und generell alles, was etwas mehr Mühe und Eigeninitiative bräuchte, zu vermeiden, obwohl Verbesserungen und Lernzuwachs ohne KI eigentlich leicht möglich wären"	"nein, denn die soziale Komponente und Classroom Management können nicht durch KI ersetzt werden"	1	1	1	1	2	4	3	2	2	1	1	3	3	1	2	3	2	3	2	1	3	3	2	2	3	2	1	1	101	101	1	1	101	101	1	1	101	101	1	2	101	101	1	1	94	101	1	63	101	2	1	101	101	7	1	51	101	1	2	50	101	1	1	51	101	1	101	1	1	53	1	101	1	1	65	16	1	49	101	1	1	81	26	74	1	66	101	101	1	1	73	1	25	92	101	91	27	1	3	2	3	2	3	2	3	2	2	3	"1"	"3"	"4"	"2"	"2"	"1"	13	10	7	16	35	4	5	1	7	1	6	2	41	43	38	28	35	3	22	24	2	19	71	44	34	125	38	57	20	37	184	19	7		24	1001		2026-05-11 14:50:31		T	F	35	35	0	0	1.71
429			"base"	"interview"	2026-05-11 14:35:27	4	2	4	3	3	4	4	3	3	3	3	3	3	3	2	3	3	4	2	3	4	4	4	2	2	2	5	4	3	2	4	3	4	3	4	4	2	2	4	2	3	5	3	2	4	5	2	4	4	5	3	4	2	2	5	4	3	5	2	4	6	6	2		1		1	1	2	4	4	2	3	4	5	4	3	3	4	2	4	3	1	4	5	3	4	4	3	4	2	4	3	1	22	1	1	6	1	F	F	T	F	F	F	F	F		"Informatik"				3	2	7	6	4	2	6	3	2	3	4	2	3	3	2	3	3	5	1	77	7	3	4	1	5	2	6	5	4	"Die Hürden sehe ich, dass in der Informatik immer mehr Junior Stellen abgebaut werden, da diese auch von KI ersetzt werden können. Aber da frage ich mich wie soll man eine richtige Fachkraft werden, wenn man nicht mal die Chance hat als Junior einzuseigen "	"Ja so ein bisschen, jedoch kann man auch einfach in die Richtung KI shiften so wie ich es gerade mache mit Agenten und AI Workflow Entwicklung"	1	1	3	2	4	4	2	3	4	2	3	2	2	4	3	1	3	4	2	3	4	2	3	3	1	3	16	24	70	75	76	61	16	30	26	23	83	89	21	44	80	66	77	60	45	56	20	77	65	72	80	58	51	26	29	78	66	67	21	83	70	58	74	36	49	52	74	77	33	65	25	74	70	23	86	16	30	80	81	35	21	71	75	22	29	63	73	92	11	13	96	7	28	81	91	81	24	10	3	2	4	3	2	2	3	2	3	3	"3"	"2"	"1"	"4"	"1"	"2"	6	5	4	35	31	21	12	3	15	4	24	3	73	129	42	48	41	7	489	31	6	38	21	58	63	28	67	75	94	63	259	13	5		3	1378		2026-05-11 15:05:43		T	F	35	35	0	0	1.15
430			"base"	"interview"	2026-05-11 14:38:51	1	1	2	4	3	1	1	2	2	1	2	4	1	1	2	4	2	2	1	1	4	3	4	4	3	4	4	4	3	4	4	3	3	4	4	3	3	4	4	4	5	4	4	4	3	5	4	2	5	4	3	3	4	4	5	4	4	3	4	5	5	4	2		1		1	2	4	4	3	4	4	3	5	2	2	3	2	2	4	3	1	2	4	5	4	4	4	3	4	4	2	1	18	1	1	6	1	F	F	T	F	F	F	F	F		"VWL"				8	7	8	6	5	7	4	7	5	5	4	5	3	5	5	4	5	5	1	101	2	7	6	5	3	4	1	4	4	"Als student habe ich angst vor möglichen schlechten berufsausichten"	"Ja leider "	4	3	4	5	4	4	3	3	2	3	4	3	3	2	3	3	2	3	3	3	2	3	2	4	3	4	69	77	73	28	48	78	45	72	78	81	49	72	78	81	71	93	82	71	87	87	68	69	37	67	74	73	40	79	36	68	79	54	76	88	72	65	75	80	56	73	82	69	69	84	82	78	73	81	65	78	56	78	79	70	65	74	80	55	73	73	84	62	91	72	78	57	68	53	76	64	74	63	2	2	4	2	1	2	1	1	1	1	"1"	"4"	"2"	"3"	"2"	"1"	8	12	8	23	15	6	8	3	22	3	24	3	33	39	41	48	36	4	25	35	3	18	23	52	30	22	41	57	23	48	119	14	7		4	857		2026-05-11 14:53:08		T	F	35	35	0	0	1.49
431			"base"	"interview"	2026-05-11 14:42:23	3	1	3	2	2	2	2	2	1	2	3	2	1	1	1	2	2	2	2	1	5	5	5	1	3	2	4	3	1	2	4	3	4	3	4	4	2	1	4	3	4	2	5	3	4	4	4	5	3	3	3	4	4	1	5	3	4	5	4	2	6	6	2		1	"Nein keine weiteren Anmerkungen"	1	2	3	4	4	1	3	5	4	4	4	5	2	3	2	4	1	2	4	1	2	4	1	1	1	1	4	1	34	1	1	7	1	F	F	F	T	F	F	F	F			"Lehrlingsausbildung Software Entwicklung"	"40"		3	2	7	1	3	7	8	6	4	5	4	5	4	5	5	3	4	5	1	74	2	3	4	1	6	5	7	4	4	"Ki generierter Code führt zu schnellem Flow und Commit after Commit, doch dabei ist eine Hürde das kontinuierlich Review nicht zu vernachlässigen. Man muss verstehn und absichern. Das wird leicht übersehen"	"Ja teilweise schon. Wer sich nicht anpasst und eine völlig neue Art der Softwareentwicklerung adaptiert wird seinen Job verlieren"	2	1	3	1	1	5	2	3	2	2	3	1	4	2	3	2	3	4	2	1	2	3	3	3	2	1	20	22	72	67	32	40	71	72	24	27	79	71	68	64	41	62	34	36	66	60	22	79	80	67	30	63	53	45	35	37	68	68	28	59	45	46	25	57	56	32	79	14	17	53	52	52	6	27	73	40	38	27	66	67	23	79	69	70	18	53	79	101	3	1	85	1	24	75	75	96	77	2	1	1	3	3	1	1	2	1	1	1	"1"	"4"	"2"	"3"	"2"	"1"	2	29	8	21	36	11	11	2	16	3	18	2	80	94	63	85	60	6	54	66	2	68	47	724	85	44	104	89	49	85	425	31	22		2	1791		2026-05-11 15:23:07		T	F	35	35	0	0	0.99
432			"base"	"interview"	2026-05-11 14:47:10	1	1	4	4	4	3	4	4	4	4	4	3	2	1	1	3	3	3	3	3	4	4	4	3	3	2	5	1	5	2	5	3	3	3	3	4	2	2	5	4	5	5	5	4	1	4	1	5	3	3	4	5	5	3	5	3	3	5	5	1	4	5	2		1	"Das war eine interessante Studie. "	1	2	5	5	5	5	5	5	5	5	5	5	5	3	4	4	1	5	5	2	5	5	5	5	5	5	5	1	39	2	2	7	1	F	F	F	F	F	T	F	F			"Großhandel für Industrieprodukte"	"40"		5	1	6	6	2	6	6	2	2	3	3	3	3	2	3	3	3	3	1	101	4	1	7	2	5	3	6	5	4	"Die Menschen wissen nicht , wie man einen hilfreichen Prompt kreiert. Die Antwort hängt von der Frage ab und je präziser die Frage oder die Aufforderung, desto genauer und hilfreicher ist die Antwort. Leider können auch viele Menschen Halluzinationen nicht erkennen und vertrauen der KI zu sehr. Ich mache immer einen Doublecheck. "	"Ich bin Geschäftsführerin, vertrete eine GmbH, eine KI kann mich derzeit nicht ersetzen und ich glaube auch nicht, dass sie mich in Zukunft ersetzt. "	2	2	2	2	4	5	2	4	3	3	3	1	1	3	4	1	4	4	2	4	4	2	4	4	2	4	1	2	84	84	1	1	101	85	14	14	84	83	1	1	87	87	48	101	18	17	17	101	101	51	2	101	101	49	47	101	101	49	1	101	101	49	47	101	101	47	81	49	49	50	78	21	22	78	101	50	51	50	100	51	1	77	1	101	99	2	101	101	49	50	100	1	1	101	101	101	1	1	4	3	4	2	3	1	4	2	4	4	"2"	"3"	"4"	"1"	"1"	"2"	14	10	10	34	175	36	20	3	23	2	17	2	198	149	121	72	121	13	111	102	7	97	61	82	94	61	109	103	95	90	457	43	54		12	2598		2026-05-11 15:30:28		T	F	35	35	0	0	0.64
433			"base"	"interview"	2026-05-11 14:49:50	2	1	1	2	1	2	1	2	1	1	3	2	1	1	1	1	1	1	2	1	5	5	5	2	1	1	5	3	4	3	4	5	5	5	5	4	2	3	4	2	5	2	5	5	5	2	5	1	4	2	4	4	5	3	5	4	5	4	2	4	7	7	2		1		1	2	4	4	2	3	5	4	2	5	5	2	2	5	4	4	1	3	5	2	2	2	1	3	1	3	4	1	33	1	1	7	1	F	F	F	T	F	F	F	F			"Industrie "	"40"		6	7	7	7	6	8	2	5	5	6	6	6	5	5	4	6	6	3	1	94	7	5	4	1	3	2	6	5	5	"Aneignung von Wissen mit Umgang der KI.
Vertrauen auf Richtigkeit der KI "	"Nein"	2	1	3	2	4	5	3	1	2	1	2	4	4	2	3	3	2	3	3	3	2	3	3	1	4	2	34	24	90	95	33	79	79	55	17	2	86	96	10	9	87	86	13	14	77	69	9	94	101	51	82	81	81	67	5	79	79	75	11	90	89	24	16	83	84	52	92	29	30	84	8	91	84	26	101	7	6	98	101	11	13	89	26	84	67	27	96	83	26	11	94	1	84	67	66	72	8	7	1	1	3	3	1	2	2	1	1	1	"1"	"4"	"2"	"3"	"2"	"1"	10	31	17	16	23	8	12	1	15	2	10	1	73	110	67	114	79	12	41	49	7	42	34	79	79	50	71	82	57	57	94	13	5		3	1364		2026-05-11 15:12:35		T	F	35	35	0	0	1.13
435			"base"	"interview"	2026-05-11 14:51:13	1	2	1	1	3	2	2	2	1	1	1	2	3	2	1	2	1	1	1	1	3	3	2	2	3	2	3	3	3	2	3	2	4	3	4	2	3	2	4	2	5	3	5	3	4	2	3	4	4	3	4	4	3	4	5	3	2	3	2	2	4	4	2		1		1	2	4	3	1	3	4	4	2	2	3	5	3	3	3	4	1	4	2	4	4	3	3	4	1	5	4	1	23	1	1	2	1	F	F	F	T	F	F	F	F			"Logistik"	"38"		1	1	1	1	6	1	3	1	6	6	5	5	3	4	5	4	5	4	1	33	1	6	7	5	2	4	3	4	4	"datenschutz, fehlendes verständniss, Fehlerhafte Ergebnisse durch KI"	"Nein ich sehe keine Persönliche bedrohung durch KI."	1	1	1	1	2	4	3	2	1	2	3	3	3	2	3	3	2	2	2	1	1	3	2	2	3	2	1	1	93	91	19	4	52	52	1	1	67	57	55	8	47	47	34	10	70	63	9	73	70	75	3	61	61	79	11	61	64	64	12	52	53	31	13	58	63	59	96	42	59	56	1	77	53	2	28	101	88	57	87	33	38	71	52	59	39	57	77	73	35	1	101	1	11	95	52	73	2	1	2	3	3	3	3	1	2	3	1	3	"1"	"2"	"3"	"4"	"2"	"1"	35	99	20	31	56	44	25	4	21	4	26	4	142	138	87	71	64	11	88	88	9	64	81	95	75	35	91	129	52	98	489	21	34		12	2343		2026-05-11 15:30:16		T	F	35	35	0	0	0.6
436			"base"	"interview"	2026-05-11 14:52:43	2	1	1	2	2	1	1	1	1	1	1	2	2	1	2	2	1	1	1	2	4	3	3	3	4	2	3	3	3	2	4	3	4	3	3	2	4	3	4	2	3	2	4	4	3	3	3	4	3	4	3	3	4	3	5	4	4	3	4	3	5	5	2		1		1	2	2	2	2	1	3	3	2	2	4	2	2	3	2	2	1	4	4	3	3	3	3	2	2	2	3	1	30	1	1	8	1	F	F	F	F	T	F	F	F			"Verwaltung"	"41"		4	5	6	5	8	3	4	2	5	5	5	5	5	5	5	5	5	4	1	101	3	7	6	5	1	4	2	4	4	"Schutz der Daten."	"Nein"	3	2	3	2	2	4	3	2	1	2	2	3	3	2	2	3	2	2	3	2	2	3	2	2	3	2	22	21	86	83	15	16	84	80	23	17	71	75	6	6	92	84	31	33	79	72	18	56	66	56	14	69	72	47	27	52	51	47	13	51	61	59	13	62	42	49	96	68	68	84	8	92	81	7	78	45	48	65	94	4	5	84	76	78	72	55	80	79	19	80	82	11	55	68	69	80	52	12	2	2	3	3	2	2	2	2	2	2	"3"	"4"	"2"	"1"	"1"	"2"	2	4	5	15	13	9	22	3	23	1	19	2	62	61	45	44	43	22	68	42	4	48	22	69	54	38	61	69	36	57	76	17	11		4	1071		2026-05-11 15:10:34		T	F	35	35	0	0	1.32
437			"base"	"interview"	2026-05-11 14:54:02	3	2	2	3	3	2	4	3	3	2	4	2	2	3	3	2	1	2	4	3	4	4	4	2	3	3	5	3	4	3	4	4	4	4	3	4	2	2	4	4	3	4	5	3	4	3	2	5	4	5	5	4	5	3	5	3	2	4	5	1	7	6	2		1	"Immer wieder gern."	1	1	3	5	5	1	3	4	3	4	4	3	2	2	4	5	1	4	5	4	4	5	2	1	1	4	4	1	38	1	1	4	1	F	F	F	T	F	F	F	F			"Produktion"	"37,5"		1	1	1	1	1	1	5	7	4	6	5	4	5	4	5	3	4	6	1	84	1	5	7	2	4	3	6	4	3	"Momentan keine. Ich erlerne aktuell den Umgang mit diversen KI Tools und finde es Interesant. Beruflich ist KI für mich ""noch"" nicht relevant."	"Ja, es ist nur eine Frage der Zeit."	3	1	1	1	2	4	3	3	1	2	4	1	2	2	4	3	3	3	2	3	2	3	3	3	1	3	85	51	70	70	1	1	81	68	81	29	82	81	71	75	50	50	39	41	83	80	52	74	75	28	28	81	79	51	71	83	81	49	73	71	69	51	23	83	80	49	82	61	36	36	73	73	26	25	76	75	33	76	53	71	32	53	56	74	29	42	76	77	1	75	74	1	33	86	64	65	21	1	1	2	4	3	1	2	3	1	1	1	"4"	"3"	"2"	"1"	"2"	"1"	3	28	11	23	23	9	17	3	19	3	17	2	100	55	76	71	70	10	54	61	2	58	35	78	61	37	77	90	56	65	149	21	18		3	1405		2026-05-11 15:17:27		T	F	35	35	0	0	1.03
438			"base"	"interview"	2026-05-11 14:55:16	2	1	2	2	2	2	1	3	1	1	1	2	2	3	2	2	2	2	1	1	5	5	5	2	1	1	5	3	3	3	4	3	3	3	3	2	4	3	4	3	5	3	5	5	4	2	1	3	1	2	5	5	5	5	5	3	4	3	3	1	5	4	2		1		1	2	4	1	2	5	5	3	3	4	3	3	3	4	4	5	1	4	5	5	5	4	4	3	4	3	4	1	63	2	2	4	1	F	F	F	T	F	F	F	F			"kundenservice"	"18"		5	8	7	5	1	5	3	1	5	4	4	5	5	5	2	2	5	2	1	101	1	7	5	4	2	6	3	5	4	"ich sehe eine Hürde um mich neu an Dinge zu gewöhnen .."	"teils teils.......ich denke Ki kann auch unterdtützen und meinen Job nicht vollständig ersetzen"	2	1	2	3	1	5	3	1	2	2	2	2	2	3	4	3	3	4	3	4	2	3	4	4	2	2	52	2	16	1	78	51	30	30	83	22	52	84	53	1	53	75	1	2	74	93	1	71	80	48	27	73	71	71	6	77	77	49	1	80	79	65	1	100	101	66	98	1	2	2	32	89	48	27	98	64	27	54	101	23	1	84	50	50	28	50	98	98	63	79	95	2	33	90	98	93	59	3	3	3	3	3	2	2	3	2	2	2	"3"	"4"	"1"	"2"	"1"	"2"	3	8	10	23	70	40	11	2	15	4	23	3	110	76	69	73	68	8	56	50	7	52	39	80	84	44	92	108	55	88	133	23	14		4	1545		2026-05-11 15:21:01		T	F	35	35	0	0	0.93
439			"base"	"interview"	2026-05-11 14:55:22	2	3	1	2	2	1	2	3	1	1	3	2	3	1	1	3	1	1	1	1	5	5	5	1	1	1	3	4	2	4	4	5	5	4	4	4	3	3	4	2	5	1	4	4	3	2	3	4	4	4	4	2	3	3	5	4	5	2	1	5	5	5	2		1		1	2	2	2	2	2	5	3	2	4	4	2	2	4	3	5	1	4	4	2	3	5	1	1	3	4	5	1	30	1	1	8	1	F	F	F	T	F	F	F	F			"Forschung und Entwicklung - Elektronik"	"37"		1	3	2	2	6	1	2	5	5	5	5	5	5	5	5	5	5	2	1	72	5	4	2	1	6	3	7	4	5	"KI muss auch meinen Anforderungen gerecht werden"	"nein"	1	1	2	1	4	3	3	2	1	1	1	2	3	1	1	3	3	2	3	3	1	3	2	1	3	2	12	12	76	81	1	17	83	84	19	19	79	79	1	13	73	78	7	1	97	73	20	73	74	58	13	85	101	61	21	78	76	56	9	100	98	61	6	101	89	68	73	35	7	73	52	73	2	53	74	20	15	80	101	37	1	63	101	1	1	100	76	88	1	14	101	1	24	101	65	65	19	1	1	2	3	2	1	1	2	1	1	2	"3"	"1"	"4"	"2"	"1"	"2"	4	4	4	18	21	20	9	1	10	2	11	1	60	44	154	50	38	3	60	48	3	44	27	63	57	35	67	76	31	54	44	10	4		1	1078		2026-05-11 15:13:20		T	F	35	35	0	0	1.61
440			"base"	"interview"	2026-05-11 14:57:33	1	1	1	2	4	2	4	3	2	3	4	3	1	1	1	3	2	2	2	2	4	2	4	4	2	5	3	2	5	1	5	3	3	3	3	3	4	4	5	2	3	5	5	5	3	2	1	5	5	1	3	5	5	3	5	2	5	5	5	1	2	2	1	"Bei der Bewertung der Wichtigkeit der Erfindungen konnte ich nicht frei wählen"	1		1	2	5	5	5	5	1	5	5	5	4	5	2	1	4	4	1	3	3	4	4	5	5	2	5	2	1	1	34	2	2	8	1	F	F	F	T	F	F	F	F			"Verlagswesen"	"30"		1	3	5	2	1	7	5	1	1	1	5	3	3	4	2	4	5	1	1	73	3	1	4	2	7	5	6	3	3	"Geringes Verständnis"	"Ja"	1	1	3	3	2	4	2	4	2	3	1	1	2	3	1	2	2	3	2	2	3	2	3	3	2	3	33	49	41	40	14	18	54	55	14	18	55	55	19	19	73	75	11	11	80	78	25	58	72	72	15	82	80	83	16	73	71	75	18	32	80	53	17	77	75	76	79	29	39	66	79	34	36	55	71	32	51	60	68	30	76	71	27	88	21	70	89	82	16	9	100	2	14	89	78	69	80	2	3	1	3	3	1	1	3	1	1	2	"3"	"1"	"4"	"2"	"2"	"1"	4	8	8	19	22	12	6	2	8	1	11	2	47	46	55	48	61	3	29	132	4	26	24	56	65	54	49	60	30	42	157	14	9	31	3	1148		2026-05-11 15:16:42		T	F	35	35	0	0	1.41
441			"base"	"interview"	2026-05-11 14:58:43	3	3	3	2	3	3	3	3	4	4	4	4	3	3	3	3	1	3	4	3	5	4	4	1	1	1	4	2	4	2	4	3	3	3	3	4	2	2	4	2	2	2	4	2	2	5	1	5	5	5	1	5	1	3	5	5	3	4	3	3	5	5	2		1	"Wichtiges und spannendes Thema, denke das schwierigste ist es, alle auf einen Level zu bekommen. Aber das war mit dem Computer bei seiner Einführung ja auch nicht anders. "	1	2	2	5	5	1	2	1	5	5	3	1	3	3	5	5	1	3	5	1	1	5	1	3	3	1	1	1	44	2	2	6	1	F	F	F	T	F	F	F	F			"Produkte und Dienstleistungen"	"40"		4	1	2	5	2	2	2	6	1	3	2	2	2	2	2	1	2	1	1	100	2	6	7	5	3	4	1	4	4	"Ich denke die meisten können nicht einschätzen, was die KI leisten kann und was eben nicht. "	"Nein, Fortschritt und Neuerung gehört doch immer zur Gesellschaft. "	1	1	1	1	1	4	3	4	1	1	2	1	2	4	4	2	3	4	1	4	4	1	4	4	2	4	10	1	101	100	3	5	51	69	4	4	62	81	1	3	53	60	2	5	74	74	2	70	69	69	1	56	56	54	1	74	74	64	1	69	72	58	1	64	65	63	99	43	43	69	68	63	12	38	85	8	8	43	75	16	7	47	101	24	8	45	101	101	52	1	100	1	2	99	92	73	1	1	3	3	3	4	3	4	4	3	3	3	"2"	"4"	"3"	"1"	"2"	"1"	4	59	19	18	29	10	8	2	17	3	9	1	72	113	80	109	51	4	41	60	5	33	30	72	71	30	62	99	36	49	98	9	46		3	1352		2026-05-11 15:21:16		T	F	35	35	0	0	1.16
442			"base"	"interview"	2026-05-11 15:01:01	2	2	2	4	1	2	2	4	2	2	2	3	1	1	1	3	2	2	1	2	2	2	3	2	2	3	3	4	2	3	4	3	3	3	3	3	3	3	4	1	5	4	3	3	4	4	3	3	4	3	4	4	4	2	5	3	4	2	5	1	4	5	2		1	"Nein."	1	2	3	3	4	1	2	1	3	3	3	1	1	1	4	3	1	2	3	2	2	2	2	1	1	1	2	1	30	1	1	4	1	F	F	F	T	F	F	F	F			"Datenverarbeitung"	"30"		1	4	4	3	5	4	3	3	3	4	4	3	3	3	4	3	4	4	1	101	4	6	7	1	3	2	5	3	3	"Die gerechte Handhabung, da es noch keine Regelungen dafür gibt."	"Unsicher."	2	1	3	2	2	4	2	1	3	3	2	3	4	2	4	2	2	3	2	3	3	2	4	2	2	2	1	21	55	54	1	55	44	23	27	26	50	46	24	25	45	41	47	23	101	75	1	46	51	48	1	101	72	70	30	43	47	43	24	51	51	52	15	76	54	52	83	48	47	50	1	81	21	1	39	42	41	44	101	53	52	51	48	63	62	38	78	101	1	1	101	13	32	101	101	59	51	16	2	1	3	2	1	1	2	1	1	1	"3"	"4"	"1"	"2"	"2"	"1"	55	21	8	24	37	23	8	3	10	3	16	2	71	48	41	53	49	6	51	48	6	36	36	54	54	26	63	60	33	43	94	19	18		10	1129		2026-05-11 15:19:50		T	F	35	35	0	0	1.08
443			"base"	"interview"	2026-05-11 15:11:14	1	1	2	1	4	1	1	1	1	1	3	1	1	2	2	1	1	1	1	1	3	4	4	1	1	2	5	2	4	2	3	4	4	3	4	3	3	4	4	4	4	2	5	5	2	1	5	5	4	4	5	3	5	4	5	4	5	3	5	1	5	4	2		1		1	1	4	1	1	2	4	5	1	2	4	5	1	4	1	5	1	5	4	4	4	5	4	1	1	4	4	1	19	1	1	5	1	F	T	F	F	F	F	F	F	"Elektroniker in Geräte und Systeme spezialisiert auf RFID und Microsysteme"					1	3	7	2	1	7	1	1	6	6	6	5	6	6	6	6	6	2	1	82	1	7	6	4	3	5	2	4	4	"Ki könnte meine leistungen nachahmen und leuten ohne talent oder expertise ermöglichen ohne mühe gleiche leistungen zu erzielen"	"ja, ich mache viel cad und sehe oft werbung für ki 3d modellier programme"	2	3	3	2	4	3	3	2	2	1	1	2	4	1	2	3	2	2	3	2	2	3	2	2	4	1	1	5	80	89	1	1	83	84	1	2	97	87	1	2	101	100	1	1	62	83	1	101	101	90	1	101	100	90	1	101	101	79	2	101	100	92	2	101	101	86	91	66	17	59	69	84	11	1	95	51	2	54	101	50	7	86	101	101	55	35	74	101	1	53	101	54	2	101	101	82	53	1	1	1	2	3	1	1	2	1	1	1	"3"	"4"	"2"	"1"	"1"	"2"	25	139	24	33	55	15	121	4	91	5	19	2	191	100	127	87	107	10	83	77	7	87	43	100	100	46	89	114	40	78	102	26	10		7	1854		2026-05-11 15:47:18		T	F	35	35	0	0	0.66
445			"base"	"interview"	2026-05-11 15:11:35	2	3	1	2	3	1	2	2	1	1	2	2	2	1	1	2	1	1	1	1	5	4	4	1	1	1	4	4	1	3	3	2	4	3	3	2	4	3	4	3	3	2	3	3	4	4	3	4	5	2	3	3	5	2	5	3	3	4	3	3	5	5	2		1		1	2	3	5	1	1	3	4	2	3	2	1	1	3	3	2	1	2	2	1	3	3	2	1	4	2	2	1	45	1	1	9	1	F	F	F	T	F	F	F	F			"Naturwissenschaften, Bildung"	"40"		2	4	6	2	2	5	2	1	4	5	5	4	5	5	4	4	5	6	1	84	1	3	7	4	6	2	5	4	5	"Das Ergebnis auf seine Richtigkeit zu überprüfen. Bei so vielen KI-Tools, die alle laut eigener Aussage gut sind, die richtigen und funktionierenden Tools rauszuscuen"	"Ich forsche im Bereich Naturwissenschaft und mache Lehre. Hier hilft Ki, aber mein Arbeitsplatz ist nicht gefährdet, da vieles einfach noch gar nicht so funktioniert, wie alle glauben."	1	1	2	2	2	4	2	3	1	1	1	2	2	3	2	3	2	3	4	2	2	3	2	2	2	3	34	21	76	62	61	52	43	31	37	47	44	35	25	28	82	74	30	25	72	61	23	85	97	62	60	64	84	58	27	76	77	59	23	79	66	65	29	87	61	68	86	62	17	56	33	88	64	22	82	78	50	30	90	24	20	71	89	63	22	29	81	85	66	56	85	43	47	69	71	85	74	19	2	1	3	4	1	2	2	1	1	1	"4"	"1"	"3"	"2"	"1"	"2"	7	11	8	16	43	11	18	2	15	2	29	2	68	56	72	50	54	7	60	34	3	40	26	67	58	37	54	75	33	53	124	15	14		3	1167		2026-05-11 15:31:03		T	F	35	35	0	0	1.14
446			"base"	"interview"	2026-05-11 15:12:33	2	1	2	2	4	1	2	1	2	2	2	2	2	1	2	1	2	2	2	3	3	2	2	3	3	2	4	2	5	4	3	2	3	3	4	1	3	4	3	3	4	2	3	4	5	3	2	5	3	4	4	3	4	4	5	4	4	5	3	3	6	6	2		1		1	2	4	5	3	1	3	4	3	2	3	4	2	2	3	3	1	4	4	3	4	3	2	2	1	4	3	1	27	1	1	7	1	F	F	T	F	F	F	F	F		"Applied Computer Science"				6	3	7	5	2	8	7	6	5	3	4	4	5	5	4	5	6	4	1	25	3	5	4	1	7	2	6	5	4	"Ich sehe vor allem fehlendes Wissen, Unsicherheit und mangelnde Schulungen als große Hürden. Viele Menschen wissen noch nicht genau, wie KI funktioniert, wo ihre Grenzen liegen und wie man sie sinnvoll einsetzt. Im beruflichen Umfeld können außerdem Datenschutz, fehlendes Vertrauen in die Technik, Angst vor Fehlern und die Sorge um Arbeitsplätze eine Rolle spielen. Wichtig wäre daher, Mitarbeitende früh einzubeziehen, transparent zu kommunizieren und ausreichend Weiterbildung anzubieten."	"Teilweise. Ich denke, dass KI viele repetitive und einfache Aufgaben übernehmen kann und dadurch bestimmte Tätigkeiten wegfallen oder sich stark verändern könnten. Gleichzeitig glaube ich aber, dass menschliche Fähigkeiten wie Kommunikation, Verantwortung, Empathie, Kreativität und Problemlösung weiterhin wichtig bleiben. Ich sehe KI deshalb eher als Veränderung und Herausforderung, aber nicht unbedingt als unmittelbare vollständige Bedrohung."	2	2	3	2	3	4	3	3	1	1	4	3	3	2	3	3	3	4	3	3	2	2	3	2	3	4	94	80	87	87	19	28	71	57	18	8	79	75	95	90	83	93	16	19	72	79	71	54	92	53	10	77	87	50	9	78	85	51	88	96	96	78	8	89	91	26	93	85	85	28	37	87	56	34	77	54	28	59	87	83	91	28	67	83	32	69	92	86	7	25	79	3	15	91	95	68	50	8	1	1	3	3	1	2	3	2	1	2	"3"	"2"	"1"	"4"	"2"	"1"	37	40	20	35	42	19	34	7	32	3	34	3	164	60	208	143	77	9	37	64	16	54	71	137	239	43	113	471	63	86	249	34	22		6	2672		2026-05-11 15:57:05		T	F	35	35	0	0	0.59
447			"base"	"interview"	2026-05-11 15:14:05	1	1	1	4	1	2	2	3	1	3	2	2	1	1	1	2	1	2	1	1	4	3	2	1	1	1	5	2	4	1	4	2	2	2	2	1	5	4	4	4	5	5	4	3	2	4	2	3	3	4	4	5	4	1	5	3	3	5	5	1	4	4	2		1		1	2	1	5	5	2	3	5	5	5	3	1	2	4	3	5	1	4	5	1	1	2	1	2	1	1	5	1	36	2	2	8	1	F	F	F	T	F	F	F	F			"Bildung"	"37,5"		2	1	6	7	2	3	8	1	4	3	2	3	4	5	2	3	3	1	1	93	2	5	6	4	7	1	3	2	5	"Verständinis darüber, was Künstliche Intelligenz ist und was sie nicht kann"	"Nein"	4	2	1	2	2	2	3	3	3	1	2	3	3	2	4	3	4	4	2	4	3	3	4	4	2	3	20	45	9	25	96	94	93	8	14	10	11	44	45	13	31	32	34	82	80	20	14	75	69	6	96	96	96	7	41	79	76	8	8	82	65	7	18	87	78	13	83	13	16	66	4	96	78	4	78	32	13	55	74	45	17	33	19	80	11	4	96	63	5	7	59	4	5	91	91	90	28	3	3	3	4	4	2	3	4	1	2	3	"4"	"1"	"2"	"3"	"2"	"1"	4	12	6	16	20	5	7	2	9	2	8	2	47	55	69	56	53	3	31	28	5	38	27	63	56	26	49	67	37	69	58	14	6		2	952		2026-05-11 15:29:58		T	F	35	35	0	0	1.5
449			"base"	"interview"	2026-05-11 15:18:20	1	1	1	1	1	1	1	3	1	1	4	1	1	1	1	1	1	1	1	1	5	5	5	1	1	1	5	3	4	2	5	5	5	5	5	3	3	3	4	3	5	1	5	4	2	1	1	5	3	5	5	3	5	5	5	2	5	1	5	1	1	1	2		1		1	1	4	1	1	3	5	4	1	3	4	2	1	1	1	5	1	5	1	1	4	5	1	1	3	5	5	1	37	1	1	8	1	F	F	F	F	T	F	F	F			"Bildungssektor Schule"	"50"		1	8	3	1	1	1	1	1	6	6	6	6	6	6	6	6	6	1	1	83	5	1	4	2	6	3	7	5	3	"KI ist nicht perfekt, braucht mehr humanoiden Input."	"Nein"	1	1	2	3	2	5	3	2	1	1	1	1	4	1	1	4	1	1	4	2	1	4	1	1	4	1	23	22	55	36	10	6	61	55	49	48	48	62	34	48	56	42	28	25	50	38	55	46	70	71	23	24	50	80	12	52	78	47	36	27	57	60	16	51	76	56	96	74	33	57	21	87	61	9	101	11	8	101	101	75	37	59	101	20	8	80	87	96	78	63	95	34	86	67	81	76	98	14	1	1	4	4	1	1	3	1	1	2	"4"	"2"	"3"	"1"	"2"	"1"	5	164	14	16	18	3	11	3	8	5	21	1	246	889	53	44	48	8	26	640	6	32	25	748	52	1274	51	80	27	46	58	12	6		3	1164		2026-05-11 16:35:43		T	F	35	35	0	0	1.19
450			"base"	"interview"	2026-05-11 15:20:58	1	1	1	2	2	2	1	2	1	1	1	1	1	1	1	1	1	1	1	1	4	4	4	2	1	1	5	2	4	2	4	3	3	4	4	2	4	3	2	2	4	3	5	5	3	2	4	2	2	4	4	2	2	2	5	4	3	2	2	4	4	5	2		1		1	2	4	4	3	1	5	1	1	3	4	2	1	4	2	4	1	5	3	4	4	4	1	1	3	4	4	1	33	1	1	9	1	F	F	F	T	F	F	F	F			"Nicht klinische Studien"	"38"		4	3	6	6	5	6	7	3	6	6	6	5	6	5	5	5	6	2	1	101	3	4	6	2	7	1	5	3	5	"Veränderung der Arbeitsweise und Gesellschaft, die vielen Angst machen kann. Ob diese Angst berechtigt ist, wird dabei mehr von Medien und Gefühlen kontrolliert als von Fakten."	"Nein. Automatisierung kann mir repetetive Arbeit abnehmen aber die Arbeit am Testsubjekt ist (noch) zu komplex."	2	2	2	3	4	4	3	2	1	1	2	2	4	2	1	4	2	1	4	1	2	4	1	1	3	1	59	35	77	77	11	86	72	81	77	39	71	56	17	78	80	61	31	26	68	65	28	69	68	54	23	82	70	44	66	80	74	41	24	77	76	37	34	61	72	56	85	69	31	57	16	84	35	24	24	77	69	32	85	17	19	76	78	55	37	69	85	87	14	15	86	13	22	79	88	74	19	1	1	1	2	2	1	1	1	1	1	1	"3"	"2"	"4"	"1"	"2"	"1"	7	7	5	13	36	10	9	2	26	1	10	1	46	54	55	42	72	6	30	60	4	47	22	64	65	34	59	102	39	63	173	26	11		5	1206		2026-05-11 15:41:04		T	F	35	35	0	0	1.27
451			"base"	"interview"	2026-05-11 15:26:48	1	1	2	2	2	2	3	3	1	2	1	3	3	2	1	3	1	2	1	2	3	2	3	1	3	3	5	2	4	1	4	3	2	2	2	3	2	4	5	2	4	2	3	3	1	2	3	5	4	4	4	3	3	2	5	4	4	1	4	2	5	5	2		1		1	2	2	4	4	5	4	1	2	3	5	1	1	4	2	4	1	4	3	2	3	4	1	2	3	3	4	1	32	1	1	7	1	F	F	F	T	F	F	F	F			"Account Management"	"40"		3	6	4	5	2	3	3	6	4	5	4	4	3	4	4	3	4	1	1	88	2	6	7	5	3	4	1	3	2	"Durch die neuen Technologien wird man durch äußere Einflüsse aus seiner Komfortzone gezogen und muss sich anpassen und verändern, ob man will oder nicht. Das kann vielen Menschen seelisch und moralisch zusetzen, vor allem in einer Zeit, in der die Inflation auf einem Höchststand ist und die Angst um den Verlust des Arbeitsplatzes wächst."	"Ja. Durch die Übernahme regelmäßiger Aufgaben fallen immer mehr Tätigkeiten weg. Dabei sind wiederkehrende, einfache Aufgabe als Teil eines Arbeitsplatzes wichtig, um auch einmal den Kopf ausschalten zu können. Kein Mensch kann 8 Stunden täglich hochkonzentriert an komplizierten Projekten und Themen arbeiten."	1	1	3	1	2	2	3	2	1	1	2	2	3	2	3	2	2	2	1	3	2	2	2	1	3	1	34	1	65	69	1	1	82	89	6	1	53	69	60	67	38	25	1	7	62	83	39	88	82	57	1	100	96	15	4	94	35	76	31	66	79	38	1	98	99	34	97	17	28	61	100	67	56	49	100	1	2	86	49	64	51	36	91	9	7	38	94	86	53	10	76	1	34	86	97	89	67	9	2	1	3	3	1	2	3	1	1	1	"3"	"1"	"2"	"4"	"1"	"2"	2	4	5	10	14	14	6	2	8	2	937	1	47	34	401	30	36	4	32	32	4	28	25	37	42	20	37	46	22	44	166	11	3		2	854		2026-05-11 16:01:56		T	F	35	35	0	0	1.71
452			"base"	"interview"	2026-05-11 15:27:21	1	1	1	2	2	2	2	2	1	1	2	2	1	2	1	2	1	2	2	1	3	3	4	4	3	4	2	5	1	4	3	2	2	2	2	4	2	4	5	1	5	2	5	3	4	4	3	4	4	4	5	2	4	2	5	2	4	3	5	1	4	2	2		1	"Sehr interessantes Studienfeld! Ein Thema, über das ich selber täglich nachdenke, da KI so viel Einfluss auf meine Arbeit hat."	1	2	5	4	4	1	3	3	2	4	5	1	2	4	3	4	1	4	3	5	5	4	5	2	3	4	4	1	50	2	2	6	1	F	F	F	F	F	T	F	F			"Übersetzerin von Liebesromanen und Kinderbüchern"	"25"		2	6	4	1	1	2	1	1	5	5	5	5	5	4	5	4	4	4	1	92	5	4	3	1	7	2	6	2	2	"Ich sehe KI bisher als sehr problematisch an; Mehr und mehr KI Nutzung nimmt den Kindern das Denken in der Schule ab. Und in meinem beruflichen Umfeld hat KI auch große negative Auswirkungen, da angenommen wird, dass KI das Übersetzen größtenteils übernehmen kann und günstiger ist als ein menschlicher Übersetzer. KI hat sich da schon sehr weit entwickelt, aber es wird unterschätzt, wie viel Zeit und Arbeitsaufwand das editieren von KI übersetzten Texten noch kostet."	"Ja, meine Arbeit hat sich durch KI sehr verändert, ich bekomme mehr und mehr KI übersetzte Texte und die Arbeit besteht nun oft darin, diese zu editieren und zu überprüfen. Der Arbeits- und Zeitaufwand den das kostet, wird sehr unterschätzt und unterbezahlt. In der Zukunft wird KI da nur noch mehr Einfluss haben und der Job wird sich komplett zu einem Lokalisierungsjob umwandeln."	2	1	1	2	1	4	2	2	1	1	2	3	3	1	3	3	1	2	4	2	1	3	2	1	4	2	12	20	65	69	8	9	65	71	12	14	58	75	15	15	80	80	16	20	68	72	18	58	98	39	14	90	94	54	9	55	71	67	10	50	63	64	14	65	90	33	89	40	28	68	6	96	64	8	58	58	49	46	84	17	15	67	20	85	34	33	77	76	17	22	58	7	10	86	86	62	37	15	2	2	3	3	2	2	3	1	1	2	"2"	"3"	"4"	"1"	"2"	"1"	18	75	25	41	66	34	18	4	14	4	16	3	125	59	70	64	75	9	41	53	9	49	53	87	81	66	95	101	49	90	518	41	80		19	2083		2026-05-11 16:03:13		T	F	35	35	0	0	0.68
453			"base"	"interview"	2026-05-11 15:28:14	1	1	1	3	2	2	2	3	2	1	2	3	1	1	2	3	1	1	1	2	3	1	2	4	4	5	3	3	3	3	3	2	2	2	2	3	5	5	3	2	4	2	5	4	3	3	4	4	3	3	4	3	4	3	5	2	5	2	5	1	3	2	2		1		1	2	3	3	3	2	4	4	3	3	5	4	1	5	3	5	1	5	3	4	4	3	4	2	2	5	5	1	35	2	2	7	1	F	F	F	F	F	T	F	F			"Tourismus"	"20"		3	3	5	2	2	5	6	1	4	4	4	3	3	4	3	4	4	3	1	52	1	7	5	4	6	3	2	3	3	"Technische Neuerungen wie zum Beispiel ein ""Bestätigungs-bot"" mit dem ich interagieren muss um meine Präsenz an dem Tag zu bestätigen, bevor ich überhaupt auf der Arbeit bin, wirken sich auf mein Privatleben aus. Man sollte die Wahl haben, ob man diese Neuerungen in seinen Alltag integrieren will oder nicht.  Menschen sollten nicht gezwungen werden KI zu benutzen, und es sollte mehr Aufklärung geben."	"Ja und nein. Auf meiner Arbeit ist menschliche Präsenz sehr wichtig für unsere Kunden, allerdings wäre es nicht undenkbar dass ich irgendwann durch einen Roboter ersetzt werde."	2	2	3	2	3	3	3	3	2	2	2	2	3	2	2	2	1	2	3	1	2	3	1	2	3	1	49	49	70	50	1	1	82	48	17	18	90	53	13	12	84	67	8	22	66	49	16	94	87	64	1	101	101	92	9	101	101	79	23	101	101	70	8	101	101	80	63	23	101	30	1	101	92	8	77	70	63	26	101	53	36	36	42	90	75	20	101	101	79	90	101	1	34	87	101	101	84	1	2	1	3	3	1	2	3	1	2	1	"2"	"4"	"1"	"3"	"1"	"2"	7	65	10	24	58	9	33	4	30	3	38	2	262	84	115	257	96	11	76	62	9	84	69	103	114	116	136	243	79	120	1088	47	6		7	2522		2026-05-11 16:26:01		T	F	35	35	0	0	0.64
454			"base"	"interview"	2026-05-11 15:28:39	1	1	1	2	2	1	1	3	2	1	2	2	2	1	1	3	1	2	2	2	4	3	3	2	1	3	3	2	4	3	2	3	2	3	3	2	3	4	4	4	3	2	4	3	2	4	3	3	2	2	3	4	4	2	5	2	2	3	2	3	4	4	2		1	"Gendern würde keinem wehtun:)"	1	2	2	5	4	2	3	4	3	3	2	2	2	2	4	3	1	3	4	2	2	3	2	2	3	3	2	1	23	2	2	7	1	F	F	T	F	F	F	F	F		"Wirtschaftsinformatik"				4	3	4	3	2	4	4	2	4	4	4	3	2	4	3	3	4	4	1	66	1	7	5	4	6	2	3	3	2	"Zu viel vetrauen in ein System, das kaum bzw niemand wirklich verstehen/ nachvollziehen kann. "	"Momentan nicht"	2	2	1	2	2	3	2	2	2	2	2	2	3	1	2	2	1	2	2	2	1	2	2	1	3	2	24	19	81	76	23	17	77	79	23	19	81	88	28	16	75	75	38	53	64	64	28	75	84	51	19	80	69	59	16	48	48	48	36	49	50	48	50	53	65	52	81	48	28	45	35	77	52	34	75	56	25	48	81	50	30	58	57	67	32	42	77	83	19	30	63	34	33	75	75	50	47	9	2	1	2	2	1	2	3	1	2	1	"2"	"4"	"3"	"1"	"1"	"2"	9	18	15	17	33	27	12	3	12	2	27	3	87	72	88	57	93	6	74	42	8	48	40	70	78	66	64	78	49	59	133	29	63		3	1485		2026-05-11 15:53:24		T	F	35	35	0	0	0.88
455			"base"	"interview"	2026-05-11 15:31:51	2	1	1	2	2	1	2	1	2	2	2	2	1	2	1	1	1	1	2	2	5	5	5	2	1	1	4	3	1	5	4	4	5	4	3	3	3	2	5	4	4	1	4	4	3	5	4	5	5	3	3	1	5	3	5	4	4	1	1	5	5	3	2		1		1	2	1	5	4	1	5	4	2	2	4	4	2	5	1	3	1	4	5	1	1	5	3	1	1	4	5	1	34	1	1	8	1	F	F	F	T	F	F	F	F			"Marketing"	"45"		8	6	6	9	7	8	9	7	5	6	5	5	6	4	5	6	5	3	1	101	7	6	4	2	3	1	5	5	5	"In beiden Umfeldern sehe ich das PRoblem, dass KI momentan noch nicht zuverlässig genug arbeitet, um sich zu 100% darauf verlassen zu können"	"Nein, wenn man mit den Entwicklungen mitgeht und sich nicht davor verschließt"	5	3	4	3	5	3	3	1	1	1	1	3	4	1	1	3	1	3	3	2	1	4	1	2	4	2	10	4	32	73	7	2	72	83	1	2	101	101	1	1	97	98	1	1	101	101	3	100	89	42	3	100	100	54	1	57	64	86	3	98	97	97	1	93	88	99	96	3	1	100	99	2	3	100	89	9	14	87	97	3	1	98	100	27	7	78	87	100	5	4	70	1	1	101	78	93	1	2	1	2	3	4	1	2	4	1	2	2	"1"	"2"	"4"	"3"	"2"	"1"	4	6	5	8	12	15	13	2	6	1	15	2	186	38	49	41	37	6	30	29	2	45	18	47	45	27	42	192	20	40	69	8	3		2	1065		2026-05-11 15:49:36		T	F	35	35	0	0	1.7
456			"base"	"interview"	2026-05-11 15:32:12	2	1	1	1	3	1	2	1	1	2	3	1	1	1	1	1	2	1	1	1	5	3	2	1	1	1	4	1	5	1	4	4	4	5	5	2	4	2	4	1	5	1	5	3	1	5	2	4	1	3	4	3	4	2	5	1	4	1	2	1	4	5	2		1	"Die Frage ""ich musste weinen"" war im positiven Sinne, ich habe das Geschlecht meines ungeborenen Babies erfahren."	1	2	2	4	4	1	5	5	1	4	5	1	1	5	3	4	1	4	4	1	1	4	1	1	1	4	4	1	35	1	1	8	2	F	F	T	T	F	F	F	F		"Wirtschaftsinformatik (MSc)"	"IT - Consulting"	"40"		1	1	5	1	1	7	1	1	6	6	6	6	6	6	6	4	6	1	1	101	1	7	6	2	4	3	5	3	5	"Dass die Trainingsdaten einen gewissen Bias haben und nicht alle Diversitäten in der Gesellschaft berücksichtigt werden. Eine Verdummung der Menschen."	"Nein."	1	1	1	1	1	5	3	2	1	1	1	2	3	1	2	4	1	1	4	3	1	4	2	1	3	3	1	1	101	101	1	58	101	100	1	1	101	101	1	1	101	101	1	1	101	101	1	101	100	101	1	101	101	101	1	101	101	101	1	101	101	101	1	101	101	101	101	1	1	101	15	90	1	2	101	1	1	101	101	12	1	93	101	53	1	53	101	101	1	1	101	1	1	101	101	101	101	1	3	1	3	2	1	3	3	1	1	2	"4"	"2"	"3"	"1"	"2"	"1"	25	20	13	61	34	19	10	3	10	2	16	2	62	52	57	48	62	6	38	38	5	77	29	57	46	28	48	62	35	48	84	7	27		3	1134		2026-05-11 15:51:06		T	F	35	35	0	0	1.13
457			"base"	"interview"	2026-05-11 15:33:15	1	1	1	1	2	1	1	3	1	1	3	2	2	1	1	2	1	1	1	2	4	4	4	2	2	2	4	4	3	5	4	4	4	4	4	4	2	2	4	4	4	2	4	3	4	4	4	1	3	4	4	2	2	3	5	4	3	2	2	4	5	5	2		1		1	2	3	4	4	2	4	4	2	2	4	4	2	3	2	3	1	3	2	4	4	4	4	1	5	3	4	1	37	1	1	7	1	F	F	F	F	T	F	F	F			"Öffentlicher Dienst"	"41"		4	7	3	6	3	4	6	6	5	5	5	5	5	5	5	2	5	3	1	64	4	3	7	2	6	1	5	5	5	"                                                                                                                                                                                                                                    Die Akzeptanz vor Neuem und dass man sich auf das Neue einlässt. Aus alten Strukturen ausbrechen können.                                                                                                                                                                                                                                                                                                                                                                                                                                                                                                                                                                                                                                                                                                                                                                                                                                                                                                                                                                                                                                                                                                         "	"Nein."	3	1	1	2	3	4	3	3	1	1	2	2	4	1	1	3	2	2	3	1	1	3	2	1	3	1	30	19	82	81	19	19	67	66	25	25	74	76	24	24	76	78	26	26	74	72	21	66	75	75	19	71	81	53	26	67	73	77	21	64	64	67	28	65	70	76	87	28	25	85	53	84	21	52	80	26	23	80	70	28	29	72	72	55	27	58	79	79	34	33	79	19	16	81	81	81	39	4	2	1	2	1	1	1	2	1	1	2	"2"	"4"	"3"	"1"	"2"	"1"	9	11	12	15	38	23	6	5	10	1	32	2	71	64	52	49	57	9	44	50	8	48	28	62	57	31	64	76	33	77	105	21	9		4	1183		2026-05-11 15:52:58		T	F	35	35	0	0	1.1
458			"base"	"interview"	2026-05-11 15:35:13	1	1	1	2	1	1	1	1	1	1	2	1	1	1	1	1	1	1	1	1	5	5	5	2	2	2	5	3	4	2	4	3	3	3	3	4	2	3	3	2	4	1	5	5	4	3	4	3	2	4	4	2	3	5	5	3	4	1	2	5	5	5	2		1		1	2	4	3	1	1	3	1	2	2	4	1	1	3	2	4	1	4	3	3	5	5	3	1	3	5	5	1	35	1	1	9	1	F	F	F	T	F	F	F	F			"Pharmazie"	"40"		3	2	5	3	2	6	5	2	5	5	5	5	5	5	5	3	5	4	1	89	1	6	7	4	2	3	5	5	5	"Richtigkeit der Ergebnisse und richtiges ""Einstellen"" der KIs"	"Nein, nicht wirklich. Es kann extrem helfen, aber wird vorerst lange nicht ersetzt werden"	1	1	1	2	2	4	4	1	1	1	2	3	4	1	1	4	1	2	3	2	1	4	1	1	4	2	6	1	101	101	7	69	37	48	7	19	101	101	6	3	96	94	6	14	54	74	14	101	66	84	17	66	78	93	9	90	74	86	1	79	74	101	16	73	72	80	101	22	13	79	20	91	14	11	87	57	26	58	99	23	36	82	67	33	34	51	86	82	53	53	62	8	27	82	52	30	18	1	1	1	2	3	1	1	2	1	1	2	"3"	"1"	"4"	"2"	"2"	"1"	6	6	8	29	43	55	18	2	28	2	24	2	101	113	93	80	77	7	78	69	6	64	40	84	77	53	67	116	61	68	151	15	9		1	1653		2026-05-11 16:02:46		T	F	35	35	0	0	0.98
459			"base"	"interview"	2026-05-11 15:35:21	2	1	1	2	4	3	2	2	1	4	4	1	2	3	2	1	2	3	2	2	4	4	4	2	2	3	5	4	2	3	4	4	4	5	5	4	2	2	2	2	3	2	5	5	3	4	5	5	3	4	4	4	2	5	5	4	4	1	5	1	5	5	2		1		1	2	5	2	2	1	4	4	2	1	3	4	2	4	2	5	1	4	5	3	3	4	1	1	4	4	4	1	19	1	1	4	2	T	F	F	T	F	F	F	F			"Einzelhandel"	"7"		2	4	2	7	1	2	6	2	3	5	5	5	4	5	3	4	5	1	1	73	1	6	5	2	3	4	7	2	3	"Ich habe in meinem beruflichem Umfeld nicht wirklich Kontakt zu KI. Privates Umfeld: Vertrauenauf Richtigkeit beim Beispiel KI"	"Nein"	1	1	4	2	1	4	3	3	2	1	1	3	4	2	2	4	1	1	3	2	1	2	2	3	4	1	22	4	60	20	1	1	93	80	1	21	71	34	2	1	32	8	15	1	40	30	13	73	72	43	2	101	100	66	3	94	99	13	1	95	95	69	6	81	80	37	72	71	46	76	26	92	76	12	92	98	32	60	101	78	12	66	72	84	16	73	79	90	40	25	68	19	23	72	87	100	75	5	1	1	2	2	1	1	2	1	2	1	"4"	"3"	"2"	"1"	"1"	"2"	6	10	10	36	43	27	15	2	17	2	10	2	66	55	62	58	59	9	56	43	8	41	50	87	85	46	87	103	77	66	122	38	7		2	1407		2026-05-11 15:58:48		T	F	35	35	0	0	1
460			"base"	"interview"	2026-05-11 15:37:10	1	2	2	4	2	2	4	4	3	3	3	3	3	3	2	3	3	3	4	3	5	5	5	3	3	3	4	4	3	3	3	3	4	4	3	3	4	4	5	3	4	5	5	2	4	4	2	5	4	5	4	4	4	2	5	4	3	5	5	1	5	3	2		1		1	2	2	5	5	2	4	3	4	5	4	2	4	4	5	5	1	3	3	2	3	5	1	3	1	5	4	1	37	2	2	7	2	F	F	F	T	F	T	F	F			"Buchhaltung / Verwaltung / technische Redaktion"	"20"		2	1	3	2	1	3	1	2	4	3	2	3	3	4	2	3	4	5	1	101	1	4	5	2	6	3	7	4	4	"Akzeptanz und Lernbereitschaft der Mitarbeitenden"	"Teilweise ja"	1	1	1	1	2	1	2	3	2	2	3	2	2	3	3	2	3	4	1	3	2	3	3	3	2	4	36	25	81	80	12	11	52	67	9	8	79	75	14	12	60	59	14	12	54	61	32	61	63	18	5	97	97	12	5	84	76	14	14	69	72	14	14	81	81	15	90	17	27	64	5	97	50	6	96	24	17	87	85	17	22	70	78	20	19	63	96	30	1	17	72	51	15	97	93	86	36	1	2	2	3	3	1	2	4	2	2	2	"1"	"3"	"4"	"2"	"1"	"2"	12	54	5	17	37	24	17	3	18	2	16	2	106	78	81	69	74	9	85	58	8	58	41	89	91	42	104	125	60	80	124	15	9		6	1619		2026-05-11 16:04:09		T	F	35	35	0	0	0.86
461			"base"	"interview"	2026-05-11 15:37:22	2	1	2	1	4	2	1	2	1	1	2	2	2	1	1	2	1	2	1	2	4	4	4	1	1	1	5	3	3	2	4	3	4	3	4	4	2	2	3	2	3	2	4	4	4	2	4	3	3	5	3	2	4	3	5	4	4	2	2	4	5	5	2		1		1	1	4	4	2	1	4	3	2	2	4	2	2	3	3	4	1	4	2	5	5	4	3	2	1	3	3	1	19	1	1	4	1	T	F	F	F	F	F	F	F						5	3	6	8	4	6	8	6	5	6	6	5	4	6	5	5	6	2	1	85	2	7	6	3	5	1	4	4	5	"Viele Menschen sind dem Ganzen nicht offen genug, und auch nicht in der Lage sich tiefgründig genug mit neuer Technologie auseinanderzusetzen"	"Nein"	1	2	1	1	1	4	3	3	2	1	1	2	3	2	2	3	2	1	3	2	2	3	2	1	3	2	9	9	88	89	10	8	73	80	7	9	85	85	29	7	78	72	11	12	91	95	1	90	86	88	13	17	55	72	1	86	89	89	5	82	76	79	6	35	82	68	101	9	15	90	20	84	7	30	90	14	17	87	91	40	11	72	41	66	10	37	86	74	16	1	64	1	12	83	78	56	24	1	2	1	3	3	2	2	2	1	1	2	"2"	"1"	"4"	"3"	"2"	"1"	2	15	8	28	7	5	9	2	16	3	9	2	55	54	59	48	44	4	32	51	6	30	24	58	57	23	55	83	34	44	106	14	9		2	998		2026-05-11 15:54:00		T	F	35	35	0	0	1.41
462			"base"	"interview"	2026-05-11 15:38:19	2	1	2	2	3	3	3	3	2	2	3	3	2	3	2	3	2	2	2	2	4	3	4	1	1	1	2	3	2	2	4	4	4	4	4	3	3	1	3	2	5	4	3	2	2	2	1	5	1	3	4	5	3	4	5	3	4	5	3	3	5	5	2		1		1	2	5	5	5	1	3	4	4	4	3	3	4	3	4	4	1	4	5	5	5	2	5	4	3	3	3	1	23	1	1	6	2	F	F	T	T	F	F	F	F		"Jura"	"Einzelhandel"	"10"		3	1	7	5	2	7	7	3	2	3	3	3	2	3	3	4	3	5	1	101	6	2	3	1	5	4	7	5	5	"Definitv das Vertrauen und die bereitschaft mit der KI zusammen zu arbeiten und sie zu integrieren. "	"Mein jetziger Minijob im Einzelhandel etwas sofern ich das Vollzeit machen würde, im rahemn meines Jurastudiums aber eher weniger"	2	1	1	1	2	3	3	4	2	2	3	2	2	3	4	2	3	3	2	3	3	2	3	3	2	3	10	9	7	93	2	17	57	87	2	1	70	70	1	1	83	83	1	2	89	89	1	95	97	29	2	88	88	15	1	79	80	30	2	87	90	18	1	89	89	14	85	5	5	86	23	76	1	33	65	37	1	58	95	22	1	76	95	41	1	67	101	100	82	15	87	12	1	101	101	100	20	3	3	3	3	3	3	2	2	3	2	3	"3"	"1"	"4"	"2"	"2"	"1"	7	45	9	32	40	18	67	3	30	1	9	2	116	66	60	34	59	10	44	48	8	55	37	75	59	33	72	124	44	69	119	9	14		5	1423		2026-05-11 16:02:02		T	F	35	35	0	0	1
463			"base"	"interview"	2026-05-11 15:39:31	1	2	2	3	3	1	1	2	1	2	2	2	2	1	1	2	2	2	1	1	3	2	2	3	3	3	3	3	4	2	4	3	3	2	2	2	4	4	3	2	4	2	4	3	4	2	3	3	2	3	4	4	4	3	5	2	4	3	4	2	2	2	2		1		1	1	4	3	3	3	3	4	2	2	3	4	2	4	2	3	1	4	4	4	4	4	4	2	3	4	4	1	21	2	2	6	2	F	F	T	T	F	F	F	F		"Germanistik und Erziehungswissenschaften mit dem Optionalbereich Lehramt für Gesamtschule und Gymnasium"	"Einzelhandel"	"11"		3	3	5	3	3	3	3	2	4	4	4	5	3	4	4	2	4	4	1	67	1	7	5	4	2	6	3	3	2	"Ich persönlich habe Bedenken gegenüber der künstlichen Intelligenz, da ich nie zu 100% nachvollziehen kann, ob die Ergbnisse vernünftig ""erarbeitet"" sind. Soweit ich weiß basieren die Ergebnisse von KI´s wie ChatGPT auf wahrscheinlichkeiten und können natürlich auf Basis des Inputs auch falsche Inhalte widergeben. "	"Da ich im Verkauf arbeite sehe ich mich nicht bedroht. Nach meinem Studium denke ich auch nicht, dass ich von einer Bedrohung betroffen bin, da der Lehrberuf nicht nur über Wissensvermittlung geht, sondern auch über soziale Arbeit, die bei der KI wegfällt."	2	2	3	2	2	3	3	2	2	1	2	3	3	1	3	3	1	2	3	2	1	3	2	2	3	2	27	41	59	53	9	77	76	75	10	11	62	47	24	24	38	58	16	15	55	54	21	70	70	57	1	101	100	88	27	97	96	57	31	64	90	62	27	85	84	57	74	80	65	58	7	97	98	2	79	85	61	60	85	72	64	53	68	55	55	55	92	91	19	43	92	14	19	92	92	51	50	1	2	1	2	2	1	2	2	1	1	2	"2"	"4"	"1"	"3"	"2"	"1"	3	49	11	17	47	3	18	3	15	2	14	2	258	47	59	84	54	3	113	45	2	30	24	84	42	28	43	59	33	44	383	11	8		3	1641		2026-05-11 16:06:52		T	F	35	35	0	0	1.27
464			"base"	"interview"	2026-05-11 15:45:28	1	1	1	1	1	1	1	4	1	1	1	1	1	1	1	3	1	1	2	1	5	5	5	1	1	1	4	1	5	2	4	4	4	4	4	4	2	1	2	3	5	1	3	4	2	1	4	2	3	5	5	3	3	3	5	3	4	2	2	4	5	5	2		1	"Nein, aber die Studie finde ich dennoch sehr interessant. Vielen Dank!"	1	2	3	2	1	2	4	2	1	2	5	2	2	5	1	4	1	3	1	1	2	4	2	1	1	5	5	1	31	1	1	7	1	F	F	F	F	T	F	F	F			"öffentliche Verwaltung"	"46"		8	8	7	7	7	7	8	7	6	5	5	5	4	6	5	5	5	2	1	86	6	1	4	2	5	3	7	5	5	"Alle anderen ""abzuholen"". Der Großteil der Menschen um mich herum hat Angst vor Fortschritt und Entwicklung, weil es ggf. bisher durch Menschen nötige Tätigkeiten ersetzen kann. Aber genau das ist ja der Fortschritt dahinter. Automatisierung sichert am Ende des tages den gesamtvolkswirtschaftlichen Wohlstand."	"Absolut nicht."	4	4	4	4	4	2	2	2	1	1	3	2	3	1	1	3	1	1	3	2	1	3	1	1	3	1	1	5	85	85	1	1	93	92	1	1	85	81	1	2	86	87	1	1	72	72	1	84	47	85	1	73	65	66	1	80	18	73	1	79	16	79	1	80	21	78	101	17	1	88	81	17	1	81	100	13	1	84	101	1	1	78	88	20	1	79	20	74	74	76	46	21	16	101	81	46	1	1	1	1	3	2	2	2	3	2	1	2	"2"	"3"	"1"	"4"	"1"	"2"	8	41	12	14	27	6	11	3	11	2	12	2	54	51	46	44	41	4	42	30	5	30	21	49	40	22	51	96	26	34	123	9	21		6	994		2026-05-11 16:02:02		T	F	35	35	0	0	1.32
465			"base"	"interview"	2026-05-11 15:45:32	1	1	1	2	2	2	3	4	1	2	2	2	1	2	3	3	1	2	2	3	3	2	2	3	3	3	4	3	4	3	2	2	2	2	2	3	4	4	4	3	5	4	5	5	3	2	4	5	4	4	4	4	5	3	5	2	3	4	5	1	3	4	2		1		1	2	4	4	2	3	4	4	4	4	4	2	3	4	2	4	1	4	4	3	3	4	3	2	1	3	4	1	45	2	2	6	2	F	F	F	T	F	T	F	F			"Ernährung Gesundheit Verlagsarbeit"	"45"		5	1	6	2	2	6	2	2	5	5	5	4	4	5	5	4	4	3	1	28	1	6	7	5	4	3	2	1	3	"Wenn ich die KI benutzt habe, merke ich das sie oft überfordert ist, wenn irgendetwas Kleines anders ist. Und sie wiederholt die Fehler, ist oft nicht so genau im analysieren von Themen. Die Energie , die für die Rechner genutzt wird macht mir Sorgen. Siehe Umwelt in USA. Es runiniert die Umwelt und wird meiner Meinung nach zu oft sinnlos verwendet.
Bilder die erstellt werden sind emotionslos, Menschen stumpfen ab und werden gefühlskälter dadurch dass sie weniger mit anderen Menschen arbeiten/agieren."	"mein erster Job in dem ich 20 Jahre selbststöndig tätig war und finanziell gut gestellt war und mich und meine Familie ernähren konnte wurde schon zu großem Teil durch KI ersetzt. Deswegen habe ich nun einen neuen Job in Festanstellung. Über die Hälfte des Gehalts meines neuen Jobs geht nun allein für meine Miete drauf. 
"	2	1	2	1	1	4	2	2	2	3	2	1	3	3	2	2	3	3	2	3	2	3	2	2	3	4	14	14	65	77	83	11	50	61	17	16	73	72	13	14	83	82	28	13	68	75	17	84	85	15	63	75	73	17	20	74	80	52	22	79	78	77	15	81	80	82	47	65	85	32	80	56	75	47	71	70	69	39	83	77	70	73	22	81	81	39	93	91	26	83	96	10	67	32	98	100	99	3	4	3	4	3	2	2	2	2	3	3	"3"	"2"	"4"	"1"	"2"	"1"	14	388	12	21	86	27	46	3	22	2	9	2	91	62	102	53	73	8	44	84	35	50	35	79	74	100	190	106	43	92	662	42	17		4	2276		2026-05-11 16:30:10		T	F	35	35	0	0	0.75
467			"base"	"interview"	2026-05-11 15:49:51	1	1	1	1	2	2	2	1	1	1	1	1	2	3	1	2	1	1	2	2	3	3	3	3	4	4	5	4	2	3	3	2	2	2	2	2	3	3	4	1	4	3	5	5	5	3	4	5	3	3	5	2	5	3	5	1	4	2	5	1	5	3	2		1	"Sie gruppieren Automatisierungen wie chatbots und KI Kunst zusammen. Das sollten sie nicht. Es geht hier um total verschiedene Algorithmen, Andwndungen, und Kontexte."	1	2	3	3	3	4	5	5	2	2	4	4	1	5	2	5	1	5	2	3	2	5	2	1	5	4	4	1	60	2	2	9	1	F	F	F	T	F	F	F	F			"Kulturbereich"	"18"		1	1	6	1	1	6	5	1	6	6	6	6	6	6	5	5	6	2	1	83	1	3	6	4	7	2	5	2	3	"Ich arbeite im kulturellen Bereich, und ich sehe, wie KI ""Kunst"" Künstlern schaded. Leute verstehen den Unterschied nicht zwischen einem KI Bild, daß kontextlos von einem Algorithmus generiert wurde und einem Bild, daß von einem Menschen neu gefühlt und erfunden wurde. Die Definition von Kreativität verzieht sich, Kunst wird entmenschlicht. Ki wird dem Kulturbereich mehr schaden als gut tun."	"Meine Rolle als Führungskraft sehe ich nicht als von KI ersetzbar. Ich entwickle persönliche Beziehungen zu Künstlern, Museendirektoren, und Kuratoren. Kollaborationen, kreative Unterstützung, Ideenentwickung, und menschliche Beziehungen kann man nicht automatisieren."	2	1	2	3	2	5	3	1	1	1	2	3	3	1	2	3	1	2	3	1	2	3	2	1	4	1	10	9	57	64	13	13	72	82	8	7	92	92	5	5	76	76	1	65	65	65	11	91	96	61	12	101	101	63	7	101	101	70	7	101	100	66	5	100	101	77	64	64	38	54	22	89	76	7	89	14	12	89	69	42	42	60	53	68	52	44	100	98	1	1	84	1	10	94	100	70	59	1	1	1	3	2	1	2	2	1	1	1	"1"	"3"	"2"	"4"	"2"	"1"	14	47	15	26	84	33	12	2	21	2	23	2	103	99	75	64	62	11	45	49	9	62	38	69	70	35	63	95	50	79	632	31	104		4	2037		2026-05-11 16:25:22		T	F	35	35	0	0	0.79
468			"base"	"interview"	2026-05-11 15:50:24	2	3	3	3	3	2	2	3	2	3	2	2	4	2	3	3	2	3	3	2	3	4	4	3	3	3	4	3	4	2	3	2	2	3	3	3	2	3	3	3	2	4	2	4	2	4	3	1	3	4	3	3	3	3	5	4	2	3	3	2	6	5	2		1		1	2	2	3	5	1	3	3	2	1	3	3	4	3	5	3	5	3	3	3	4	3	3	3	3	3	3	1	20	1	1	4	1	F	F	F	T	F	F	F	F			"IT"	"30"		1	2	3	2	4	6	3	4	4	2	2	2	3	5	4	2	4	4	1	90	7	4	2	1	5	3	6	4	4	"Noch keine, aber das wird sich sicherlich ändern."	"Ja"	2	2	3	1	3	4	2	4	2	2	3	2	1	3	2	3	3	2	2	3	2	2	3	3	2	2	20	33	80	62	12	24	81	88	13	25	92	73	5	15	75	85	27	15	87	92	23	83	71	74	16	77	92	81	5	85	65	75	1	97	78	84	20	73	78	83	91	19	48	92	50	83	21	10	97	80	7	94	94	22	91	99	88	48	17	73	93	88	87	8	24	20	88	81	15	81	47	1	2	1	2	3	2	1	2	3	1	2	"3"	"4"	"2"	"1"	"1"	"2"	13	5	5	12	13	4	60	2	14	2	6	2	48	69	43	39	44	3	33	44	4	41	26	20	21	74	29	25	56	17	53	12	474		141	853		2026-05-11 16:14:38		T	F	35	35	0	0	1.66
470			"base"	"interview"	2026-05-11 15:55:01	1	2	3	4	3	3	4	4	3	4	4	3	2	4	2	4	2	3	4	3	4	4	4	2	1	1	5	1	5	1	5	4	4	4	4	3	2	2	4	2	4	5	2	1	1	5	1	4	3	4	2	5	5	1	5	2	2	5	5	1	4	3	2		1	"Nein."	1	2	1	4	3	1	3	3	5	5	4	1	4	3	5	4	1	3	5	1	2	4	1	3	1	2	2	1	22	2	2	4	1	F	F	F	T	F	F	F	F			"Einzelhandel"	"15"		3	1	8	2	1	7	4	1	2	3	2	1	1	1	1	1	1	5	1	74	1	7	5	6	2	4	3	3	5	"Ich denke, dass viele KI-Systeme noch deutlich weiter entwickelt werden müssen. Aktuell sind wir noch nicht ganz da, wo wir mal sein werden. Aber das ist nur eine Frage der Zeit. Die Technik wird früher oder später so weit sein, viele Hürden überwinden zu können."	"In entfernter Zukunft vielleicht, ja. "	2	1	1	3	2	3	2	3	2	3	2	1	2	4	4	2	3	4	1	4	3	1	3	4	1	3	9	9	76	51	1	1	66	21	48	23	74	49	1	1	69	83	22	1	84	68	1	73	89	29	20	101	101	20	22	50	85	21	1	73	93	15	21	101	101	22	101	19	19	81	1	101	73	1	80	28	53	53	101	17	9	76	79	22	10	79	66	74	16	17	68	1	1	87	88	51	68	1	2	1	4	4	1	1	4	1	2	1	"1"	"2"	"4"	"3"	"1"	"2"	13	21	27	28	41	17	13	2	11	2	15	1	81	66	87	109	72	4	93	44	3	58	44	82	79	40	81	110	44	73	188	37	21		3	1610		2026-05-11 16:21:51		T	F	35	35	0	0	0.94
472			"base"	"interview"	2026-05-11 15:58:58	2	2	3	2	3	2	2	2	1	2	2	2	2	2	2	3	2	2	1	2	5	4	5	1	4	1	3	2	5	3	3	4	4	4	4	3	3	1	4	4	5	4	4	4	5	3	4	4	4	4	4	4	5	4	5	3	4	4	4	2	6	6	2		1	"Eine interessante Umfrage, sehr relevant für heutige Situation"	1	1	3	2	2	1	5	4	4	4	3	1	2	5	2	4	1	4	3	3	5	4	4	2	5	4	4	1	27	1	1	6	2	F	F	T	T	F	F	F	F		"Ingenieurwissenschaften"	"Produktion"	"20"		1	5	3	2	3	4	4	3	4	5	3	5	5	3	5	5	5	5	1	85	7	6	5	1	2	4	3	4	5	"Viele ältere Kollegen finden die Einarbeitung schwer"	"Nein, KI kann unsere Arbeiten erleichtern"	2	4	5	4	4	4	3	3	2	2	3	2	4	2	2	3	1	3	2	2	2	3	2	2	3	2	19	23	48	47	69	52	24	17	77	27	13	13	71	39	75	83	80	21	72	80	53	39	52	71	43	24	53	67	54	31	53	63	76	39	73	6	72	31	74	83	99	4	4	95	70	9	5	68	100	2	9	90	86	47	34	82	20	87	74	58	98	81	6	9	93	52	1	97	99	82	77	1	3	1	2	1	1	1	2	1	2	1	"1"	"2"	"4"	"3"	"2"	"1"	6	8	13	32	61	7	16	2	25	7	29	2	96	117	79	98	108	6	69	79	4	58	64	105	88	36	85	100	157	68	115	10	46		7	1803		2026-05-11 16:29:01		T	F	35	35	0	0	0.88
473			"base"	"interview"	2026-05-11 15:59:01	2	1	1	2	2	2	2	2	1	2	3	2	2	1	1	2	1	2	1	2	4	3	4	1	2	1	3	3	2	2	4	3	4	3	3	4	2	3	4	2	5	3	3	4	4	2	2	5	4	4	4	3	3	3	5	4	2	2	4	3	5	5	2		1		1	2	1	2	2	3	4	5	3	4	4	5	2	3	4	2	3	5	2	5	4	4	1	2	4	3	4	1	23	1	1	5	1	F	F	T	F	F	F	F	F		"Mechatronik"				2	2	6	1	1	5	3	2	4	5	3	4	3	4	4	5	4	2	1	57	2	4	7	1	6	3	5	4	4	"Fehlendes Verstädnis dafür, was neue Technologien leisten können und wo ihre Grenzen liegen. Viele Menschen nutzen KI oder Automatisierung entweder zu unkritisch oder lehnen sie direkt ab. "	"Ich sehe es eher als Veränderung der Arbeitsweise. Einfache und wiederholende Aufgaben können teilweise automatisiert werden. Gleichzeitig entstehen neue Anforderungen, zum Beispiel im Umgang mit Daten, Kontrolle von Ergebnissen und technischer Bewertung "	2	1	2	3	2	4	3	2	1	1	2	3	3	2	2	3	2	2	3	2	2	3	3	3	2	3	21	7	90	81	14	15	78	83	19	4	88	88	12	5	84	83	15	8	80	83	1	86	79	78	1	88	88	75	1	88	79	80	1	88	80	81	1	79	81	56	83	36	12	71	41	83	25	35	85	57	17	70	84	28	9	82	70	83	7	44	96	96	17	24	81	21	19	95	89	73	22	1	2	2	2	3	1	2	3	1	1	1	"3"	"2"	"1"	"4"	"2"	"1"	5	7	9	20	14	5	51	5	42	3	12	2	300	103	144	149	153	25	64	67	19	178	98	80	79	124	401	93	77	186	351	39	14		7	2593		2026-05-11 16:47:47		T	F	35	35	0	0	0.78
474			"base"	"interview"	2026-05-11 15:59:44	1	1	2	1	2	2	3	2	1	1	3	2	2	1	1	2	1	2	1	2	5	5	5	1	1	5	4	3	2	3	2	4	3	4	4	4	1	1	3	3	3	1	5	4	5	4	3	3	3	3	3	3	5	4	5	3	4	2	5	1	7	7	2		1		1	1	4	3	3	1	3	1	3	2	1	1	1	3	1	1	1	3	4	4	4	3	4	3	1	2	3	1	32	1	1	7	1	F	F	F	T	F	F	F	F			"Produktion"	"40"		1	2	3	4	8	5	2	2	4	5	4	5	5	5	5	5	5	2	1	54	1	7	6	4	5	3	2	5	5	"Die richtige Balance zu finden in der Nutzung."	"Nein, da ich Führungskraft bin."	1	1	3	1	1	3	3	1	1	1	1	2	2	1	1	3	1	1	3	1	1	3	1	1	3	2	1	1	101	97	3	1	101	101	1	1	101	101	3	2	101	101	1	4	101	99	1	28	32	77	3	49	46	99	1	1	33	88	2	1	46	101	2	1	34	91	101	3	2	99	98	16	1	101	101	1	2	100	100	2	2	100	101	1	1	99	101	101	1	1	9	1	18	101	81	78	55	1	2	1	2	2	1	1	2	1	1	1	"1"	"4"	"2"	"3"	"2"	"1"	6	61	10	26	24	24	36	4	18	4	17	3	101	85	73	65	66	11	56	84	2	63	41	86	70	55	76	97	63	74	112	12	13		2	1540		2026-05-11 16:25:24		T	F	35	35	0	0	0.93
476			"base"	"interview"	2026-05-11 16:00:15	1	2	2	3	2	3	2	4	1	2	2	2	1	2	2	3	1	2	2	2	4	3	4	3	1	2	4	3	3	5	3	3	4	3	3	4	2	3	4	3	3	4	4	1	3	5	4	5	5	5	5	5	5	2	5	4	5	3	5	1	4	5	2		1		1	2	1	3	2	1	4	1	4	4	2	1	2	4	2	3	1	2	4	1	1	2	2	3	1	2	5	1	29	1	1	6	1	F	F	F	T	F	F	F	F			"IT"	"42"		7	2	5	5	4	5	6	7	4	4	4	3	4	5	4	3	4	5	1	85	2	7	6	1	5	3	4	3	5	"Ein großes Problem ist die ethische und ökologische Frage. Ebenso aber auch die Selbstbestimmung."	"Absolut nicht. In der IT wird es weiterhin große Mengen Mitarbeiter brauchen."	2	2	3	1	4	4	2	2	1	2	3	2	3	2	4	3	3	3	2	4	2	3	4	3	3	2	22	5	67	80	1	1	83	90	11	14	70	80	9	7	92	83	10	15	43	65	13	101	93	73	1	101	101	47	7	92	89	71	13	91	85	67	10	62	78	50	73	22	47	62	36	24	30	76	84	19	13	71	90	25	30	81	52	61	22	16	99	93	7	1	22	15	5	96	101	77	1	1	2	1	4	4	1	1	3	1	2	1	"2"	"1"	"4"	"3"	"1"	"2"	7	6	5	27	15	14	6	27	13	2	23	1	80	52	74	49	50	4	42	40	4	37	26	46	53	31	59	63	31	49	69	11	4		1	997		2026-05-11 16:17:16		T	F	35	35	0	0	1.45
477			"base"	"interview"	2026-05-11 16:02:38	1	2	1	1	2	1	1	2	1	1	2	2	1	2	1	1	1	1	1	1	5	1	5	1	1	3	3	4	2	2	3	3	3	2	3	5	1	1	1	4	4	2	5	5	4	4	4	5	3	1	3	1	5	4	5	1	4	4	5	1	5	5	2		1	"Nein."	1	2	3	2	2	1	3	4	1	2	4	1	1	3	1	5	1	4	1	2	5	3	4	1	1	1	3	1	25	1	1	6	1	F	F	T	F	F	F	F	F		"Rechtswissenschaften"				4	8	8	1	9	8	1	1	6	6	6	6	6	6	6	5	6	1	1	82	1	5	7	3	6	2	4	3	5	"Dass alle von der KI zugrundegelegten Fakten immer gesondert überprüft werden müssen, da die KI zur Beantwortung von Fragen häufig halluziniert."	"Ich sehe insbesondere in akademischen Berufen zumindest eine besorgniserregende Verschiebung der Marktmacht weg von den Arbeitnehmern, hin zu den Arbeitgebern. Arbeitgeber schreiben Stellen nur noch aus, wenn eine KI die Aufgabe unter Preis-Leistungs Gesichtspunkten nicht besser erledigen kann. Als angehender Jurist und somit Akademiker wird mein künftiges Berufsleben also zumindest maßgeblich beeinflusst. Bedroht fühle ich persönlich mich aber noch nicht."	3	1	4	1	3	5	2	3	1	1	1	2	2	1	1	3	1	1	3	3	1	3	1	1	3	1	1	1	54	101	1	51	51	51	1	1	101	101	1	1	101	101	1	83	15	14	2	101	101	50	1	101	100	52	1	73	72	72	1	101	54	53	1	53	53	53	101	2	1	54	50	1	1	2	101	1	1	76	101	1	1	101	23	84	1	23	101	101	1	20	83	2	1	101	100	86	52	1	1	1	2	2	1	1	3	1	1	1	"1"	"4"	"3"	"2"	"1"	"2"	37	16	23	34	37	30	48	4	22	3	25	3	93	85	87	74	84	9	69	59	8	62	38	97	77	62	98	115	46	86	496	26	15		4	2072		2026-05-11 16:37:10		T	F	35	35	0	0	0.7
478			"base"	"interview"	2026-05-11 16:03:39	3	1	2	2	3	3	2	2	1	2	3	2	2	2	1	2	1	2	2	1	4	4	4	2	2	1	4	3	4	3	4	3	4	3	3	3	4	3	3	4	5	2	5	4	5	4	4	5	3	4	5	3	4	3	5	3	5	5	5	2	7	7	2		1		1	1	4	3	2	4	4	5	3	4	4	5	4	3	4	3	1	4	3	3	4	4	3	4	4	4	4	1	46	1	1	5	1	F	F	F	T	F	F	F	F			"Bildung und soziales"	"30"		6	7	8	8	7	7	7	6	5	5	5	5	6	5	4	3	5	5	1	85	3	4	6	1	5	2	7	4	4	"Angst vor neuen Dingen. Macht der Gewohnheit..."	"Nein!"	3	2	1	1	4	4	3	3	2	3	2	2	3	2	3	2	2	2	3	2	2	3	2	2	3	2	60	29	75	69	24	34	82	70	10	11	91	93	17	24	93	80	33	32	90	88	71	72	78	87	32	66	78	72	16	89	66	69	25	88	81	82	25	69	75	78	82	29	36	74	16	94	49	70	96	16	2	89	88	18	23	92	79	28	32	84	89	84	86	81	80	23	20	85	80	89	44	20	3	2	4	2	3	2	3	3	3	3	"4"	"3"	"2"	"1"	"2"	"1"	6	16	11	25	36	12	24	3	26	4	16	2	96	285	83	93	151	13	55	138	2	85	49	120	144	308	105	135	50	78	141	121	10		10	2079		2026-05-11 16:44:32		T	F	35	35	0	0	0.78
479			"base"	"interview"	2026-05-11 16:04:15	1	1	1	3	1	2	1	1	1	2	1	2	1	2	1	1	1	1	2	1	5	5	5	1	1	1	2	5	1	5	1	4	3	4	4	4	2	1	4	4	5	2	5	5	5	2	5	5	3	2	5	1	5	3	5	2	4	1	5	1	6	6	2		1	"Interessante Studie. Ich bin gespannt darauf, wie das Ergebnis ausfällt. Solche Fragebögen könnte man auch gut zur PErsonalgewinnung nutzen."	1	2	2	3	1	1	4	2	1	1	5	1	1	4	1	5	1	5	1	3	3	4	2	1	1	2	5	1	40	1	1	5	1	F	F	F	F	F	T	F	F			"Unternehmensberatung, Persönlichkeitsentwicklung"	"60"		2	1	3	1	1	2	1	1	6	6	6	6	6	5	6	6	6	1	1	88	1	2	6	3	5	4	7	5	5	"Ich denke, dass manche Menschen sich zu sehr auf die Meinung einer KI verlassen, gerade wenn es persönliche Ziele und Stärken angeht. Ich habe das auch einige Wochen gemacht und versucht, mich der Einschätzung verschiedener LLMs hinzugeben, aber da war vollkommen daneben. KI ist super als eine Art Assistent, als Formulierungshilfe, zum Programmieren und Automatisieren, doch durch die menschliche Art der Kommunikation ist sie für viele fast wie ""der beste Freund in Lebensfragen"". Da sollte die KI klarer kommunizieren, damit die Menschen sie als die Hilfe ansehen, die sie sein kann, denn genau dann ist sie unglaublich hilfreich."	"Nein, ehr im Gegenteil. In Zukunft wird es immer weniger Zeit gegen Geld geben und immer mehr Ergebnis gegen Geld, was ich für eine großartige Entwicklung halte."	1	1	2	1	1	4	4	1	1	2	1	3	4	2	2	3	1	3	2	1	1	3	1	1	4	2	1	1	94	101	1	1	101	101	1	1	101	101	1	1	96	101	1	1	101	101	1	86	101	101	1	101	101	101	1	101	101	101	1	95	101	101	1	64	75	101	101	4	1	72	67	79	1	81	101	5	1	92	101	6	1	101	88	9	1	101	101	81	1	1	93	1	12	101	37	1	1	1	2	1	4	1	2	1	2	1	3	2	"3"	"4"	"1"	"2"	"2"	"1"	10	15	15	23	33	6	9	2	10	2	18	2	63	54	143	93	68	74	46	184	6	64	58	186	101	30	163	109	35	56	215	20	48		3	1897		2026-05-11 16:36:59		T	F	35	35	0	0	0.91
480			"base"	"interview"	2026-05-11 16:05:56	2	2	3	4	3	3	3	3	2	2	3	3	2	2	1	3	3	2	2	2	4	3	4	2	2	2	3	2	4	2	3	2	3	2	3	2	4	4	3	4	4	4	5	4	3	4	2	4	3	4	4	4	4	4	5	4	3	3	5	1	5	5	2		1	"Nein"	1	2	5	4	4	3	4	4	3	4	3	2	3	2	3	4	1	3	3	5	4	4	5	4	4	3	3	1	55	2	2	5	1	F	F	F	T	F	F	F	F			"Verwaltung / Administration"	"30"		3	2	2	2	1	2	3	1	3	2	1	4	1	2	2	2	2	5	1	76	1	6	3	5	7	4	2	2	4	"Datenschutz, kritisches Denken, ethnische Bedenken, vertrauenswürdige Daten"	"Ja, es wird Personaleinsparungen geben nach erfolgreicher Implementierung "	2	1	2	2	2	4	2	3	2	2	2	2	2	2	3	2	2	2	2	3	2	2	2	2	2	3	37	10	51	26	18	37	52	52	13	9	73	28	13	5	79	57	28	14	50	56	20	82	83	55	14	98	98	59	10	89	89	56	6	101	93	65	31	97	96	53	85	50	25	55	95	66	26	26	95	43	20	55	98	13	7	82	94	51	27	40	84	92	19	18	98	50	7	96	97	97	77	3	3	2	2	3	2	2	2	2	2	3	"4"	"1"	"2"	"3"	"2"	"1"	15	106	18	55	37	126	14	3	12	3	20	2	223	212	150	137	220	11	149	148	10	148	120	190	152	155	150	202	139	244	479	40	17		3	3598		2026-05-11 17:07:46		T	F	35	35	0	0	0.51
482			"base"	"interview"	2026-05-11 16:11:27	1	1	1	4	1	1	1	4	1	3	3	2	2	4	4	1	4	4	4	3	5	4	1	1	1	3	3	5	1	3	5	5	5	5	5	5	2	1	1	1	5	3	4	4	3	2	2	3	2	2	4	3	4	4	5	1	4	2	2	2	5	5	2		1		1	2	3	1	1	5	3	3	3	2	3	4	1	3	2	4	5	3	3	4	4	4	3	1	5	3	3	1	31	2	2	7	1	F	F	F	T	F	F	F	F			"FINANZ"	"36"		1	1	1	1	1	1	1	1	2	2	4	2	3	4	2	4	5	5	1	98	4	7	6	5	2	3	1	5	5	"Ich sehe keine Hindernisse."	"nein,niemals."	1	1	1	1	1	5	4	3	2	2	1	3	2	2	2	4	1	2	2	2	1	4	2	2	2	2	9	5	88	99	6	6	71	92	13	12	61	69	13	10	37	30	5	4	93	85	9	7	7	25	7	6	7	36	4	4	15	35	5	15	41	20	4	4	4	31	101	7	9	70	99	3	8	100	100	11	9	55	81	7	5	61	99	6	6	98	80	82	4	4	91	6	9	58	46	32	6	8	2	3	4	3	1	2	3	3	2	2	"1"	"3"	"4"	"2"	"2"	"1"	17	31	31	29	51	266	39	6	15	4	15	3	59	44	39	185	46	2	30	22	1	38	33	114	116	276	254	151	25	51	165	8	13		3	1691		2026-05-11 16:47:49		T	F	35	35	0	0	1.04
483			"base"	"interview"	2026-05-11 16:13:19	1	1	1	1	1	1	1	2	1	1	2	1	1	1	1	2	1	1	1	1	3	2	3	1	1	1	3	5	1	4	1	3	3	4	4	2	1	3	3	2	4	1	3	3	5	4	4	3	3	4	5	2	2	3	5	1	4	1	3	2	4	3	2		1		1	2	1	1	1	2	4	4	1	2	3	4	1	3	1	4	1	3	1	1	4	4	1	1	3	4	5	1	33	1	1	7	1	F	F	F	T	F	F	F	F			"Immobilien"	"40"		3	7	2	3	1	1	7	5	5	6	5	5	6	4	5	5	5	2	1	52	5	4	3	2	7	1	6	4	4	"Die Implementierung und die Aufgeschlossenheit gegenüber solchen Neuerungen."	"Grundsätzlich unwahrscheinlich aber möglich."	1	1	3	1	1	3	3	2	1	1	1	3	3	1	1	3	1	1	3	1	1	4	1	1	4	1	1	1	95	60	12	1	93	45	9	1	80	46	1	1	66	68	1	1	93	55	1	89	70	43	1	58	39	34	1	47	49	17	1	66	66	46	1	76	73	40	86	51	13	46	101	31	1	52	101	14	1	43	101	35	1	61	101	27	1	49	89	67	19	25	80	14	6	101	84	72	11	1	1	1	2	1	1	1	1	1	1	1	"4"	"3"	"2"	"1"	"2"	"1"	7	9	6	12	34	14	10	2	13	1	11	2	58	40	46	36	35	6	65	38	4	53	17	58	36	27	47	54	33	49	81	11	5		2	922		2026-05-11 16:28:41		T	F	35	35	0	0	1.45
484			"base"	"interview"	2026-05-11 16:16:50	2	1	1	2	1	2	1	2	1	1	2	2	3	2	1	2	1	2	1	1	5	5	5	1	1	1	5	3	3	3	3	5	5	5	4	3	3	3	3	3	3	5	4	4	3	2	3	4	4	4	4	4	4	3	5	3	4	2	5	1	7	7	2		1	"Bin selbst  in diesem Bereich tätig, KI-Implementierung stochastische und generative Modelle, LLM,  workflows etc."	1	2	3	4	4	1	2	1	1	3	4	2	4	1	1	4	1	3	2	2	3	4	2	2	2	4	5	1	23	1	1	7	1	F	F	F	T	F	F	F	F			"IT"	"38"		3	2	5	4	3	5	5	4	4	5	5	5	5	4	4	4	4	3	1	51	7	1	6	2	5	3	4	3	5	"Governance,compliance,Datenschutz"	"Ja, Binnen 3-5 Jahre 95% IT Arbeitsplätze"	2	1	1	1	3	4	1	1	2	2	2	2	2	1	3	3	2	2	1	2	2	3	3	3	3	2	4	3	97	96	3	3	99	99	4	5	96	100	5	4	99	99	2	4	96	97	2	2	26	41	7	1	17	35	8	4	21	32	3	79	72	82	5	81	69	84	96	28	5	27	99	28	5	17	96	23	6	54	96	17	4	30	98	25	8	24	96	91	5	3	4	1	6	93	96	93	15	4	3	3	2	2	3	2	4	3	2	2	"2"	"1"	"3"	"4"	"2"	"1"	11	463	55	50	26	5	5	4	12	2	34	4	70	66	67	92	64	8	47	93	3	60	39	90	78	47	109	127	48	87	248	23	83		6	1706		2026-05-11 16:53:56		T	F	35	35	0	0	0.89
485			"base"	"interview"	2026-05-11 16:16:56	2	1	2	3	3	2	3	3	1	2	2	2	1	2	2	3	1	2	2	2	4	5	5	2	2	3	3	3	3	4	4	3	2	2	3	2	4	4	2	3	4	4	5	3	4	3	4	4	4	4	3	4	4	4	5	4	4	2	5	1	4	4	2		1		1	2	2	2	3	1	4	4	3	4	3	1	3	4	3	4	1	4	4	2	2	4	2	2	2	4	4	1	37	1	1	8	1	F	F	F	T	F	F	F	F			"Gesundheitswesen"	"32"		2	2	3	2	2	4	3	2	4	4	3	4	4	4	4	3	3	3	1	73	4	2	3	1	7	5	6	3	5	"Kompetenz, Erfahrungswissen, Sicherheit, fehlende Offenheit, fehlende Infrastruktur"	"Nein, ich sehe mich am Arbeitsplatz nicht durch technische Neuerungen bedroht."	2	3	5	3	4	3	3	3	2	2	2	2	2	2	3	2	2	2	2	3	2	3	2	2	3	2	25	39	61	55	44	41	47	44	61	22	51	42	28	29	51	48	10	10	84	79	19	58	67	48	79	40	40	42	31	31	31	30	41	26	27	33	10	70	69	64	71	28	30	59	16	80	71	14	61	16	37	35	67	42	49	47	87	12	15	79	34	85	20	27	84	11	71	69	71	11	11	10	2	2	3	3	1	2	2	2	2	3	"1"	"3"	"4"	"2"	"1"	"2"	99	417	130	13	115	17	4	68	22	2	26	1	254	74	177	648	248	6	212	40	5	46	42	364	92	89	125	82	82	64	107	21	9		2	2440		2026-05-11 17:18:39		T	F	35	35	0	0	0.79
486			"base"	"interview"	2026-05-11 16:17:45	2	1	1	1	1	1	1	2	1	1	1	1	1	1	1	1	1	1	1	1	4	4	4	1	2	1	5	3	4	3	3	4	4	4	4	3	3	3	3	2	4	1	5	5	3	2	3	2	4	5	4	3	3	3	5	4	3	3	1	5	6	5	2		1		1	2	2	3	2	1	5	2	1	1	2	1	1	3	1	4	1	4	2	1	2	3	1	1	1	1	3	1	28	1	1	5	2	F	F	F	T	F	T	F	F			"Versicherung, E-Commerce"	"50"		3	2	3	2	1	2	2	5	5	5	5	5	4	5	5	5	5	2	1	101	5	3	4	1	7	2	6	5	5	"Der KI zu vertrauen und vor allem richtig anzuwenden. "	"langfristig schon"	2	4	5	1	3	3	3	2	1	1	1	4	4	1	2	3	1	1	4	2	1	3	2	1	4	1	16	15	91	91	6	5	90	88	1	1	95	96	5	1	96	96	1	1	90	90	1	101	80	79	1	94	84	81	1	56	55	67	1	91	90	80	1	101	84	83	101	92	9	83	55	72	30	37	101	10	10	101	98	12	15	87	101	1	1	96	101	95	12	10	62	1	1	101	98	85	9	1	1	1	3	2	1	1	2	1	1	1	"2"	"4"	"3"	"1"	"1"	"2"	5	8	5	28	34	8	34	3	10	2	11	7	103	80	70	69	274	8	65	52	9	49	43	107	73	35	65	118	44	83	158	12	6		2	1680		2026-05-11 16:45:45		T	F	35	35	0	0	1.04
487			"base"	"interview"	2026-05-11 16:18:07	1	1	2	1	2	1	1	2	1	1	1	2	1	2	1	2	1	1	1	2	4	4	5	2	1	3	1	4	1	4	2	4	5	4	4	3	2	1	4	3	4	1	4	5	4	2	4	3	2	3	4	2	4	3	5	2	4	2	3	2	5	5	2		1		1	1	2	1	1	3	4	4	2	2	3	1	2	4	2	3	1	4	3	4	3	2	4	1	3	4	4	1	36	1	1	8	1	F	F	F	T	F	F	F	F			"Marketing"	"40"		2	4	2	3	2	3	1	4	5	6	4	5	4	4	5	4	5	4	1	74	6	3	2	1	5	4	7	5	4	"entwickelt sich so schnell weiter, dass man kaum hinterher kommt die Sachen auszuprobieren und auszuloten, wie man sie gut privat/oder in den eigenen Arbeitsalltag integrieren kann"	"Ja, bedroht im Sinne, dass er überflüsdsig wird. Aber ich gehe davon aus, dass auch neue Arbeitsfelder entstehen, in denen ich mich einbringen kann."	2	1	4	1	2	4	3	2	1	1	2	3	3	2	2	3	1	2	3	2	1	3	2	1	3	1	10	7	70	62	41	35	83	41	5	11	79	86	4	6	77	71	26	16	48	68	13	29	83	59	56	37	72	22	4	46	63	54	6	39	79	64	23	36	28	64	86	27	22	60	40	87	52	27	97	12	32	71	81	12	17	70	83	11	16	56	51	97	7	25	87	5	19	82	74	11	9	6	2	1	2	3	1	2	3	1	2	1	"3"	"1"	"4"	"2"	"1"	"2"	3	4	3	10	15	32	7	2	10	3	24	2	93	52	55	84	52	5	39	35	6	30	21	78	37	26	52	57	30	36	150	40	12		1	1106		2026-05-11 16:36:33		T	F	35	35	0	0	1.45
488			"base"	"interview"	2026-05-11 16:18:13	3	1	4	2	4	3	3	3	3	3	3	3	4	4	2	3	1	3	3	2	5	3	4	2	3	2	5	3	4	2	4	3	5	3	4	4	4	2	5	2	3	3	2	2	4	4	3	4	5	3	2	4	2	2	5	4	3	4	3	5	6	6	2		1		1	1	2	4	4	4	4	5	3	2	3	5	4	2	4	3	1	4	3	2	2	4	2	3	5	3	4	1	26	1	1	7	1	F	F	F	T	F	F	F	F			"Software Entwicklung"	"40"		7	2	6	8	5	2	6	2	3	4	5	3	2	5	2	4	4	5	1	85	7	2	5	1	4	3	6	4	4	"das es immernoch zu viele fehler macht"	"nein weil ich qualifiziert bin um KI gut zu benutzten "	4	1	4	3	4	4	2	3	1	3	3	2	3	4	3	3	3	4	2	4	3	2	4	3	2	3	68	21	95	82	57	15	93	93	51	27	96	76	22	7	95	88	26	37	89	75	57	87	80	58	79	91	93	76	51	94	83	66	7	89	76	85	37	70	89	63	84	39	23	79	18	75	72	16	25	92	76	32	97	16	15	84	61	78	59	41	89	79	8	42	98	40	74	68	67	39	83	52	2	1	3	3	1	2	3	1	2	2	"2"	"4"	"1"	"3"	"2"	"1"	3	4	3	13	15	2	11	1	10	2	3	2	55	43	36	37	39	5	21	31	3	30	33	48	45	21	47	83	44	42	70	7	6		2	817		2026-05-11 16:31:50		T	F	35	35	0	0	1.82
489			"base"	"interview"	2026-05-11 16:20:44	3	3	4	4	2	1	3	4	4	2	4	3	2	4	1	3	1	3	2	1	4	4	4	3	4	3	5	3	5	2	5	3	3	1	2	1	4	4	2	1	4	3	5	4	5	5	2	5	4	5	4	5	5	5	5	3	2	5	4	3	5	4	2		1	"Nein "	1	1	1	4	4	1	1	5	4	5	3	1	4	1	5	1	1	3	5	3	5	1	3	5	5	1	1	1	20	1	2	3	1	F	T	F	F	F	F	F	F	"transport"					1	6	3	7	9	4	2	8	3	2	3	2	1	1	2	2	3	6	1	101	7	5	3	2	1	4	6	3	4	"im transport kann man keine richtige KI einsetzen "	"nein"	4	3	5	4	5	5	2	3	4	4	4	1	2	4	4	1	4	3	2	4	3	1	4	4	2	4	1	39	42	26	33	73	39	30	17	74	30	16	1	1	31	37	62	32	49	50	36	56	60	67	76	60	66	44	20	77	73	54	17	101	101	71	1	101	62	55	101	37	34	53	55	70	51	59	56	45	36	43	101	1	1	80	55	60	55	47	73	63	37	60	62	32	15	80	65	60	51	1	4	2	4	4	2	2	1	2	1	3	"2"	"4"	"3"	"1"	"1"	"2"	2	12	6	22	23	2	24	3	43	3	6	2	126	37	35	34	60	7	45	41	2	56	88	156	82	67	142	150	71	92	88	44	27		2	1600		2026-05-11 16:47:24		T	F	35	35	0	0	1.18
490			"base"	"interview"	2026-05-11 16:25:06	2	2	1	2	2	2	2	2	1	1	1	1	2	2	2	2	1	1	2	2	4	3	2	1	2	1	4	4	2	4	3	4	2	2	4	3	2	4	5	2	4	3	4	2	3	4	5	5	5	4	2	2	1	2	5	3	4	2	1	1	5	4	2		1		1	2	2	4	3	1	4	1	2	4	4	1	2	2	3	2	1	4	2	2	2	4	3	1	3	1	5	1	21	1	1	5	1	F	F	F	T	F	F	F	F			"Elektroniker für Betriebstechnik"	"37"		1	7	3	3	6	1	2	9	4	3	2	5	4	5	4	2	6	1	1	81	1	7	6	2	3	5	4	5	4	"Es kann falsche Ergebnisse liefern"	"Nein"	1	1	1	3	3	5	2	3	1	2	2	4	4	1	3	3	2	3	3	3	1	3	3	2	3	2	56	1	78	69	21	20	74	75	12	12	84	86	14	16	83	81	22	24	80	76	10	88	87	62	7	90	101	58	9	89	86	51	8	94	89	49	23	84	85	52	75	22	1	82	2	78	24	17	86	85	20	55	89	66	17	80	77	75	23	54	86	85	10	1	62	74	16	58	93	73	25	1	2	1	3	2	1	1	2	1	1	2	"2"	"3"	"4"	"1"	"1"	"2"	29	5	23	41	57	23	21	5	24	3	31	3	130	85	67	63	80	21	75	62	18	1133	45	99	90	44	77	102	154	194	131	10	10		1	1868		2026-05-11 17:14:22		T	F	35	35	0	0	0.82
491			"base"	"interview"	2026-05-11 16:25:43	1	1	1	2	2	1	2	3	1	1	1	2	2	1	1	2	1	1	1	1	4	4	4	1	1	2	4	2	4	3	3	3	3	3	3	4	2	1	4	3	4	3	5	5	4	2	3	4	4	3	4	3	4	2	5	2	4	3	4	1	6	6	2		1		2	1	2	3	3	4	4	3	2	2	4	2	1	3	1	1	1	3	2	3	4	3	2	1	4	3	3	1	41	1	1	8	1	F	F	F	T	F	F	F	F			"Robotik"	"40"		2	2	3	2	2	4	4	3	5	5	5	5	5	3	4	3	3	2	1	80	6	5	3	2	4	1	7	4	4	"Derzeit sehr großes Angebot und wenig Fachwissen auf dem Markt. Es ist schwer zu wissen was möglich ist, wie man es erreicht und mit welchem Tool. Es gibt viele Angebot, viele große Versprechungen aber wenig konkrete Usecases. KI ist derzeit ein Buzzword und muss sich wirklich beweisen. Es ist schwer zu sagen ob man darin eine Vorreiterrolle einnehmen möchte oder nur nachziehen. Beides birgt Chancen oder Risiken."	"Ich denke es wird einen großen Wandel geben und große Umwerfungen, denen viele Leute zum Opfer fallen könnten. Es ist aber kein Automatismus und nicht so als könnte man sich nicht dagegen behaupten."	2	1	2	1	3	4	2	3	1	1	2	2	3	2	3	3	2	3	2	3	2	3	2	2	3	2	21	23	73	64	27	13	81	71	22	18	17	15	11	12	83	81	26	30	74	65	65	50	39	56	18	27	27	42	17	18	20	20	7	39	38	37	36	41	40	36	87	39	25	84	81	48	21	41	89	51	23	48	89	26	84	52	88	25	27	75	79	72	50	24	59	25	20	89	81	79	53	12	2	1	3	3	1	2	2	1	2	2	"3"	"2"	"4"	"1"	"2"	"1"	2	10	5	18	22	4	14	4	10	2	6	2	53	52	30	36	39	3	31	34	4	33	26	55	43	22	51	58	31	50	174	10	5		2	941		2026-05-11 16:41:24		T	F	35	35	0	0	1.59
492			"base"	"interview"	2026-05-11 16:26:28	1	1	1	1	1	1	1	1	1	1	1	2	2	1	1	2	1	1	1	1	4	4	4	1	3	2	4	4	2	4	4	4	3	3	3	1	5	3	2	3	4	1	4	4	4	1	2	3	2	4	4	1	3	2	5	2	4	1	2	4	5	5	2		1	"Nein"	1	2	1	2	3	1	3	4	2	5	2	1	4	3	1	4	1	1	1	1	3	4	1	3	1	3	4	1	37	1	1	8	1	F	F	F	T	F	F	F	F			"Chemiebranche"	"40"		2	4	6	1	2	5	3	6	6	6	6	6	4	6	6	6	6	2	1	71	1	3	7	4	6	5	2	5	5	"Sicherstellung des Datenschutzes"	"Nein"	2	4	4	1	4	3	2	4	1	1	2	2	3	1	3	4	2	1	3	1	1	3	2	1	2	3	1	2	56	28	74	73	67	32	23	23	65	69	79	50	67	40	13	17	70	69	2	72	73	26	72	38	54	23	20	71	97	84	72	90	87	20	25	69	67	39	68	20	29	70	1	76	48	21	68	23	23	45	31	54	66	37	70	19	19	50	88	90	18	20	21	20	20	77	81	91	43	13	2	2	3	3	3	2	3	2	1	2	"2"	"1"	"4"	"3"	"2"	"1"	15	30	11	17	52	18	20	2	14	2	15	5	91	80	77	87	64	212	49	53	6	44	34	81	86	46	68	97	43	64	82	22	10		4	1396		2026-05-11 16:53:10		T	F	35	35	0	0	0.89
493			"base"	"interview"	2026-05-11 16:27:13	2	1	1	1	2	2	3	3	1	1	2	3	3	2	2	3	1	2	2	2	5	3	4	2	2	2	4	4	2	4	2	3	3	4	4	3	2	3	2	4	2	4	4	5	4	4	2	5	1	2	5	4	4	4	5	3	4	4	3	3	5	3	2		1	"."	1	1	4	4	4	1	4	3	4	4	5	2	3	4	3	5	1	4	3	2	4	5	2	2	2	5	5	1	35	1	1	9	1	F	F	F	T	F	F	F	F			"Vertrieb wissenschaftlicher Laborgeräte"	"45"		3	2	8	3	3	7	6	5	5	4	4	4	4	6	5	4	5	3	1	7	1	4	7	3	6	5	2	3	4	"Das größte Problem sind die Menschen, die die Automatisierung / KI einführen, weil diese immer noch die Parameter setzen. Und wenn eine z. B. unfähige Person die Maßstäbe setzt, betrifft es alle MItarbeiter direkt.
privat sehe ich die größte Sorge in unkontrollierter Verbreitung von AI slop im Internet"	"Aktuell nicht. Ich bin im Vertrieb und die menschliche Beziehung in beratungsintensiven Produkten ist immer noch eine unverzichtbare Komponente"	3	2	3	2	3	4	3	2	2	3	1	3	2	3	4	3	3	3	3	3	3	3	3	4	2	2	3	17	101	84	20	11	50	59	27	73	78	87	5	7	85	97	24	18	59	55	32	26	82	79	34	29	100	59	5	37	50	73	9	72	86	92	12	46	82	77	69	45	26	45	16	88	26	39	88	13	5	67	78	25	8	70	12	90	1	32	74	83	47	4	88	4	20	71	65	35	36	2	2	2	3	3	1	2	3	2	1	3	"3"	"4"	"2"	"1"	"1"	"2"	2	11	7	11	20	30	5	2	9	2	16	2	68	49	50	51	71	5	42	41	3	32	24	46	54	31	60	63	31	50	136	10	5		2	1041		2026-05-11 16:44:34		T	F	35	35	0	0	1.42
494			"base"	"interview"	2026-05-11 16:27:31	2	2	2	2	2	1	1	1	1	2	2	2	2	1	1	1	2	2	1	1	3	2	3	1	1	1	3	3	2	3	4	3	4	3	3	3	3	3	3	2	4	2	4	4	4	2	3	4	2	2	4	2	4	4	5	3	4	2	3	3	5	5	2		1		2	2	4	3	2	3	4	5	2	2	4	4	3	4	2	4	1	4	4	5	5	5	5	3	4	4	4	1	20	1	1	6	1	F	F	T	F	F	F	F	F		"BWL"				2	3	4	3	7	5	3	2	4	5	5	5	3	5	5	4	5	3	1	81	7	5	2	1	3	4	6	4	4	"Vertrauenswürdigkeit von KI"	"nein"	3	3	1	1	3	4	3	2	2	3	2	3	3	2	2	4	2	1	4	2	1	3	2	1	3	2	37	28	56	79	13	10	77	88	8	11	74	82	8	8	81	88	9	8	64	78	7	80	65	74	9	58	50	80	9	60	61	66	11	70	72	78	14	74	73	78	73	60	21	72	22	30	10	20	78	77	15	66	80	22	8	69	62	63	10	45	81	90	33	38	54	11	14	93	86	78	34	1	2	1	4	4	1	1	3	2	2	2	"1"	"4"	"2"	"3"	"1"	"2"	4	10	12	17	11	6	39	5	14	2	9	2	94	83	97	65	50	5	115	46	9	129	41	84	90	63	140	88	70	72	61	12	5		2	1552		2026-05-11 16:53:23		T	F	35	35	0	0	1.14
495			"base"	"interview"	2026-05-11 16:28:00	2	1	1	1	1	1	2	2	1	1	1	3	1	1	1	2	1	1	1	1	4	4	4	1	1	2	3	4	2	3	3	4	3	4	4	4	2	2	4	2	5	1	5	3	3	1	4	4	3	2	5	1	3	2	5	1	4	1	3	2	6	6	2		1		1	2	3	2	2	3	4	3	2	2	4	2	1	5	1	4	1	4	1	3	4	4	3	1	4	5	5	1	45	1	1	9	1	F	F	F	T	F	F	F	F			"Data Science"	"40"		2	3	2	1	1	2	2	1	5	5	5	5	4	5	5	4	4	2	1	101	1	4	7	3	2	5	6	5	5	"Abhängigkeiten von bestimmten Unternehmen. Junior-Developer-Stellen werden reduziert, da viels von KI übernommen werden kann. Mangelhaftes Verständnis bzgl. KI in höheren Management-Ebenen"	"Nein"	1	1	3	2	1	3	2	1	1	2	2	3	4	1	2	3	1	2	3	1	1	3	1	1	4	2	1	1	86	86	15	9	52	58	1	1	98	98	1	1	92	87	5	5	70	70	1	51	63	51	13	14	64	52	1	23	53	52	1	40	45	45	1	28	53	50	101	8	1	92	39	67	10	34	89	8	1	80	101	8	1	91	93	11	1	60	87	87	31	1	52	47	22	94	79	79	8	1	1	1	3	2	1	2	2	1	1	1	"1"	"4"	"3"	"2"	"1"	"2"	28	34	21	17	44	24	16	2	14	2	16	4	80	89	61	60	79	9	68	41	8	53	26	77	70	53	65	107	38	58	248	15	11		156	1541		2026-05-11 16:56:14		T	F	35	35	0	0	0.86
496			"base"	"interview"	2026-05-11 16:36:54	2	1	1	2	2	1	2	3	1	1	1	2	1	1	1	2	1	1	1	1	4	3	4	2	2	3	2	3	2	3	3	3	3	3	3	3	3	3	3	2	5	3	4	4	3	1	2	4	2	2	5	3	3	4	5	2	4	3	3	3	5	3	2		1	"Viel Erfolg!"	1	2	3	3	3	2	4	4	3	2	3	4	2	4	2	4	1	4	2	4	5	3	4	2	4	4	4	1	32	2	2	9	1	F	F	F	T	F	F	F	F			"Beratung"	"45"		6	4	4	6	5	4	5	2	5	5	5	4	3	4	3	4	5	4	1	81	7	3	2	4	5	1	6	3	3	"technische Hürden, Hürden neuer Rollenanforderungen, berufliche Unsicherheit"	"nicht direkt, aber die Rollenanforderungen und somit die täglichen Aufgaben werden sich verändern"	2	2	2	2	2	4	3	2	1	1	1	3	3	2	2	3	2	2	3	2	2	4	2	2	3	2	42	29	57	69	68	66	32	34	21	27	53	56	66	38	56	51	60	51	49	48	28	79	72	54	52	56	53	40	25	69	63	37	29	68	57	44	46	58	56	35	84	27	28	72	30	73	41	26	75	27	24	71	71	29	33	72	54	51	38	49	84	77	36	54	61	21	30	68	64	62	32	28	2	2	3	3	2	2	2	2	2	2	"2"	"1"	"4"	"3"	"1"	"2"	1	3	3	11	11	7	5	13	25	1	11	1	74	37	30	44	38	3	25	24	2	14	12	33	28	53	22	38	22	33	53	8	523		1	697		2026-05-11 16:57:03		T	F	35	35	0	0	2.06
497			"base"	"interview"	2026-05-11 16:40:51	1	2	2	4	3	2	3	3	2	1	4	3	1	2	2	4	1	2	3	3	4	3	4	4	3	4	3	4	2	3	4	2	3	3	3	4	2	2	4	2	4	3	5	3	4	4	4	4	4	3	1	2	5	1	5	1	3	4	5	1	6	6	2		1		1	1	1	4	4	3	3	4	3	4	5	4	1	3	2	5	1	5	4	1	1	5	1	1	2	5	3	1	32	2	2	7	1	F	F	F	F	F	T	F	F			"E-Commerce"	"30"		3	2	4	2	1	2	2	1	4	5	4	5	4	3	4	2	3	4	1	86	1	5	7	2	6	4	3	4	3	"Eine verantwortungsvolle und moralische Anwendung damit zu definieren und durchzuführen."	"Momentan nicht."	1	1	1	1	1	5	2	3	2	2	3	2	4	2	2	2	1	3	2	3	3	2	2	3	4	1	16	2	82	68	31	1	56	50	45	45	56	63	55	11	80	59	45	82	52	41	6	94	93	47	7	101	101	55	64	87	87	17	28	71	80	46	8	55	61	52	81	41	3	61	41	87	45	27	33	83	67	38	67	32	56	65	17	86	28	28	88	101	1	1	75	3	62	40	80	9	35	26	1	1	2	1	1	1	3	1	2	1	"3"	"4"	"2"	"1"	"2"	"1"	21	87	30	36	47	32	19	3	21	7	27	2	217	598	143	160	568	11	142	149	8	81	76	130	136	65	135	145	82	147	197	44	16		30	2546		2026-05-11 17:41:03		T	F	35	35	0	0	0.5
498			"base"	"interview"	2026-05-11 16:54:25	2	2	2	3	2	2	2	3	2	2	2	3	2	2	2	3	1	2	2	2	4	4	4	4	2	2	4	3	3	3	4	3	3	3	3	3	3	3	4	1	4	2	4	4	3	4	4	4	4	2	4	2	4	4	5	2	4	2	4	2	6	6	2		1	"Nein"	1	1	3	3	3	3	4	4	2	3	4	3	3	4	3	4	1	3	3	3	3	3	3	1	2	4	4	1	34	2	2	6	1	F	F	F	F	F	T	F	F			"Informationstechnologie"	"40"		2	2	3	2	2	2	2	2	5	5	5	5	5	5	5	4	5	2	1	98	1	7	6	5	2	3	4	4	4	"Das die Entwicklung zu schnell voran geht und die Menschen verwirrt."	"Ja, ich denke aber auch das sich vieles verändert."	2	2	3	2	3	3	2	2	1	1	2	3	3	2	2	3	1	2	2	2	2	3	2	2	3	2	4	1	92	93	1	1	40	38	3	2	61	61	1	2	88	90	2	2	58	58	3	88	82	74	4	62	76	57	1	79	74	51	8	86	77	76	1	51	49	45	91	15	15	87	21	86	60	16	76	87	83	51	95	18	12	87	80	61	44	55	80	95	44	49	89	32	16	82	74	64	29	3	1	1	2	2	1	2	2	1	2	1	"3"	"2"	"1"	"4"	"2"	"1"	3	243	4	14	21	30	8	3	21	6	10	2	68	37	54	55	60	6	34	34	4	33	20	48	35	21	43	61	30	36	73	7	11		3	910		2026-05-11 17:13:23		T	F	35	35	0	0	1.41
499			"base"	"interview"	2026-05-11 16:54:36	1	3	4	4	2	1	3	4	2	3	1	2	1	4	3	3	3	4	2	3	2	3	4	4	1	4	4	2	3	4	2	3	4	3	4	4	2	4	1	3	5	2	5	5	4	1	1	3	1	1	2	2	3	3	5	4	4	5	5	5	2	2	2		1		1	1	5	5	5	5	5	3	3	3	3	4	5	3	4	5	1	2	4	2	4	1	4	1	3	4	5	1	34	2	2	8	1	F	F	F	F	T	F	F	F			"Schule"	"40"		7	9	8	8	8	8	8	2	1	2	4	4	6	2	4	1	5	6	1	36	4	3	5	1	2	6	7	4	3	"Kritisches Denken geht verloren"	"Nein"	4	2	4	4	3	3	4	1	1	1	1	2	2	1	2	4	1	3	4	3	3	4	3	3	4	4	35	9	83	99	27	57	28	78	76	25	73	19	62	33	77	32	57	67	27	30	16	74	46	32	77	26	67	30	78	74	75	72	24	44	34	97	61	66	71	74	81	68	12	68	24	78	18	70	72	19	83	32	81	25	70	29	30	53	36	64	85	83	82	82	80	80	24	84	78	80	77	12	3	3	4	4	4	3	3	2	3	3	"2"	"3"	"1"	"4"	"2"	"1"	78	6	6	53	33	6	11	1	9	9	47	1	59	17	21	62	9	3	7	17	3	27	20	38	33	20	54	49	18	18	51	6	4		2	730		2026-05-11 17:07:54		T	F	35	35	0	0	1.92
500			"base"	"interview"	2026-05-11 16:57:14	1	1	2	2	2	2	2	2	1	1	3	2	1	1	1	2	2	2	1	1	3	1	3	1	3	3	5	5	1	3	3	3	2	2	2	3	3	5	5	3	5	3	5	4	4	3	4	5	3	4	4	3	5	3	5	4	3	3	5	1	4	5	2		1	"N/A"	1	2	3	3	2	2	4	4	3	3	4	1	1	4	2	4	1	3	3	4	4	4	4	3	5	2	4	1	54	2	2	8	1	F	F	F	F	F	T	F	F			"Freelancer/Journalismus"	"45"		1	1	3	2	1	1	2	1	5	5	5	5	4	5	4	4	4	4	1	101	1	7	6	5	3	4	2	1	2	"Ich sehe KI grundsätzlich als überflüssig, wenn nicht sogar als gefährlich an. Ich möchte in Zukunft kein ""Blade Runner"" Szenario für die Menschheit. "	"Nein, denn KI wird die menschliche Leistung niemals kopieren können. "	2	2	2	1	1	5	2	2	2	2	2	3	3	2	2	3	2	2	3	2	2	3	1	2	3	2	1	1	101	101	1	101	50	49	1	100	100	99	1	1	101	99	2	101	101	100	1	100	101	2	2	101	100	3	2	101	101	1	2	100	101	1	1	101	101	1	54	100	56	1	1	100	1	1	1	100	55	1	101	1	1	101	1	101	1	53	100	101	1	2	1	1	2	101	99	100	2	1	2	1	4	4	1	2	3	1	1	2	"4"	"3"	"2"	"1"	"2"	"1"	21	20	57	35	82	10	21	2	12	2	10	1	66	104	131	79	156	10	28	41	3	40	28	60	64	28	59	77	35	66	180	14	13		4	1559		2026-05-11 17:23:13		T	F	35	35	0	0	1.03
501			"base"	"interview"	2026-05-11 16:58:10																																																																																																																																			2																																																																																																																															10	5																																		15		2026-05-11 16:58:25	"screenout"	T	F	2	2	0	0	2
502			"base"	"interview"	2026-05-11 16:58:29	2	1	1	2	1	1	1	2	2	1	2	2	1	2	2	2	1	2	2	2	4	4	4	2	2	2	3	4	2	3	3	4	4	4	4	3	3	2	4	1	5	2	3	3	4	3	4	3	5	3	3	2	4	2	5	2	4	3	3	3	5	3	2		1		1	2	1	3	3	1	4	4	2	1	2	1	1	3	2	3	1	3	1	2	4	3	1	1	3	3	4	1	27	2	2	7	2	F	F	F	T	F	T	F	F			"Einzelhandel"	"25"		1	4	5	1	2	4	1	2	4	6	5	4	4	4	4	4	5	4	1	19	1	6	7	3	4	2	5	4	4	"Kosten und Wissen"	"Nein"	1	1	2	1	2	3	3	1	1	1	2	3	3	2	2	3	1	3	3	2	1	3	2	2	3	1	58	9	74	79	10	1	71	76	1	1	86	52	35	11	88	74	10	4	74	83	11	64	83	49	23	72	86	68	1	64	79	98	18	72	88	56	1	79	79	62	76	39	39	68	43	69	50	27	80	55	27	67	88	56	35	73	91	33	16	73	85	101	42	28	71	1	10	101	85	57	20	1	1	1	2	2	1	1	2	1	1	1	"3"	"4"	"2"	"1"	"1"	"2"	20	12	20	16	33	64	9	2	13	3	26	2	116	71	49	57	70	5	47	29	3	52	28	58	54	41	48	114	67	56	118	13	7		3	1326		2026-05-11 17:20:35		T	F	35	35	0	0	1.07
503			"base"	"interview"	2026-05-11 17:03:04	3	1	2	3	4	3	4	3	2	4	4	3	2	2	1	3	3	3	2	2	4	4	4	1	1	1	1	3	2	3	3	3	3	3	3	3	3	2	2	2	3	4	4	4	4	3	2	5	1	2	2	5	3	4	5	2	2	4	4	2	2	2	2		1		1	1	4	5	5	4	3	3	5	4	2	4	3	2	5	4	1	3	5	4	4	3	4	3	4	3	2	1	19	2	2	6	1	F	F	T	F	F	F	F	F		"Grundschullehramt mit Hauptfach Englisch"				1	1	7	3	1	7	3	1	3	2	2	2	1	2	2	2	2	2	1	93	2	3	4	1	6	5	7	4	4	"Falscher Umgang mit KI, immer darauf zu vertrauen das alles stimmt was da steht. Oder nicht richtig damit umgehen können z.B. falsch prompten. Oder das die Fähigkeit Aufgaben zu erledigen über die man viel nachdenken muss schlechter wird"	"Nein. Lehrkräfte vor allem in der Grundschule sehe ich als nicht bedroht"	2	2	2	2	2	4	3	4	3	3	3	1	2	3	4	2	4	4	2	4	3	2	4	2	2	4	43	15	53	54	67	47	41	39	22	16	72	72	13	13	86	82	26	11	49	47	46	62	64	36	60	50	76	33	26	71	73	35	12	70	70	29	30	66	69	22	93	11	7	71	11	85	37	28	87	15	22	81	89	9	6	93	61	62	17	49	87	86	18	19	88	19	29	60	80	79	34	21	2	3	3	2	1	2	2	1	1	2	"2"	"4"	"3"	"1"	"2"	"1"	14	44	12	29	153	31	20	4	135	10	19	3	118	134	60	60	74	12	40	54	7	58	32	82	76	46	80	89	85	65	159	25	14		10	1733		2026-05-11 17:33:58		T	F	35	35	0	0	0.72
504			"base"	"interview"	2026-05-11 17:16:24	2	3	2	4	2	3	3	4	1	2	4	3	1	3	1	4	1	3	2	2	3	2	3	1	1	1	4	3	3	2	4	4	4	4	4	3	3	2	2	4	4	4	5	4	3	2	1	5	2	4	4	4	4	2	5	4	3	4	5	1	3	3	2		1		1	2	2	3	3	1	4	2	4	4	4	2	4	3	3	4	1	3	4	2	3	4	2	4	4	4	4	1	40	1	2	5	1	F	F	F	T	F	F	F	F			"IT"	"39"		5	2	7	6	4	4	6	6	3	4	4	3	4	4	3	4	4	3	1	101	1	4	7	2	6	3	5	4	4	"die Vertrauenswürdigkeit der Ergenisse von KI"	"Bis jetzt noch nicht."	2	1	2	1	1	4	2	3	2	3	3	1	1	3	3	2	3	3	1	3	3	1	3	3	2	2	53	35	74	70	1	16	74	68	23	8	65	61	1	8	69	60	14	1	64	60	1	54	71	64	1	66	67	59	1	79	79	66	1	67	68	59	17	61	65	58	69	56	42	63	36	64	35	26	90	51	18	87	84	23	1	79	49	64	1	48	91	81	69	28	68	1	13	85	66	60	29	1	3	3	3	3	3	2	3	3	2	3	"1"	"4"	"2"	"3"	"2"	"1"	4	9	7	38	35	15	9	3	57	1	24	1	345	89	126	201	70	7	88	66	1	123	64	90	162	248	141	139	115	258	387	19	6		2	2739		2026-05-11 18:05:34		T	F	35	35	0	0	0.94
505			"base"	"interview"	2026-05-11 17:16:48	2	1	1	2	1	3	1	1	1	3	4	1	2	2	1	1	1	1	2	2	4	3	5	2	1	1	5	4	2	4	4	5	5	3	4	3	3	3	1	1	5	4	5	5	3	2	5	5	3	2	5	4	5	5	5	3	4	2	5	1	7	7	2		1		1	1	3	2	2	4	4	5	1	2	3	4	1	5	1	3	1	5	4	5	5	5	5	2	1	4	4	1	25	2	2	7	1	F	F	F	T	F	F	F	F			"Medizin"	"40"		1	3	4	1	3	6	5	1	4	5	6	3	2	6	4	4	5	2	1	98	7	4	2	1	5	3	6	2	4	"Das Lernen der KI ist aufwendig. Menschen sind in einigen Dingen einfach besser! z.B. digitale Mikroskopie in der Hämatologie"	"NEIN."	1	1	3	1	3	4	2	3	1	3	4	1	4	2	3	4	2	2	4	2	1	4	2	1	4	2	13	14	87	88	54	66	39	60	4	4	88	80	7	6	93	94	26	31	91	93	13	63	89	74	27	37	62	83	11	93	77	101	4	98	98	88	8	48	56	100	91	22	31	81	5	92	87	23	76	20	36	66	93	2	2	69	46	60	14	56	94	62	2	27	99	21	11	93	101	95	14	2	3	2	4	4	2	1	3	2	4	3	"2"	"4"	"1"	"3"	"2"	"1"	8	21	9	30	16	7	26	3	10	4	17	2	54	57	41	44	42	6	35	47	6	34	29	63	50	31	47	70	36	56	89	16	10		6	1022		2026-05-11 17:33:50		T	F	35	35	0	0	1.19
506			"base"	"interview"	2026-05-11 17:17:56	1	1	1	1	1	1	1	3	1	1	2	2	1	1	1	2	1	1	1	1	2	1	2	3	3	4	4	4	1	3	2	2	2	2	2	4	2	5	3	1	5	1	5	3	3	1	3	4	3	1	5	3	3	3	5	2	5	2	2	4	5	5	2		1		1	2	4	1	1	4	3	4	1	1	4	5	1	4	1	4	1	5	3	3	4	4	3	1	5	3	3	1	71	2	2	5	1	F	F	F	F	F	T	F	F			"Finanz"	"10"		1	2	1	1	1	1	1	1	6	6	6	6	5	5	6	6	6	2	1	101	5	7	2	3	1	4	6	4	2	"Es ist nicht immer korrekt und hat Limitations."	"Ja, ich glaube schon."	3	1	1	1	3	4	2	2	1	1	1	3	3	1	1	3	1	1	2	1	1	3	2	1	3	1	22	24	77	80	9	12	93	93	14	63	85	84	6	11	85	84	15	18	88	91	21	97	63	77	7	83	70	84	13	84	84	85	7	90	69	86	17	83	85	84	52	56	43	41	14	82	50	24	36	38	61	40	85	93	55	44	26	79	44	31	80	100	3	65	95	11	7	99	84	88	86	3	2	2	2	2	2	2	2	1	1	1	"1"	"2"	"4"	"3"	"1"	"2"	9	9	12	27	27	24	15	3	16	2	23	2	73	64	61	51	54	7	54	76	13	49	37	74	57	34	58	80	35	75	124	18	9		3	1275		2026-05-11 17:39:11		T	F	35	35	0	0	1
507			"base"	"interview"	2026-05-11 17:24:12	2	1	1	2	1	1	1	4	1	2	4	2	1	1	1	1	1	2	1	1	5	5	5	1	1	1	4	3	3	4	3	4	4	4	4	4	2	2	2	3	5	1	5	5	4	2	2	4	3	3	5	4	5	3	5	4	5	4	5	1	6	5	2		1		1	2	4	3	3	2	5	4	3	3	5	4	1	5	1	5	1	5	1	4	5	5	2	1	4	4	5	1	27	2	2	4	1	F	F	F	T	F	F	F	F			"Chemie"	"40"		2	2	2	1	1	1	1	1	5	5	4	5	5	6	4	5	5	2	1	96	7	6	3	2	1	4	5	4	5	"Das man zu viele unterschiedliche Anwendungsfälle hat, die die KI lernen muss und es somit umso länger dauert"	"nein"	5	1	3	3	2	4	3	4	1	1	1	2	2	2	3	4	2	2	2	2	1	3	3	1	3	2	17	4	88	85	1	1	101	101	4	3	100	99	6	7	94	94	4	4	98	94	1	101	101	76	2	101	100	77	4	100	101	59	5	101	100	82	6	98	91	95	100	9	5	93	72	11	1	101	99	26	1	99	93	14	12	99	98	58	1	100	101	101	1	3	62	2	1	101	87	100	1	5	3	3	3	3	1	2	3	2	1	1	"4"	"3"	"1"	"2"	"2"	"1"	2	5	5	18	16	2	4	2	15	1	6	2	58	27	36	43	38	3	23	31	2	36	26	63	50	47	166	69	33	45	64	6	4		1	949		2026-05-11 17:40:01		T	F	35	35	0	0	1.89
508			"base"	"interview"	2026-05-11 17:35:45	2	1	2	1	2	1	1	1	1	3	2	2	1	2	1	2	1	1	1	1	4	3	4	2	2	2	2	4	2	4	4	3	3	4	4	4	2	3	4	2	5	2	5	4	4	2	3	4	3	1	5	2	4	2	5	1	4	4	3	3	5	2	2		1		1	2	3	2	1	3	5	2	1	3	4	2	1	4	1	4	1	4	1	3	4	4	2	1	3	3	4	1	63	2	2	9	1	F	F	F	F	F	T	F	F			"Wissenschaftliche Dienstleistungen"	"15"		1	1	2	1	1	2	1	1	6	6	6	6	5	5	5	5	5	2	1	15	1	6	7	4	5	2	3	4	4	"Ich sehe wenig Hürden und mehr Möglichkeiten, allerdings habe ich keine Mittel für professionelle Schulungen"	"nein"	2	1	2	2	4	4	3	2	1	1	1	3	3	1	2	3	2	2	3	2	1	4	2	1	4	2	20	18	94	94	15	7	82	87	16	6	83	82	14	5	86	86	12	12	72	87	9	99	96	47	21	96	96	7	10	87	86	26	9	58	57	39	11	86	85	34	78	12	13	79	10	83	58	21	86	32	13	77	101	5	5	97	36	77	11	11	97	96	19	56	85	16	34	85	84	83	35	4	2	1	4	2	1	2	4	1	1	1	"4"	"2"	"1"	"3"	"2"	"1"	14	19	14	20	31	8	19	3	25	3	12	4	69	50	64	51	65	7	38	48	7	41	37	63	57	26	67	89	35	70	141	12	9		6	1224		2026-05-11 17:56:10		T	F	35	35	0	0	1.02
512			"base"	"interview"	2026-05-11 18:02:35	2	1	3	1	4	1	3	1	1	1	4	2	4	4	1	3	1	2	2	4	5	2	5	4	4	2	4	3	4	2	4	3	4	5	4	2	4	5	4	4	4	2	3	3	4	4	2	5	5	5	5	4	3	3	5	1	4	5	2	5	3	2	2		1		1	1	1	5	3	1	5	1	4	4	5	1	2	5	1	5	1	5	4	3	3	5	5	1	1	5	5	1	26	2	2	6	1	F	F	F	T	F	F	F	F			"Logistik"	"38"		2	2	5	1	1	3	1	1	6	6	5	5	5	6	4	4	6	2	1	101	5	4	1	2	3	6	7	5	5	"Kosten und technischer Aufwand: Kleinere Unternehmen verfügen meist nicht über finanzielle Mittel, geeignete Infrastrukturen oder auch über die erforderliche Zeit um eine KI einzuführen.
Persöhnlich: trasnparente Entscheidungsprozesse (Diskriminierung etc.)  sind noch nicht in allen Bereichen deutlich geregelt."	"Nein. In meinem Job hängt 80% von menschlichen Entscheidungen, Einschätzungen, Verhandlungen etc. ab."	2	1	1	1	3	2	3	4	2	1	3	2	3	2	3	3	3	4	4	4	2	4	2	2	4	3	1	1	42	42	31	26	42	45	36	34	60	27	80	70	33	9	31	11	49	47	30	99	99	13	36	96	96	74	31	97	97	88	76	88	87	83	26	95	97	36	73	58	43	35	67	44	34	62	71	83	77	52	18	67	74	22	98	22	18	66	88	89	1	26	12	3	3	98	79	79	81	1	2	1	2	1	1	1	3	1	1	3	"4"	"2"	"3"	"1"	"2"	"1"	5	8	12	45	41	26	6	2	12	4	20	2	95	39	42	41	63	5	30	51	2	142	39	98	64	32	79	102	42	64	390	17	8		6	1634		2026-05-11 18:29:49		T	F	35	35	0	0	1.12
513			"base"	"interview"	2026-05-11 18:08:26	1	1	1	4	2	3	2	2	4	4	4	3	1	4	2	4	2	3	4	1	3	3	3	1	1	1	5	1	5	1	3	3	4	4	4	3	2	2	3	5	5	5	5	4	4	1	1	4	1	5	5	5	4	2	5	5	5	5	2	3	4	4	2		1		1	1	1	5	4	1	5	4	5	5	4	5	4	5	3	4	1	5	2	1	1	2	1	1	2	5	5	1	19	2	2	6	1	F	F	T	F	F	F	F	F		"Informatik"				7	3	9	9	3	9	3	4	6	6	6	5	6	5	3	1	6	1	1	101	3	7	6	1	5	2	4	3	5	"Viel mehr Kommilitonen benutzen KI, um Aufgaben zu lösen. Dadurch nimmt der Lerneffekt bei den meisten ab. Als Folge bestehen sie die Klausuren, aber haben kaum Wissen. Bezogen auf das berufliche Umfeld, nimmt KI eine sehr wichtige Rolle ein. Viele sagen mir, dass KI meinen Job als Informatiker übernehmen wird, was mir sehr Angst macht um meine Zukunft. In meinem Hiwi Job unterstützt mich aber KI sehr, sodass ich viel effizienter arbeiten kann. Zum Beispiel fasst es für mich wissenschaftliche Paper zusammen, damit ich nicht Zeit dafür aufbringen muss, diese zu lesen sondern diese Zeit für weitere Aufgaben zu verwenden."	"Gerade arbeite ich als Hiwi an einem Institut für Steuerungstechnik. Ich arbeite sowieso schon viel mit KI, deswegen kann ich mir sehr gut vorstellen, dass mein Arbeitsplatz durch KI ersetzt werden kann. Zu meinen Aufgaben gehört wissenschaftliche Paper zu lesen und die beschriebenen Konzepte meinem Betreuer zu schildern."	3	1	5	4	5	5	3	2	1	4	4	1	1	4	4	2	4	2	1	4	3	1	4	3	1	3	1	1	100	52	1	1	100	57	1	1	100	100	64	2	53	99	1	1	100	101	1	100	101	63	1	101	101	2	2	1	1	99	1	101	100	18	1	20	24	2	100	61	1	52	1	101	1	1	101	81	1	52	68	68	1	48	101	100	1	46	100	98	1	1	100	1	1	101	101	20	1	1	4	2	4	3	2	2	3	4	4	4	"1"	"2"	"3"	"4"	"2"	"1"	64	24	11	306	47	49	23	3	32	4	34	2	148	69	101	121	108	6	109	90	6	80	79	95	76	64	115	196	144	133	468	113	32		19	2536		2026-05-11 18:57:58		T	F	35	35	0	0	0.56
514			"base"	"interview"	2026-05-11 18:19:46	1	1	1	2	3	1	2	2	1	1	2	1	1	2	1	1	1	1	1	2	3	2	3	4	3	2	3	3	4	3	4	2	2	2	2	2	2	2	4	1	4	2	4	4	5	3	4	5	4	2	3	2	4	4	5	2	4	2	5	1	3	3	2		1		1	1	2	3	2	1	4	4	2	3	3	2	1	4	3	4	1	3	2	3	3	4	3	1	4	4	4	1	23	2	2	6	1	F	F	T	F	F	F	F	F		"Produktdesign"				1	3	2	1	1	4	2	3	4	5	5	5	5	5	4	4	5	3	1	76	1	6	7	5	3	4	2	2	4	"zwischenmenschliche beziehungen leiden darunter "	"etwas vllt aber nicht komplet eher als unterstützung"	1	1	1	2	1	5	4	3	2	1	2	2	4	1	2	4	1	2	3	3	1	4	2	1	4	2	36	36	63	64	34	34	68	63	33	33	75	68	25	26	71	66	35	33	68	66	25	69	77	62	25	75	79	65	32	71	79	61	32	81	77	64	27	77	83	73	68	66	63	58	35	73	36	48	73	79	60	49	76	70	62	55	63	67	61	58	77	76	27	32	62	23	27	66	73	33	37	9	1	1	2	2	1	1	2	1	2	1	"4"	"3"	"1"	"2"	"2"	"1"	3	14	11	22	65	8	19	4	24	3	36	3	107	72	83	137	96	10	61	82	5	72	39	79	92	59	98	119	61	77	143	56	21		4	1785		2026-05-11 18:49:31		T	F	35	35	0	0	0.83
515			"base"	"interview"	2026-05-11 18:35:12																																																																																																																																			2																																																																																																																															13	8																																		21		2026-05-11 18:35:33	"screenout"	T	F	2	2	0	0	1.32
516			"base"	"interview"	2026-05-11 18:50:22	3	2	3	3	3	4	2	3	3	3	2	3	2	3	1	3	1	2	3	2	2	2	2	4	3	3	3	2	4	3	4	3	3	3	3	2	4	3	4	3	3	4	5	4	3	2	4	4	4	3	3	4	3	3	5	3	3	4	4	3	2	2	2		1		1	2	2	5	2	3	2	2	4	4	3	2	1	3	4	4	1	3	4	3	4	4	4	2	2	3	4	1	27	2	2	8	1	F	F	F	T	F	F	F	F			"Wissenschaftliche Forschung"	"30"		4	3	6	5	3	7	6	3	5	5	4	4	2	5	4	4	5	3	1	73	3	7	1	2	4	5	6	3	3	"Ich sehe das Problem eher in der menschlichen Nutzung, da KI oftmals menschliches Denken ersetzt. Außerdem ist KI schlecht für die Umwelt. "	"Ja, ich denke schon. Natürlich ist KI irgendwo hilfreich, allerdings fangen dadurch Kollegen an, weniger selbst zu arbeiten und verlassen sich völlig auf KI"	4	2	1	3	1	2	3	3	2	1	2	2	3	2	3	3	2	3	3	3	2	3	4	2	2	3	33	34	72	57	12	21	84	75	20	35	77	70	17	22	80	80	23	30	80	65	27	72	72	60	14	92	93	69	26	77	81	71	17	89	79	68	22	83	85	65	52	69	70	50	15	88	85	17	73	72	34	44	87	40	45	72	42	70	53	40	88	79	21	42	71	18	33	75	74	91	65	11	2	1	2	2	2	1	3	2	1	2	"2"	"4"	"1"	"3"	"2"	"1"	12	31	9	20	36	6	6	2	25	1	15	1	57	55	43	47	39	4	31	31	3	31	23	49	38	26	41	64	25	44	174	19	5		2	1015		2026-05-11 19:07:17		T	F	35	35	0	0	1.44
517			"base"	"interview"	2026-05-11 18:58:43	3	1	2	4	2	3	1	1	3	2	2	3	1	2	1	3	1	3	1	1	2	2	2	4	3	4	4	4	2	4	2	2	2	2	2	3	4	4	5	2	4	2	4	1	4	2	4	4	5	2	4	4	5	1	5	2	4	4	5	1	4	4	2		1		1	1	3	5	5	2	4	3	4	4	4	2	2	4	5	4	1	4	5	1	4	4	1	2	4	3	5	1	44	2	2	7	1	F	F	F	F	F	T	F	F			"Übersetzen"	"40"		2	1	3	2	2	1	1	2	4	5	6	4	4	3	4	4	4	6	1	22	1	7	6	5	3	4	2	1	2	"KI ist oft fehlerhaft. Sie vesteht oft nicht, was sie tun soll. Ergebnisse entsprechen nicht den Erwartungen und müssen überprüft und verbessert werden."	"Ja, im Bereich Übersetzen werden schon heute Arbeitsplätze eingespart. Ich denke es ist wichtig flexibel zu sein."	1	1	1	1	2	5	2	2	2	3	3	2	3	4	4	2	3	4	2	3	3	2	3	4	3	3	31	12	74	74	82	97	9	8	61	67	31	31	75	36	56	28	17	16	82	87	4	88	89	4	91	101	101	55	48	86	89	7	66	98	101	12	11	88	87	9	79	18	18	79	1	101	101	1	57	39	52	40	29	59	62	31	80	19	17	81	93	101	6	12	94	101	20	92	101	22	32	6	2	1	4	3	1	2	4	1	1	2	"3"	"4"	"1"	"2"	"1"	"2"	9	6	5	12	33	4	7	2	18	5	13	3	143	100	52	51	46	6	80	40	6	121	41	52	98	26	398	159	36	40	316	19	5		2	1624		2026-05-11 19:31:19		T	F	35	35	0	0	1.17
518			"base"	"interview"	2026-05-11 19:02:17	1	1	1	1	1	1	1	1	1	1	1	1	1	1	1	1	1	1	2	1	3	1	1	1	4	1	4	4	4	4	4	3	3	3	4	1	5	5	2	3	5	2	5	5	5	1	4	4	1	4	5	5	5	5	5	2	5	4	5	1	5	4	2		1		1	2	5	4	4	4	5	4	4	3	5	1	1	4	1	5	1	5	3	5	5	5	5	1	3	5	5	1	23	2	2	8	2	F	F	T	T	F	F	F	F		"Humanmedizin"	"Gesundheit"	"7"		1	1	8	1	1	8	1	1	6	6	6	6	5	5	5	6	6	2	1	100	2	6	5	1	7	3	4	4	4	"Eine gewisse Skepsis, der Fakt, dass KI von Menschen trainiert wird und damit Menschen gemachte Vorurteile viel häufiger repliziert bzw. Menschen eben Fehler eher reflektieren, aber eine KI, die etwas falsches gelernt hat, kann ja nicht reflektieren"	"Nein, KI wird auf jeden Fall eine Rolle spielen, aber vollautomatisierte KI in der Medizin sehe ich nicht als realistisch"	1	1	2	4	1	5	4	2	1	1	2	3	4	1	4	4	1	2	3	4	1	4	2	2	4	1	7	1	97	97	60	79	40	33	21	28	99	92	34	2	89	89	7	2	86	86	1	100	100	69	78	89	87	24	1	99	101	48	14	96	97	17	13	82	81	29	101	75	20	71	17	94	73	1	101	33	8	67	56	95	15	48	40	54	5	80	101	101	1	1	101	3	71	91	100	66	27	3	3	3	4	4	1	2	3	1	1	1	"2"	"4"	"1"	"3"	"2"	"1"	552	27	8	28	37	16	22	3	16	2	10	2	50	57	90	51	67	5	35	63	7	32	25	57	51	27	47	64	34	66	140	11	9		4	1173		2026-05-11 19:30:52		T	F	35	35	0	0	1.08
519			"base"	"interview"	2026-05-11 19:08:55	2	2	2	3	2	3	2	4	2	2	2	2	2	3	1	2	3	3	3	1	1	3	3	3	3	3	3	2	2	2	4	1	1	1	1	1	1	3	2	2	3	3	5	5	3	3	3	5	1	2	3	4	5	4	5	2	3	3	5	1	5	3	2		1		1	2	5	3	5	3	5	5	5	3	5	5	3	5	5	5	1	5	5	5	5	5	5	3	3	5	5	1	36	2	2	8	1	F	F	F	F	F	F	T	F					"IT Forschung"	5	2	3	3	2	3	4	3	4	3	3	3	3	4	3	3	3	3	1	57	1	7	6	4	3	2	5	3	3	"gesellschaftspolitisch: dass es immer mehr Arbeitsplätze obsolet macht"	"ich bin wegen KI gekündigt worden"	2	2	3	2	3	4	4	3	2	4	2	3	3	4	2	2	2	2	3	3	4	3	2	2	2	2	99	16	37	54	1	1	45	44	1	1	33	34	2	1	53	52	3	1	70	71	67	67	81	51	44	100	101	53	1	26	27	27	51	51	51	51	55	55	54	55	99	77	77	31	1	101	2	2	83	82	46	64	100	16	17	84	100	1	2	50	61	101	61	61	100	30	40	53	52	98	73	1	2	2	2	2	2	2	2	2	2	2	"2"	"3"	"4"	"1"	"2"	"1"	2	5	13	28	20	6	9	2	10	1	11	2	99	52	51	44	67	6	50	49	24	49	38	57	42	33	52	56	35	83	74	13	8		2	1093		2026-05-11 19:27:08		T	F	35	35	0	0	1.35
520			"base"	"interview"	2026-05-11 19:10:26	2	2	2	2	2	2	2	3	1	2	1	2	3	2	2	3	1	2	2	1	4	3	2	2	2	2	4	2	4	3	4	2	2	2	2	4	2	3	4	3	4	3	5	5	4	3	4	5	3	4	4	4	4	3	5	3	4	3	5	1	3	3	2		1		1	1	3	5	4	3	4	5	4	3	4	4	2	4	2	5	1	5	3	3	4	5	3	2	3	4	4	1	26	2	2	8	1	F	F	F	T	F	F	F	F			"Gesundheitswesen"	"35"		7	4	3	4	3	2	2	2	4	5	6	5	4	5	4	4	5	3	1	73	1	5	6	3	4	2	7	1	4	"da ich als zahnärztin arbeite sind automatisierungen nur peripher in meiner lebensrealität aber ich wäre unter gewissen bedingungen offen dafür"	"klares nein"	2	2	4	3	3	3	3	3	2	2	1	2	2	2	3	3	2	2	3	2	2	3	3	3	3	2	61	39	58	59	66	23	34	62	82	54	36	56	13	18	76	73	68	75	32	32	25	83	86	84	42	91	88	85	74	69	69	75	20	79	81	79	71	71	72	72	76	63	55	55	83	58	37	63	71	44	44	71	92	31	30	72	53	76	62	43	77	74	44	58	48	57	37	50	66	61	65	30	1	2	4	4	2	2	4	2	3	2	"2"	"3"	"1"	"4"	"1"	"2"	1	5	7	16	26	10	5	3	12	3	9	1	64	39	35	123	38	3	34	30	3	76	26	49	49	22	56	59	27	47	87	11	6		1	983		2026-05-11 19:26:49		T	F	35	35	0	0	1.62
521			"base"	"interview"	2026-05-11 19:22:35	1	1	1	1	1	1	1	3	1	2	1	2	1	1	1	3	1	1	2	2	2	2	2	2	4	2	4	2	4	2	4	3	4	3	3	2	4	4	4	2	4	2	4	4	4	4	2	4	3	4	4	4	4	4	5	4	4	4	4	2	5	3	2		1		1	2	2	2	4	1	2	3	5	5	2	1	5	2	4	3	1	4	5	2	4	2	4	4	1	2	2	1	36	2	2	5	1	F	F	F	T	F	F	F	F			"Produktion/Fertigung"	"31"		3	2	2	2	2	3	3	2	5	5	5	3	2	5	4	3	5	2	1	92	1	7	6	5	3	4	2	2	4	"Ich arbeite viel mit den Händen. Außerdem sind meine Aufgaben so speziell und ungreifbar, dass sie sich kaum durch KI vereinfachen lassen würden."	"Nein."	1	1	1	1	2	3	3	1	2	1	2	3	2	1	3	3	2	2	3	3	1	3	3	2	3	2	25	7	84	91	9	2	65	71	29	14	74	88	89	79	72	79	93	79	22	9	7	92	84	41	17	42	94	36	8	67	67	43	34	17	17	8	71	8	16	15	91	44	29	80	6	94	82	3	86	76	34	59	41	67	61	10	61	75	37	39	77	92	40	61	92	8	38	90	91	94	74	3	3	3	4	4	2	1	3	2	2	3	"1"	"2"	"3"	"4"	"1"	"2"	67	29	9	20	38	20	20	2	11	1	19	2	102	113	74	91	58	6	57	47	5	60	45	57	66	33	76	97	44	83	176	43	40		3	1557		2026-05-11 19:49:29		T	F	35	35	0	0	0.91
522			"base"	"interview"	2026-05-11 19:40:23	2	1	4	1	4	2	2	1	1	1	1	1	2	3	4	1	2	3	4	2	5	2	3	1	1	1	5	3	3	3	3	2	2	3	3	5	4	3	4	2	5	3	5	5	4	2	3	5	5	5	5	4	5	4	5	1	5	4	4	2	6	7	2		1	"Vielen Dank "	1	1	5	4	3	1	4	3	2	4	1	4	5	5	5	5	1	3	1	3	1	4	2	1	2	5	5	1	20	1	1	6	1	F	T	F	F	F	F	F	F	"Gesundheit system"					1	5	7	1	1	7	1	1	6	5	5	6	6	6	6	5	6	3	1	64	1	7	6	5	2	4	3	5	3	"Das sie in in meinem Arbeitsumfeld nicht immer sympatisch erscheinnen könnne und nicht alle mögliche Domönes von Menshcne berpcksichtigen können. Sie funktionieren nur laut vorherigen Mustern und sind unvobreitet für neue Fälle "	"Teils. Es wurde neulich eine System für Wundmanger vorgestellt. Frpher war so dass zuständige person je nach dem Zustand der Wunde angegebene Verbände auswählen und verbindne sollte, aber laut neues System wird alle Wähle durch KI ausgewählt. Das verhindert meinen Spielraum als krankenpfleger und Wundmanger"	5	2	2	4	1	5	4	2	4	1	2	2	2	4	4	4	1	1	4	3	1	4	4	4	3	3	9	11	81	81	8	7	89	89	8	47	91	92	8	6	98	96	1	61	97	96	54	88	86	32	6	101	85	11	7	101	101	12	11	86	86	12	1	101	101	7	75	74	64	20	16	87	15	11	29	63	81	11	83	14	14	82	101	2	2	45	14	93	97	76	101	2	1	95	101	101	84	9	3	1	4	4	2	2	4	1	3	1	"2"	"3"	"1"	"4"	"1"	"2"	9	7	75	29	26	3	29	5	16	5	129	4	93	840	69	105	65	8	83	54	9	51	60	92	89	40	99	91	47	87	219	12	16		2	1615		2026-05-11 20:23:12		T	F	35	35	0	0	0.86
523			"base"	"interview"	2026-05-11 19:42:33	1	1	1	3	2	1	1	2	1	1	3	1	1	2	1	2	1	1	2	3	4	1	3	1	1	1	3	4	2	3	2	3	4	4	4	3	4	2	2	4	5	2	3	4	4	5	5	2	1	3	2	2	1	3	5	3	4	2	3	1	5	3	2		1		1	2	2	4	1	2	3	5	3	4	5	1	1	3	2	4	1	3	3	1	3	3	1	1	2	2	4	1	23	2	2	6	1	F	F	T	F	F	F	F	F		"Humanmedizin"				2	1	2	1	1	3	2	2	6	6	6	6	6	6	6	6	6	1	1	73	1	7	5	3	6	4	2	2	4	"Fehlererkennung, Datenschutz, Bequemlichkeit"	"Eher nicht, könnte aber die gesellschaftliche Bedeutung verringern"	1	1	1	1	1	3	3	2	1	1	1	3	3	1	1	4	1	1	4	1	1	4	1	3	3	1	1	2	47	68	8	1	24	65	1	2	62	75	1	3	78	90	1	2	95	95	1	100	100	81	1	101	99	50	1	100	101	82	1	100	100	72	1	101	100	85	100	25	22	59	24	78	8	8	78	56	1	53	90	1	1	80	100	15	1	50	101	101	1	12	74	1	18	100	100	32	10	1	2	1	4	3	2	2	4	2	2	3	"2"	"4"	"1"	"3"	"2"	"1"	10	35	7	17	23	18	5	2	10	2	10	2	53	63	102	68	48	3	24	34	5	61	32	169	43	37	50	77	30	46	141	28	200		12	1278		2026-05-11 20:07:00		T	F	35	35	0	0	1.17
524			"base"	"interview"	2026-05-11 19:47:54	2	2	2	2	3	2	2	1	1	2	2	2	2	2	1	1	1	2	1	2	5	2	4	1	1	1	2	4	1	4	1	5	5	5	5	5	1	1	2	1	5	2	5	5	5	1	1	5	1	1	5	4	4	5	5	1	4	1	5	1	5	4	2		1	"Danke, interessante Studie!"	1	2	5	3	4	1	5	4	3	5	5	3	2	5	1	5	1	5	3	5	5	5	5	1	1	5	5	1	42	2	2	8	1	F	F	F	T	F	F	F	F			"Informationstechnologie"	"40"		1	1	5	4	1	5	7	1	6	5	5	5	6	6	5	5	6	5	1	88	6	5	7	1	3	4	2	5	5	"Unwissenheit der Menschen, wie man KI effizient und positiv nutzen kann. Angst vor KI, anstatt KI gut zu lernen (Prompts)."	"Nein. Ich bin eine Fuehrungskraft - da ist der Bedarf am menschlichen Skillset enorm. KI kann mich nicht ersetzen. KI kann mir viel bei der Arbeit helfen!"	2	1	1	1	3	5	2	2	1	1	1	3	2	2	3	3	1	2	3	3	1	4	1	3	3	2	2	1	67	68	1	1	89	101	1	2	101	101	1	1	90	96	1	1	86	82	1	101	101	58	1	100	100	92	1	101	101	91	1	101	101	81	1	101	101	56	82	17	2	85	101	1	1	85	101	3	1	89	101	1	1	101	94	9	36	76	101	83	12	15	101	1	100	100	101	99	39	1	2	1	3	4	1	1	4	1	2	1	"2"	"3"	"1"	"4"	"2"	"1"	9	6	6	32	29	9	5	2	7	1	12	1	69	41	56	58	49	6	31	30	2	49	33	68	73	31	68	76	31	64	189	9	15		2	1169		2026-05-11 20:07:23		T	F	35	35	0	0	1.42
525			"base"	"interview"	2026-05-11 19:56:54	2	3	2	4	3	2	2	4	1	4	3	3	2	2	1	2	3	2	1	2	1	1	2	3	2	3	5	1	4	1	4	2	2	2	3	1	3	5	5	3	5	5	3	2	1	1	1	5	4	5	3	5	4	4	5	3	2	3	5	1	2	3	2		1		1	2	2	2	3	2	4	2	3	4	4	5	4	5	5	4	1	2	2	1	1	3	4	3	2	2	3	1	22	2	2	6	1	F	F	T	F	F	F	F	F		"6931cf15871aed794633afd8"				9	9	7	6	7	7	9	6	3	4	4	3	4	5	5	3	3	5	1	72	3	7	6	4	2	5	1	4	2	"man kann der ki nur begrenzt trauen"	"ja"	2	1	5	5	1	4	2	3	3	3	2	2	2	3	4	2	4	3	1	4	2	3	4	3	1	4	18	6	63	65	18	25	35	23	19	13	51	34	48	81	22	21	16	13	44	56	1	80	78	80	1	33	46	47	2	70	78	33	1	12	10	3	2	60	61	67	55	38	55	73	67	28	48	49	62	55	35	36	10	65	68	12	64	26	42	58	3	50	2	1	101	1	16	57	81	94	73	3	4	4	4	4	4	4	4	4	4	4	"3"	"2"	"4"	"1"	"1"	"2"	3	11	9	25	33	43	88	2	31	2	26	1	158	107	49	55	92	8	53	42	8	39	24	63	45	24	52	56	19	56	61	10	7		2	1228		2026-05-11 20:18:38		T	F	35	35	0	0	1.22
526			"base"	"interview"	2026-05-11 19:58:16	1	1	1	3	1	1	1	3	1	1	2	2	1	1	1	2	1	1	1	1	5	4	4	1	2	2	4	3	3	3	4	3	4	4	3	2	2	3	3	2	4	3	2	2	3	4	3	2	2	3	4	2	5	4	2	3	4	3	3	5	5	3	2		1	"nein"	1	2	3	4	4	4	5	5	2	2	3	4	2	4	2	4	5	4	3	2	4	4	3	1	3	4	4	1	25	2	2	7	1	F	F	F	T	F	F	F	F			"Logistik"	"40"		1	2	3	2	3	4	3	1	6	5	5	5	3	4	5	4	4	3	1	74	5	3	6	1	2	7	4	4	5	"Zu wenig Wissen, keine Awareness geschafft, nicht im Umgang geschult"	"Ja"	1	1	2	1	2	3	2	3	2	2	3	2	3	1	3	3	2	2	3	3	2	3	3	2	2	3	55	25	69	63	37	58	57	33	51	30	61	69	31	41	50	49	44	50	50	47	31	37	56	51	55	53	65	35	40	59	51	29	50	50	44	39	39	73	82	24	70	28	13	61	59	38	31	50	45	47	58	36	48	46	53	38	58	42	51	43	67	29	26	28	33	31	65	63	62	61	24	15	3	2	3	3	2	1	2	3	2	2	"1"	"3"	"2"	"4"	"2"	"1"	10	7	7	21	19	6	8	2	12	1	9	1	40	40	35	16	32	3	17	26	7	28	28	53	48	29	45	72	42	56	83	11	8		3	825		2026-05-11 20:12:02		T	F	35	35	0	0	1.63
527			"base"	"interview"	2026-05-11 20:00:51	3	1	1	3	3	1	4	2	1	2	4	1	1	2	3	1	1	3	4	1	1	1	1	5	5	5	4	4	3	4	4	1	1	1	1	2	4	5	4	2	4	2	4	5	5	3	2	2	3	3	3	4	5	4	5	4	5	3	5	1	3	2	2		1		1	1	5	4	3	4	5	5	3	4	3	1	1	5	4	5	1	3	5	1	3	5	1	1	1	2	5	1	30	2	2	7	1	F	F	F	T	F	F	F	F			"Erziehung"	"33"		5	2	6	5	2	8	6	1	6	5	4	5	4	4	4	5	5	5	1	101	1	7	6	5	3	4	2	1	1	"KI kann keine Kinder betreuen, ihnen Wärme und Geborgenheit geben, die sie brauchen. Es würde der KI schwer fallen, Kinder mit sprachlichen Störungen oder ""eigenen Worten"" zu verstehen. Kinder sind so individuell, sodass die KI gar nicht auf sie eingehen könnte."	"Nein. Meiner Meinung nach flacht diese ""KI Welle"" langsam wieder ab und das ist auch gut so. "	2	1	1	3	2	5	4	4	1	1	4	1	3	2	2	4	1	3	2	3	1	4	3	1	2	3	81	101	51	16	19	71	46	40	86	101	22	16	76	101	20	11	50	101	12	9	52	101	101	16	50	101	101	17	48	101	101	15	52	100	101	11	50	101	101	18	21	101	82	1	1	101	101	1	48	101	69	1	21	101	73	2	1	101	77	1	63	101	1	52	82	1	11	101	101	95	75	1	2	1	4	4	1	2	4	1	1	1	"4"	"1"	"2"	"3"	"1"	"2"	13	29	6	11	31	40	6	2	12	2	23	2	71	55	65	38	40	4	44	41	4	34	32	66	62	37	83	114	40	50	211	16	76		4	1299		2026-05-11 20:23:35		T	F	35	35	0	0	1.11
528			"base"	"interview"	2026-05-11 20:04:18	1	1	1	1	1	1	1	1	1	2	1	2	1	1	2	1	1	1	1	1	5	5	5	3	3	2	3	5	2	4	5	4	3	3	3	4	2	2	1	1	5	1	5	4	4	1	3	4	1	2	5	3	5	5	5	1	5	1	5	1	4	5	2		1	"Keine. Danke."	1	2	5	1	2	1	4	2	3	3	5	1	1	4	1	5	1	5	2	3	5	3	5	1	1	4	5	1	44	2	2	8	1	F	F	F	F	F	T	F	F			"Übersetzung"	"15"		1	5	4	1	1	1	1	1	6	6	6	6	6	6	6	6	6	2	1	87	1	7	6	4	5	2	3	2	5	"Dass die KI noch nicht 100 prozentig bereit ist, d.h. noch sehr viele Lücken beweist, ist zum Teil problematisch. Ich nutze sie täglich bei der Arbeit, obwohl es mir teilweise auch Arbeit bereitet, die durch die KI-gegebenen Angaben zu überprüfen. Datenversammlung und Privatsphäre wären aus privaten Gründen problematisch. Es kann sehr viel über Metadata dann weitergenutzt werden (Politik usw.)"	"Ein bisschen, aber zurzeit hilft mir die KI bei der Arbeit mehr, als sie sie beeinträchtigt. Obwohl Deutsch meine Muttersprache ist, könnte ich ohne KI nicht ins Deutsche übersetzen, was ich dank der KI aktuell machen kann."	1	1	1	2	2	5	4	1	1	1	1	3	3	3	2	4	1	1	4	2	1	4	1	2	4	1	2	2	99	99	1	1	101	101	9	12	61	78	34	11	100	101	60	49	59	59	1	95	98	59	2	101	101	92	1	98	100	52	1	101	88	87	29	58	100	38	101	52	58	82	80	61	31	74	81	73	67	69	101	50	21	91	57	65	39	58	101	101	1	1	101	1	2	101	101	101	18	1	2	2	3	2	1	1	2	1	2	1	"3"	"1"	"4"	"2"	"2"	"1"	60	133	42	32	56	70	39	3	19	3	54	3	274	104	268	196	147	13	155	68	10	62	47	139	64	39	80	253	56	79	347	39	34		14	2884		2026-05-11 20:54:20		T	F	35	35	0	0	0.52
529			"base"	"interview"	2026-05-11 20:04:25	4	3	3	1	3	2	3	2	3	3	4	3	2	4	3	3	3	3	3	3	3	5	3	5	3	3	3	4	3	5	5	4	3	3	2	4	4	4	1	2	4	3	4	3	4	4	4	3	2	4	4	4	4	4	5	3	4	3	5	2	5	5	2		1		1	2	4	3	4	4	4	4	4	3	5	3	4	3	4	4	1	3	3	4	3	3	2	4	3	2	4	1	45	2	2	5	1	F	F	F	T	F	F	F	F			"Service"	"20"		5	6	4	4	5	6	4	2	5	5	5	4	5	5	4	3	6	4	1	47	2	7	4	3	1	5	6	4	3	"Aufklärung und der Umgang mit dieser"	"ja sewhe ich in meinem Sektor (Rechnungsstellung)"	3	3	4	4	3	2	3	2	4	3	4	3	3	3	4	3	3	2	3	4	2	3	3	3	2	3	48	50	60	58	51	74	66	67	53	64	62	57	81	72	61	83	36	30	69	72	38	83	81	60	37	58	63	45	64	38	69	56	72	62	81	81	66	63	60	64	80	47	71	70	64	48	66	70	62	40	59	57	67	54	73	51	71	66	65	62	43	56	46	27	68	55	38	64	48	77	71	56	3	3	4	4	3	3	4	3	3	2	"4"	"2"	"3"	"1"	"1"	"2"	22	22	55	40	44	57	21	3	14	2	20	2	53	22	47	28	52	5	28	16	3	33	23	67	35	22	38	43	14	40	106	11	7		2	997		2026-05-11 20:21:02		T	F	35	35	0	0	1.4
530			"base"	"interview"	2026-05-11 20:14:43	2	2	1	3	3	2	3	2	1	3	1	3	1	1	1	2	1	1	2	3	4	4	4	2	2	1	5	2	4	1	4	4	4	4	3	3	4	4	4	1	4	4	5	4	3	3	4	5	3	5	3	5	5	1	5	4	4	4	5	1	3	3	2		1		1	2	1	5	5	3	3	4	4	5	3	3	3	3	4	4	1	4	4	4	5	4	2	4	5	5	4	1	33	2	2	6	1	F	F	F	T	F	F	F	F			"Finanzen "	"39"		4	3	5	4	3	5	5	6	5	6	5	5	4	4	3	4	4	2	1	31	6	5	7	3	1	4	2	4	4	"Die Akzeptanz von neuen unbekannten Dingen, Misstrauen "	"Ja, teilweise "	1	1	1	1	1	4	2	3	2	2	2	1	2	3	3	2	4	3	2	3	3	2	2	2	2	2	33	14	24	68	7	7	25	40	60	17	56	32	13	17	49	84	23	10	9	84	20	73	76	52	34	68	94	26	62	46	51	23	14	75	55	52	23	86	81	58	85	50	12	71	45	68	29	72	55	53	71	44	95	27	12	81	92	80	16	86	75	90	11	11	96	10	65	34	80	86	16	7	2	2	3	3	2	3	4	2	2	2	"2"	"3"	"4"	"1"	"1"	"2"	5	21	6	29	27	12	16	3	12	2	15	2	81	77	77	55	70	2	49	51	2	57	34	99	80	56	69	102	59	74	119	16	10		2	1391		2026-05-11 20:37:54		T	F	35	35	0	0	1.13
531			"base"	"interview"	2026-05-11 20:20:26	1	1	1	1	1	2	3	2	1	1	4	2	1	4	4	1	1	2	1	1	4	4	4	1	1	1	2	2	5	1	5	3	4	4	4	3	3	3	1	2	5	3	5	5	1	1	4	5	1	5	5	5	5	5	5	4	5	3	5	1	6	6	2		1	"Das war klasse und interessant, vielen Dank und sehr gerne wieder. Alles Gute"	1	2	3	4	4	4	5	5	3	3	4	4	2	5	2	5	1	5	5	4	5	5	5	2	5	5	5	1	48	2	2	5	1	F	F	F	T	F	F	F	F			"Praxismanagement Chirurgie"	"45"		6	1	9	1	1	9	9	1	6	6	6	6	6	6	6	5	6	1	1	101	7	3	2	1	5	4	6	5	5	"Ich sehe die Schwierigkeit darin, dass teilweise zuviel kI genutzt werden könnte, und die Menschen verlernen könnten, ihr Gehrin selber zu benutze. Gerade die jüngeren Menschen neigen dazu nur noch KI zu benutzen, sie wachsen damit aus. Das kann für die Zukunft sehr nachtsilhaft sein meiner Meinung nach."	"Nein, gar nicht. Bei uns muss und soll immer noch viel selber gemacht und erarbeitet werden "	5	3	5	4	4	5	3	2	2	2	1	2	3	2	2	3	3	1	3	3	2	3	3	3	2	2	3	3	101	88	1	1	90	92	1	1	94	98	1	3	90	90	1	14	96	98	1	89	90	90	1	101	101	101	1	101	101	101	2	100	98	97	1	99	100	100	101	10	9	51	7	101	92	1	96	6	43	58	96	14	7	62	92	41	32	41	100	97	77	101	2	8	1	101	38	6	4	1	2	1	4	4	1	1	4	1	1	2	"1"	"2"	"4"	"3"	"2"	"1"	10	49	12	23	30	25	27	3	11	2	15	2	68	85	67	57	77	7	71	59	6	46	30	56	68	32	54	73	33	70	171	15	35		5	1394		2026-05-11 20:43:40		T	F	35	35	0	0	0.94
532			"base"	"interview"	2026-05-11 20:25:20	4	3	1	2	2	2	4	1	1	3	4	2	3	2	1	1	4	4	1	2	3	2	3	2	2	2	4	4	2	3	4	3	4	3	3	2	3	4	2	3	4	2	4	4	4	4	3	3	2	2	3	3	4	4	5	4	4	3	3	3	3	2	2		1		2	2	4	5	5	2	4	3	3	3	4	2	2	3	4	4	1	4	5	3	3	3	4	2	2	4	4	1	24	2	2	6	1	F	F	T	F	F	F	F	F		"Physician Assistant"				3	3	2	2	2	2	2	1	5	5	5	4	3	5	4	5	5	4	1	100	2	6	3	1	4	5	7	3	4	"erkennen ob die Aussagen von KI wirlich wahr sind"	"nein"	1	2	3	1	3	4	3	2	1	1	2	3	3	2	2	4	2	2	3	2	2	4	3	2	3	2	70	29	61	54	35	52	66	66	58	44	67	68	69	27	54	66	56	33	65	75	52	51	67	50	50	64	75	49	52	51	71	53	52	52	79	51	51	63	72	62	76	27	27	52	28	64	20	47	75	47	36	55	85	32	18	68	68	44	26	39	72	76	45	43	71	21	35	65	78	52	36	27	3	2	4	3	2	1	3	2	2	2	"2"	"3"	"1"	"4"	"2"	"1"	18	14	7	20	43	19	6	8	9	2	12	2	169	47	284	60	47	7	41	63	5	36	28	84	65	33	58	78	45	50	79	25	11		3	1478		2026-05-11 20:49:59		T	F	35	35	0	0	1.06
533			"base"	"interview"	2026-05-11 20:30:11	3	3	2	3	3	2	2	2	1	1	3	3	2	2	1	3	3	3	1	1	3	3	3	2	2	2	3	4	2	3	4	3	2	3	3	1	5	3	3	2	5	2	5	5	5	2	3	3	2	1	5	5	5	5	5	5	5	4	5	1	5	4	2		1		1	2	3	3	2	1	5	2	3	4	4	1	3	4	1	5	1	5	3	4	5	5	4	3	1	5	5	1	34	2	2	7	1	F	F	F	T	F	F	F	F			"Medien"	"45"		1	1	7	1	1	8	1	1	4	4	5	5	4	4	4	3	3	3	1	101	1	6	5	2	3	4	7	3	4	"Als Hürden sehe ich defintiv, dass nicht immer gewährleistet ist, ob seriöse Quellen zu Grunde liegen oder ob es sich bspw. um Fake News handelt. Darüber hinaus ist KI zwar für einfache Probleme nützlich, sobald es komplizierter wird, erreicht man oft nicht das gewünschte Ergebnis. "	"Nein, da es immer die menschliche Komponente braucht, sonst wird alles KI-generierte zu einem ""Einheitsbrei""."	1	1	1	3	1	5	3	2	2	1	2	1	3	1	2	4	2	2	4	2	2	4	2	2	3	2	15	1	88	101	47	40	67	68	25	24	78	74	3	21	78	93	8	38	92	98	1	100	99	51	57	101	101	82	41	99	100	38	4	101	100	60	2	101	99	54	100	23	8	53	22	87	51	37	65	64	63	42	100	62	24	52	41	78	16	16	99	99	11	9	1	1	2	98	99	64	31	2	3	3	4	3	2	1	4	2	2	2	"2"	"4"	"3"	"1"	"1"	"2"	12	9	33	15	108	36	9	2	11	2	10	2	72	82	77	66	76	11	53	52	7	53	37	71	74	32	78	86	45	73	216	22	8		4	1544		2026-05-11 20:55:55		T	F	35	35	0	0	0.96
534			"base"	"interview"	2026-05-11 20:32:59	2	1	3	1	4	3	3	3	1	4	2	2	1	2	2	3	2	3	2	3	2	2	2	4	3	4	4	2	4	2	4	3	2	3	3	2	4	4	4	2	3	4	3	2	2	3	1	4	2	3	3	5	3	2	5	2	3	5	4	1	3	3	2		1		1	2	1	4	3	1	3	4	5	5	1	1	4	1	4	3	1	3	4	1	3	2	1	4	2	2	1	1	26	2	2	8	1	F	F	F	T	F	F	F	F			"Marketing"	"40"		5	3	6	7	4	6	7	3	3	3	4	4	3	4	3	3	3	4	1	34	2	7	5	3	6	4	1	3	3	"KI gibt teilweise falsche Ratschläge und tut so, als ob sie korrekt wären, bis man ihr das Gegenteil beweist und selbst dann sieht sie den Fehler oft nicht ein. Man neigt dazu, sich auf KI zu verlassen, aber derzeit ist dies einfach noch nicht bedenkenlos möglich. Zudem wirft KI natürlich auch moralische und ethische Fragen auf, birgt bislang unbekannte Risiken in Richtung Deep Fakes und Co. "	"Mein Arbeitsplatz wird sich bestimmt verändern, da Routineaufgaben wie z.B. Texte schreiben oder Grafiken erstellen einfach durch KI ersetzt werden können. Bis das der Fall ist, werde ich jedoch schon mehrere Jahre Berufserfahrung haben und hoffentlich nicht in einen Bereich fallen, der durch KI ersetzt werden kann. Für Berufseinsteiger in meinem Bereich sieht die Lage jedoch sehr kritisch aus."	2	2	2	1	2	3	2	3	2	3	3	2	2	3	4	2	3	3	2	2	3	3	3	4	2	3	63	23	74	32	42	64	52	49	31	22	61	59	71	30	38	52	36	41	51	63	24	51	69	55	20	57	91	48	19	39	62	56	36	62	62	56	31	43	50	49	32	36	34	62	14	78	28	36	89	19	15	73	43	61	38	51	32	69	38	44	81	75	74	50	69	9	64	59	76	70	47	3	3	3	4	3	3	2	3	3	3	3	"4"	"1"	"3"	"2"	"2"	"1"	8	8	7	15	18	22	6	2	10	2	6	2	67	44	54	49	40	6	60	39	5	41	22	63	58	29	69	69	30	49	201	17	130		67	1132		2026-05-11 20:54:54		T	F	35	35	0	0	1.24
535			"base"	"interview"	2026-05-11 20:45:58	3	4	2	2	1	1	1	1	1	1	2	1	1	1	1	1	1	1	1	1	3	3	3	1	1	1	5	1	5	1	5	5	5	5	5	1	5	3	2	1	4	4	5	5	1	3	5	5	1	5	3	5	5	5	5	3	4	4	3	1	2	1	2		1		1	2	3	3	3	4	3	1	1	2	5	1	1	5	3	5	1	5	3	1	3	5	1	1	1	5	5	1	25	2	2	4	2	T	F	F	T	F	F	F	F			"Gesundheitswesen"	"38"		1	9	5	1	1	1	1	1	6	6	6	6	4	5	6	6	6	1	1	23	2	7	6	4	1	5	3	5	4	"Im Gesundheitswesen arbeitet man häufig mit alten und kranken menschen die sich nicht auf technik verlassen oder es nicht verstehen, es gibt wenig luft für automatisierung wenn jeder mensch verschiedene bedürfnisse hat auf die man eingehen muss"	"Nein"	1	1	1	1	1	5	3	3	1	2	1	3	3	2	4	3	2	2	1	2	1	3	4	3	2	2	1	1	101	101	1	1	101	101	1	1	101	73	1	1	101	101	1	1	101	101	1	101	101	54	1	101	101	52	1	101	101	101	1	101	101	51	1	101	101	101	101	19	1	79	101	1	1	101	101	101	1	37	101	50	1	96	101	51	1	52	101	101	1	1	101	7	1	101	101	50	49	2	3	4	4	4	1	1	2	2	2	3	"3"	"4"	"2"	"1"	"1"	"2"	19	47	8	27	30	7	8	3	10	3	21	2	154	71	108	49	89	12	55	55	7	40	60	89	64	64	57	89	41	55	138	12	7		3	1504		2026-05-11 21:11:02		T	F	35	35	0	0	0.97
536			"base"	"interview"	2026-05-11 20:47:02	1	1	2	3	2	2	2	4	3	1	3	3	1	4	1	3	2	2	1	1	3	2	4	1	1	1	4	3	3	3	2	4	3	3	4	3	3	2	4	2	5	5	3	4	3	2	1	4	2	3	5	5	5	2	5	3	4	5	4	2	5	3	2		1		1	2	2	2	3	1	4	3	4	5	3	1	4	3	4	4	1	2	3	1	2	3	1	3	1	4	4	1	29	2	2	6	1	F	F	F	T	F	F	F	F			"Sekretariat eines Krankenhauses"	"10"		5	3	6	6	2	5	2	2	2	3	3	4	3	3	1	2	4	4	1	14	1	7	6	5	3	4	2	2	3	"Vor allem die Unerfahrenheit vieler Leute mit technischen Neuerungen. Aber auch, dass die Menschen in ihren Arbeitsstrukturen so festgefahren sind, dass Neuerungen eher erst mal für Verwirrung und Unmut sorgen."	"Ich kann mir gut vorstellen, dass Automatisierung und Digitalisierung meinen Arbeitsplatz irgendwann obsolet machen könnten. Ich verschicke vor allem Briefe, gebe diese im System frei und sorge für Vollständigkeit von Akten. Wenn diese Dinge irgendwann nicht mehr auf Papier stattfinden werden, ist mein Job nicht mehr nötig."	2	2	1	1	2	5	2	3	2	2	1	2	2	3	3	2	2	4	2	3	3	2	4	4	2	3	50	19	81	72	24	4	75	67	58	6	76	65	27	3	93	82	23	1	93	83	10	90	91	77	10	95	97	72	9	84	85	87	9	94	96	94	3	95	97	74	80	58	16	70	38	96	14	29	74	57	8	63	97	7	4	85	93	34	3	83	87	95	16	62	94	11	20	92	89	64	38	1	2	2	3	2	2	2	3	1	2	2	"3"	"1"	"2"	"4"	"1"	"2"	3	6	5	12	22	16	6	2	19	1	12	1	111	46	63	42	42	12	44	38	5	41	31	52	51	29	64	84	38	64	260	24	5		2	1253		2026-05-11 21:07:55		T	F	35	35	0	0	1.38
537			"base"	"interview"	2026-05-11 20:47:57	1	2	3	3	3	3	3	3	1	2	3	3	3	3	3	3	2	2	3	2	5	5	5	2	2	2	5	2	2	1	3	4	4	3	3	2	4	4	1	1	5	3	4	4	3	1	5	5	3	4	5	3	4	4	5	2	5	2	3	2	6	4	2		1	"Danke, sehr interessantes Thema welches uns noch eine Weile beschäftigen wird."	1	1	1	2	4	2	4	4	3	5	4	4	4	4	3	2	1	3	3	2	2	4	2	4	3	4	4	1	47	2	2	8	1	F	F	F	F	T	F	F	F			"öffentlicher Dienst Justiz"	"41"		1	5	2	2	2	4	3	1	6	6	6	5	5	6	5	6	6	4	1	79	1	2	5	3	7	4	6	4	5	"Schulungsrückstand der Beschäftigten und Widerstände Neues zu erlernen. Außerdem ethische Problematik bezüglich Entscheidungen oder Verdrängung von Jobs. 
"	"Nein, Behörden sind viel zu langsam, um sich mit sowas zu beschäftigen. Es wird ein sanfter Drift in diese Thematik sein und kein ""Rundumschlag"".
"	3	1	1	1	2	1	3	2	2	1	1	2	3	2	2	3	2	2	3	2	2	3	1	3	3	2	23	15	83	79	9	12	67	66	13	13	72	67	8	9	72	66	13	16	71	65	7	29	14	67	13	19	18	73	9	22	15	48	12	14	14	45	9	15	14	41	78	17	13	63	13	86	52	8	78	16	12	71	82	13	16	73	29	26	12	21	83	82	18	19	81	14	11	89	82	80	21	8	2	1	3	3	2	3	4	1	1	1	"2"	"1"	"4"	"3"	"1"	"2"	17	62	11	28	36	25	10	3	15	4	18	2	72	57	82	57	66	10	50	42	8	45	42	76	62	36	71	79	42	62	270	24	47		9	1540		2026-05-11 21:13:37		T	F	35	35	0	0	0.85
538			"base"	"interview"	2026-05-11 20:48:16	2	1	1	3	2	1	2	4	1	2	2	3	2	2	2	2	1	2	2	1	4	3	4	1	1	3	4	2	4	3	3	3	3	3	3	3	3	3	4	3	5	3	5	3	3	2	3	3	3	3	5	4	3	3	5	3	5	3	3	3	6	5	2		1		1	2	3	4	4	1	4	4	4	4	4	3	3	4	4	4	1	3	2	4	4	3	4	2	1	3	4	1	66	2	2	8	1	F	F	F	F	F	T	F	F			"Übersetzen/Dolmetschen"	"Variiert stark: 40"		1	3	1	1	1	2	2	1	5	5	5	5	4	4	5	4	4	2	1	87	1	7	6	5	3	4	2	4	4	"Ki-Lösungen wird gleich zu viel Vertrauen geschenkt, auch wenn Kontrolle noch absolut erforderlich ist."	"Absolut - das menschliche Übersetzen wird fast gänzlich durch Maschinenübersetzung ersetzt - dem Dolmetschen steht dies noch bevor."	1	1	1	1	1	1	2	2	2	1	1	2	3	2	2	2	1	2	3	2	1	3	2	2	3	1	28	32	54	74	6	22	48	63	3	38	78	79	7	6	70	71	2	16	69	84	3	64	68	64	4	63	63	65	2	71	69	70	1	65	67	70	2	74	75	73	46	63	12	12	12	68	5	6	70	51	5	26	50	60	12	12	76	43	4	21	98	97	49	48	96	48	2	101	98	78	21	2	2	1	3	2	1	2	2	1	1	2	"2"	"4"	"1"	"3"	"2"	"1"	19	49	12	34	61	21	9	3	46	3	27	4	137	70	65	92	50	9	30	40	8	58	61	108	89	52	90	125	49	65	153	29	11		7	1686		2026-05-11 21:16:22		T	F	35	35	0	0	0.78
539			"base"	"interview"	2026-05-11 21:01:59	3	4	2	2	4	2	4	1	1	2	3	2	3	4	1	3	3	3	1	3	4	4	4	3	2	3	3	2	5	1	3	2	4	3	4	3	3	3	5	2	3	4	4	1	5	1	5	5	5	5	1	5	3	2	5	3	5	5	4	4	1	1	2		1	"Ich hatte Spaß"	1	1	4	4	5	2	3	4	4	3	1	3	1	4	4	3	1	2	3	4	4	3	2	1	4	3	3	1	20	2	2	4	1	F	F	F	T	F	F	F	F			"Einzelhandel"	"25"		1	6	4	8	5	6	5	7	4	3	4	2	1	5	3	4	5	3	1	99	7	4	2	3	6	5	1	4	4	"Fehlendes Wissen und Unsicherheiten im Umgang mit neuen Technologoien, Angst vor Arbeitsplatzverlust oder Veränderung, Fehlendes Vertrauen in die Zuverlässingkeit von KI Systemen"	"Nein,weil KI keine Gefühle haben und wenn man keine Gefühle hat kann man ohne Probleme Arbeiten, KI können am Tag viele Aufgaben erlädigen ohne Pausen und KI ist auch zuverlässig, man muss sich neine sorgen machen ob oder die nicht den nächsten Tag zu arbeit kommen."	1	2	3	4	1	5	2	2	3	3	4	3	4	3	4	3	3	4	4	4	3	2	4	3	2	4	34	44	76	97	63	54	82	83	61	63	60	67	81	82	83	89	3	43	86	96	17	97	99	79	80	88	94	95	82	90	93	86	80	92	92	92	52	77	82	68	80	72	68	50	78	77	63	60	72	70	52	54	81	71	66	58	79	54	67	54	85	84	73	62	57	60	77	72	75	70	71	30	1	1	4	2	1	3	3	1	1	1	"3"	"2"	"4"	"1"	"1"	"2"	5	17	19	73	57	17	103	4	67	3	123	3	295	63	299	84	793	6	588	24	4	191	64	225	148	76	210	166	53	100	551	26	51		4	3046		2026-05-11 22:17:11		T	F	35	35	0	0	0.62
540			"base"	"interview"	2026-05-11 21:02:03	2	1	2	2	2	2	2	2	2	2	2	2	1	2	2	2	2	2	2	2	5	3	4	1	1	1	5	5	1	4	4	4	4	4	4	4	3	2	1	3	4	2	5	3	4	2	4	5	2	2	4	2	5	4	5	3	3	2	5	1	5	4	2		1		1	1	3	3	2	2	4	4	3	3	4	4	2	4	3	4	1	4	4	3	3	4	2	2	5	4	4	1	55	2	2	4	2	F	F	F	T	F	T	F	F			"Administration, Web Design und Fotografie"	"40"		1	4	5	3	1	3	2	1	5	5	5	5	5	4	5	5	5	5	1	15	1	3	4	2	7	5	6	4	4	"Ich glaube dass ich vielleicht Schwierigkeiten haben werde, die regelmaessigen Neuerungen und Aenderungen zu lernen und zu verstehen und es auch richtig benutzen."	"Ein wenig."	2	1	3	3	1	5	3	2	2	2	2	3	3	2	2	3	2	2	3	2	2	3	2	2	2	2	13	10	76	67	7	4	84	83	6	6	92	93	6	5	89	88	11	12	71	66	16	82	82	91	7	93	92	88	4	97	97	97	5	94	94	94	12	80	86	86	86	10	13	73	89	6	4	97	94	7	7	98	96	4	5	94	81	17	10	91	87	79	8	9	68	4	11	92	72	89	81	2	2	1	3	2	2	2	3	1	1	1	"2"	"4"	"3"	"1"	"1"	"2"	177	23	14	37	64	15	17	4	22	4	22	3	101	63	49	65	55	9	51	227	12	48	29	85	58	40	64	97	43	66	163	19	22		6	1607		2026-05-11 21:31:37		T	F	35	35	0	0	0.79
541			"base"	"interview"	2026-05-11 21:27:59	3	2	3	1	2	2	3	3	2	1	3	4	1	3	1	3	2	3	1	3	5	5	4	1	1	1	2	5	1	4	1	5	5	4	4	3	2	1	1	4	5	3	5	4	4	2	1	4	1	2	5	3	5	4	5	2	4	2	3	2	3	2	2		1		1	1	4	3	2	1	5	3	1	2	3	2	2	3	2	5	1	4	1	2	2	4	2	3	1	3	4	1	24	2	2	8	1	F	F	F	T	F	F	F	F			"Psychopathologie"	"40"		2	1	6	2	1	6	2	1	5	6	2	5	5	6	6	1	5	2	1	79	6	7	5	2	4	1	3	5	5	"Fehlerhafte Schulung, zu schnelle Weiterentwicklung, Unwissen über Korrektes Prompting und Einsetzen der KI, Überlastung der ServerRessourcen, Fehlerhafte Übernahme von KI Halluzinationen"	"Eher weniger aber in weiter Zukunft ja,
meine Forschung eher
aber meine therapeutische Arbeit weniger"	2	1	4	1	3	5	2	2	3	1	1	3	3	2	1	2	3	2	3	3	3	2	3	1	2	1	80	9	72	63	13	5	96	52	3	12	96	74	15	9	51	50	12	7	55	55	11	71	88	62	10	91	101	48	6	11	36	28	5	69	73	59	6	70	76	79	95	10	6	84	23	42	43	30	80	1	14	100	46	22	28	47	64	25	11	68	101	79	12	8	65	54	93	99	91	59	21	2	2	2	3	2	1	3	3	1	3	2	"1"	"3"	"2"	"4"	"2"	"1"	6	6	7	17	21	21	6	2	14	4	14	2	115	43	40	85	41	4	28	28	2	28	37	75	55	26	56	72	116	41	165	26	5		4	1212		2026-05-11 21:48:11		T	F	35	35	0	0	1.34
542			"base"	"interview"	2026-05-11 21:28:16	4	2	4	4	4	4	4	4	3	4	4	3	2	4	1	3	3	4	1	4	4	4	4	2	1	1	3	4	2	3	4	3	3	3	3	3	3	4	3	1	4	5	5	4	4	2	2	5	2	1	3	3	5	2	5	1	3	3	5	1	4	4	2		1		1	1	2	5	5	2	3	5	5	5	3	1	3	3	5	5	1	4	5	3	3	3	3	2	1	3	2	1	25	2	3	5	1	F	F	T	F	F	F	F	F		"Grafikdesign"				2	1	2	2	1	2	2	1	3	2	3	3	2	3	2	2	2	3	1	94	1	7	4	2	6	3	5	2	3	"Ki ist oft zu dumm für komplexe themen
kann falschaussagen nicht von wahren differenzieren"	"Ja"	2	1	1	2	2	5	2	4	2	4	1	2	2	3	4	2	4	3	2	3	4	2	4	2	3	4	38	31	48	47	25	29	61	53	1	13	70	63	15	25	87	75	10	21	87	81	20	78	84	42	21	88	97	42	20	90	101	39	12	82	87	34	20	78	101	25	99	50	22	46	76	72	27	41	70	78	58	17	95	60	29	42	85	70	27	38	91	83	1	1	84	1	30	101	101	87	75	1	2	1	4	3	1	1	2	1	1	1	"1"	"4"	"2"	"3"	"1"	"2"	7	8	4	19	18	17	16	2	6	6	14	2	60	46	46	36	41	4	40	30	4	32	24	56	49	29	48	68	38	43	67	11	5		3	899		2026-05-11 21:43:16		T	F	35	35	0	0	1.44
543			"base"	"interview"	2026-05-11 21:32:49	1	1	1	3	2	1	2	3	1	1	3	2	2	1	1	2	1	1	1	2	2	3	3	2	2	2	3	3	3	2	3	3	3	2	2	3	3	4	3	3	5	4	4	4	4	3	2	5	4	4	4	4	5	2	5	3	4	3	5	1	2	2	2		1		1	1	1	4	3	2	3	4	3	4	3	2	3	3	3	4	1	3	4	2	3	4	3	2	4	3	3	1	38	2	2	5	1	F	F	F	F	F	T	F	F			"Tattoo & Artwork"	"40"		2	2	4	2	2	4	1	1	4	3	4	3	3	5	3	5	5	4	1	83	5	6	2	1	3	4	7	2	2	"Ich möchte mich selber nicht zu sehr auf die KI verlassen - man kann nicht einfach bedingungslos glauben, was man als Antwort bekommt. "	"Als Tätowiererin habe ich bereits jetzt das Problem, dass Kundinnen mit Ki-erstellten Bildern kommen und viel weniger auf mein Können vertrauen. Die Originalität geht verloren."	2	1	2	1	3	3	3	2	2	2	3	2	2	2	2	3	2	1	3	2	1	3	2	1	2	1	51	42	57	52	33	37	50	50	49	48	56	56	30	40	66	67	47	66	64	62	53	69	62	53	65	48	59	53	73	70	64	47	61	50	33	54	48	68	68	52	75	48	46	64	25	66	67	38	49	62	67	49	74	45	38	63	43	41	43	47	49	72	66	34	65	32	37	72	69	55	56	17	2	3	3	2	2	1	2	2	1	2	"1"	"3"	"2"	"4"	"1"	"2"	29	34	9	30	42	19	16	2	7	5	13	2	83	74	87	59	51	6	55	38	5	46	39	69	82	35	69	86	54	66	246	40	8		3	1509		2026-05-11 21:57:58		T	F	35	35	0	0	0.95
544			"base"	"interview"	2026-05-11 21:37:37	2	1	2	4	1	4	4	4	3	2	3	3	3	2	1	4	4	4	2	2	5	5	5	1	1	1	3	2	4	2	5	5	5	5	5	4	1	1	5	1	5	5	5	3	2	1	1	4	4	3	5	5	4	2	5	1	5	3	3	2	7	7	2		1		1	2	3	3	4	1	5	3	4	4	2	2	1	4	1	4	1	5	3	2	4	5	1	1	1	5	5	1	27	2	2	8	1	F	F	F	T	F	F	F	F			"IT"	"40"		1	1	6	1	1	7	1	1	4	4	6	3	4	4	6	2	5	1	1	86	6	1	4	2	5	3	7	5	5	"KI sind in ihren Entscheidungsprozessen nicht transparent genug"	"Nein, KI ist eine Erleichterung"	2	1	1	2	1	5	2	3	3	3	1	1	1	3	4	2	3	2	2	4	3	2	3	3	2	2	2	3	97	96	4	3	98	99	3	2	100	94	2	1	100	100	4	3	99	100	2	66	74	69	8	99	99	75	4	101	96	73	4	99	100	76	6	101	97	68	100	7	5	80	50	45	3	52	101	12	1	78	99	12	1	83	100	21	3	59	97	98	27	19	98	2	4	101	70	6	2	3	1	1	2	3	1	2	3	1	1	1	"2"	"1"	"4"	"3"	"1"	"2"	6	13	9	17	18	9	16	2	27	2	10	2	60	43	55	35	41	5	44	38	3	32	27	60	61	31	57	68	36	48	135	12	9		6	1037		2026-05-11 21:54:54		T	F	35	35	0	0	1.28
545			"base"	"interview"	2026-05-11 21:41:30	1	2	1	4	2	1	2	2	1	1	1	2	1	2	1	1	1	2	2	3	5	4	5	1	1	1	1	4	1	2	3	4	4	5	4	4	2	1	4	2	4	2	5	5	5	2	5	5	2	3	5	4	5	4	5	3	4	4	4	1	5	5	2		1		1	2	3	4	4	2	4	5	2	5	5	1	1	4	2	4	1	3	3	2	2	5	4	1	3	4	5	1	26	2	2	7	1	F	F	F	T	F	F	F	F			"Tourismus"	"40"		1	1	6	4	1	6	2	1	2	5	5	5	6	6	3	3	5	1	1	79	1	5	6	4	7	3	2	4	5	"Die Implementierung im Arbeitsalltag, das Schulen von bestehendem Personal für Neuerungen wir KI und dem Umgang damit, als auch damit verbunden, die Offenheit und Bereitschaft, sich darauf einzulassen."	"Nein"	1	1	2	4	2	5	3	2	1	1	1	3	4	1	4	3	1	3	2	3	2	4	2	2	4	1	12	12	61	61	1	1	73	74	3	1	82	82	15	1	69	68	9	1	101	101	23	81	81	81	15	92	100	61	2	101	101	71	2	101	82	84	2	99	100	83	101	75	12	75	33	25	13	71	101	7	1	90	101	79	1	72	100	40	2	101	100	101	1	79	75	2	2	101	101	79	16	2	1	1	3	3	1	2	2	1	1	1	"1"	"3"	"2"	"4"	"2"	"1"	17	50	24	16	33	41	40	2	20	2	21	2	113	81	83	136	77	7	78	60	7	36	41	99	67	40	84	97	55	78	162	16	7		1	1693		2026-05-11 22:09:43		T	F	35	35	0	0	0.9
546			"base"	"interview"	2026-05-11 22:06:34	1	1	2	1	2	2	2	3	1	1	1	3	1	2	1	2	2	2	1	1	4	2	3	2	2	1	4	4	2	3	1	2	4	2	3	1	5	4	4	4	3	4	3	2	4	4	3	2	1	2	2	4	2	1	5	4	4	4	3	4	3	2	2		1	"Am Anfang war es etwas eintönig, da war ich kurz davor, abzubrechen. Ging dann aber noch. Nächstes Mal auf keinen Fall länger!"	1	2	2	4	4	1	3	4	4	5	4	1	1	2	2	3	1	2	3	2	2	4	4	3	5	4	3	1	28	2	2	6	1	F	F	F	T	F	F	F	F			"Media-Analyse"	"40"		1	2	4	2	1	5	2	3	4	4	3	4	2	3	4	2	3	3	1	59	1	6	7	4	5	3	2	2	4	"Wir haben eine KI im Unternehmen, die teilweise stark halluziniert. Außerdem kann sie nicht rechnen."	"Ja und nein. Ich denke, einige Aufgaben werden durch KI besser ausgeführt werden. Ich muss einfach eine der Personen werden, die die KI bedient."	1	1	2	2	2	4	2	3	2	2	1	3	3	2	1	2	1	1	1	2	2	2	1	1	3	3	9	16	44	41	22	11	31	7	33	30	53	70	74	43	37	53	39	48	28	49	13	75	94	29	23	73	64	54	34	14	9	65	66	8	25	41	22	22	27	23	83	71	28	32	42	73	50	16	70	24	13	63	53	66	44	37	23	71	18	10	31	47	17	72	40	7	12	46	62	72	83	3	2	1	4	3	1	2	4	1	1	2	"2"	"4"	"3"	"1"	"1"	"2"	33	9	7	190	36	29	12	2	29	2	19	2	55	85	45	34	59	5	40	33	5	24	19	50	43	23	49	58	34	61	87	12	35		4	1060		2026-05-11 22:27:04		T	F	35	35	0	0	1.19
547			"base"	"interview"	2026-05-11 22:10:03	1	1	1	2	2	1	2	4	1	1	2	2	1	1	1	1	2	2	1	1	4	4	4	2	1	1	3	4	2	4	2	4	4	4	4	3	3	4	2	2	4	2	4	4	4	2	2	3	1	2	4	5	3	5	5	2	4	3	3	2	4	3	2		1		1	2	4	4	2	4	3	4	3	4	2	1	2	3	1	2	1	3	3	5	4	4	5	2	1	4	3	1	22	2	2	6	1	F	F	T	F	F	F	F	F		"Grundschullehramt"				2	2	4	3	5	6	5	1	4	4	3	3	4	5	3	3	5	5	1	45	2	5	4	1	3	6	7	5	3	"KI ist teilweise noch nicht ganz ausgereift, gibt dadurch falsche Antworten und man glaubt es. Außerdem beschäftigt man sich nicht mehr selber aktiv mit Dingen, sondern lässt es von der KI erledigen."	"Nein"	1	2	1	1	3	4	3	3	3	1	2	2	2	2	4	3	2	1	3	3	1	3	3	2	3	2	34	13	92	75	35	57	54	65	50	37	58	48	14	2	99	98	36	25	61	65	24	94	94	33	40	70	72	40	57	66	67	32	26	69	80	62	35	61	65	15	95	44	40	77	57	56	38	45	73	39	56	61	82	3	3	97	63	63	30	56	78	100	32	55	33	2	28	91	90	37	36	4	2	2	3	2	1	2	3	1	1	2	"2"	"4"	"1"	"3"	"1"	"2"	12	33	16	15	38	25	19	3	10	1	14	1	74	63	80	59	48	6	54	57	7	36	30	60	65	39	52	77	32	49	176	30	13		5	1299		2026-05-11 22:31:43		T	F	35	35	0	0	1.04
548			"base"	"interview"	2026-05-11 22:27:52	1	2	3	4	3	3	4	4	2	3	4	3	4	1	1	3	2	3	3	3	4	4	4	2	1	1	5	1	5	1	4	3	4	4	3	4	2	2	5	2	5	4	5	3	1	2	4	3	4	5	4	4	2	2	5	3	4	2	3	4	4	5	2		1		1	2	2	3	2	1	4	5	3	4	4	4	1	4	2	4	1	4	3	2	4	5	2	1	1	4	4	1	20	2	2	5	1	F	F	F	T	F	F	F	F			"Rettungsdienst"	"38"		6	3	4	6	3	3	5	4	3	4	3	3	3	4	4	4	5	2	1	91	7	4	6	1	2	3	5	5	5	"Das die KI oft noch Fehler macht."	"Nein, KI wird nicht meine Arbeit im Rettungsdienst ersetzen, kann nur helfen, bei schwierigen oder seltenen Krankheitsbildern."	2	1	2	2	2	4	3	3	2	3	1	1	4	2	1	2	2	3	2	1	3	2	3	2	3	3	69	20	88	78	27	32	82	62	36	22	88	76	55	15	82	80	17	22	82	76	12	79	88	45	22	87	87	28	16	79	79	23	22	82	76	34	8	45	60	55	93	18	28	65	27	66	25	36	73	25	22	72	98	13	19	86	79	17	23	75	87	98	21	47	53	27	33	80	92	38	62	1	2	1	3	3	2	2	3	2	1	3	"4"	"2"	"1"	"3"	"2"	"1"	12	15	10	21	52	5	15	3	14	2	12	2	89	66	64	92	96	7	35	53	2	46	32	131	84	90	160	87	54	62	119	19	11		4	1566		2026-05-11 22:53:59		T	F	35	35	0	0	1.03
549			"base"	"interview"	2026-05-11 22:44:44	2	4	1	2	2	2	3	3	1	1	3	3	1	2	2	3	1	2	2	1	3	3	3	4	4	4	5	1	5	1	4	3	3	3	3	2	4	4	2	3	4	2	5	4	2	1	2	5	1	2	5	4	5	3	5	2	4	3	5	1	3	2	2		1	"Es ist schwer allegmein zu definieren, ob man die KI als gut oder schlecht empfindet. Ich habe in einigen Aspekten sowohl gute, aber auch Negative Ansichten, deswegen bleibe ich bei der goldenen Mitte :)"	1	2	2	3	3	4	4	2	3	5	4	1	3	5	2	4	1	3	3	2	2	5	2	2	2	4	5	1	21	2	2	6	1	F	F	T	F	F	F	F	F		"Game Design"				2	1	8	2	2	8	1	2	4	6	6	6	6	6	5	4	6	4	1	95	2	7	5	4	3	6	1	3	3	"Ich studiere Game Design und in künstlerischen Berufen ist die KI eher schädlich als Hilfreich, Es gubt aber auch Berufe, wo ich sie als nützlich empfinden kann. Die Hürde in dem Beruf wäre, mit der KI zusammenzuarbeiten, ohne komplett von ihr ersetzt zu werden oder so zu wirken, als hätte man alles der KI hinterlassen und man hätte nichts gemacht."	"Definitiv ja! Ich möchte Programmierin werden und einige Chatbots können bereits coden :,)"	3	1	1	4	2	3	3	1	1	1	2	1	1	2	3	2	2	2	1	3	2	2	3	3	2	2	26	14	72	66	1	11	67	32	60	1	17	2	1	1	80	71	1	1	38	12	1	95	101	47	1	101	95	59	1	60	61	12	3	101	101	45	1	99	101	76	87	49	68	44	56	57	39	49	46	66	6	34	101	34	1	57	29	14	1	33	41	67	33	101	101	7	5	92	101	50	54	22	3	3	3	4	3	2	4	3	2	4	"1"	"3"	"4"	"2"	"1"	"2"	1	7	5	13	38	4	9	2	35	3	16	3	137	54	74	44	42	5	51	33	6	30	24	64	66	30	71	157	49	64	214	16	75		4	1382		2026-05-11 23:08:50		T	F	35	35	0	0	1.2
550			"base"	"interview"	2026-05-11 22:54:42	1	1	3	2	2	1	2	2	1	1	3	1	3	1	2	2	1	2	2	1	1	1	3	1	1	1	5	1	5	1	3	3	4	3	3	3	3	3	3	2	5	3	3	5	5	1	1	4	3	1	4	4	1	5	5	5	4	5	5	2	3	1	2		1	"alcune domande sono troppo simile possono confondere le idee"	1	2	4	4	3	4	5	5	4	2	2	4	3	2	3	4	1	1	1	5	5	5	5	2	3	4	5	1	65	2	2	4	1	F	F	F	T	F	F	F	F			"agente d ivendita"	"6"		1	1	3	1	2	4	1	1	1	1	1	2	3	4	2	4	4	5	1	100	7	2	1	3	5	4	6	5	3	"quello di dover usare computer e essere sempreaggiornati"	"forse in futuro ma non adesso"	1	1	3	2	1	4	3	2	1	1	2	3	3	1	2	3	3	1	4	1	1	4	2	3	4	4	1	2	100	58	1	1	99	97	2	4	99	99	1	2	101	101	2	56	101	100	2	101	54	100	2	101	100	101	3	101	74	100	3	101	100	101	1	101	58	99	101	1	3	1	101	61	3	101	99	1	2	100	101	49	1	101	101	2	1	1	2	53	98	1	101	3	2	101	100	100	101	3	2	3	4	4	2	3	4	3	2	2	"3"	"2"	"4"	"1"	"1"	"2"	46	187	84	73	72	66	26	6	39	5	43	33	200	154	96	91	128	21	72	68	14	99	66	159	175	61	136	135	70	130	288	72	87		25	2652		2026-05-11 23:45:09		T	F	35	35	0	0	0.41
551			"base"	"interview"	2026-05-11 23:15:22	1	1	1	2	2	2	1	3	2	2	2	2	2	2	1	2	1	1	1	2	3	4	4	2	2	2	2	3	2	2	3	3	4	4	4	2	3	3	4	2	5	3	3	3	2	2	2	3	3	3	4	5	3	2	5	2	4	3	4	2	4	3	2		1	"Nein. "	1	1	3	4	4	2	4	5	5	5	2	2	3	4	4	3	1	4	4	2	3	4	3	3	1	3	3	1	27	2	2	8	1	F	F	F	T	F	F	F	F			"Rechtswissenschaften "	"45"		1	3	5	6	3	6	6	3	5	4	4	4	3	4	3	3	4	4	1	101	2	6	5	1	3	4	7	4	4	"Das zuviel auf KI vertraut wird, ohne die Quellen zu checken und dadurch grobe Fehler entstehen. "	"Nein. "	2	1	1	2	2	4	3	2	2	1	3	3	3	2	3	3	2	2	3	3	2	3	2	3	3	2	9	13	69	71	1	53	87	87	5	13	64	81	4	5	60	74	6	17	60	58	9	46	49	88	7	65	77	81	11	68	62	79	11	60	48	66	18	65	53	69	98	18	20	55	12	85	67	8	75	13	19	67	93	23	22	69	62	22	20	60	85	65	18	14	46	15	9	88	86	83	17	2	3	3	2	3	3	1	2	3	2	3	"1"	"3"	"2"	"4"	"1"	"2"	2	10	7	20	53	10	42	2	72	5	25	2	95	80	73	79	76	13	55	45	8	64	46	94	75	55	82	117	63	99	206	26	16		4	1721		2026-05-11 23:44:03		T	F	35	35	0	0	0.88
552			"base"	"interview"	2026-05-11 23:29:46	3	1	1	2	2	2	2	2	1	2	2	2	2	2	1	3	2	2	1	1	4	4	4	1	2	1	4	3	4	4	5	3	4	4	3	3	3	2	2	2	5	3	4	5	5	3	2	3	1	1	4	4	4	4	5	5	5	4	3	4	5	3	2		1		1	2	3	4	4	2	4	5	3	4	4	2	2	5	4	4	1	4	4	5	4	4	5	2	1	3	5	1	21	2	2	6	2	F	F	T	T	F	F	F	F		"Kommunikation und Public Relations"	"Marketing und Einzelhandel"	"30"		5	3	6	5	5	7	5	2	4	5	4	3	4	5	2	4	4	5	1	74	6	5	1	2	3	4	7	4	4	"Dass es sich ständig weiterentwiceklt und es vorallem für ältere Generationen immer schwieriger wird hinterherzukommen. Außerdem, dass die KI irgendwann so viel Arbeit abnimmt, dass es keine Arbeitsplätze bzw. Jobs mehr gibt."	"Ja. Ich bin im marketing tätig, was äußerst leicht von KI übernommmen werden kann und auch schon wird (z.B. Posts erstelllen, Algorithmen und so weiter)."	4	1	1	2	2	5	3	2	2	1	3	3	2	2	3	3	2	2	4	4	2	3	2	2	2	1	34	23	52	53	17	73	65	15	18	12	63	72	70	33	26	48	23	16	48	60	34	23	69	45	37	37	98	81	20	74	69	82	42	75	75	57	25	71	81	56	101	14	9	82	12	98	14	39	85	73	35	61	100	58	30	85	73	63	28	65	79	90	1	1	55	1	44	68	81	36	16	1	3	3	4	4	2	2	4	2	1	2	"2"	"4"	"1"	"3"	"2"	"1"	11	8	6	17	41	12	14	2	7	2	8	2	51	52	40	49	43	4	32	35	18	31	23	57	59	30	71	74	45	55	160	109	9		3	1089		2026-05-11 23:49:26		T	F	35	35	0	0	1.24
553			"base"	"interview"	2026-05-11 23:45:32																																																																																																																																			1																																																																																																																															29	189																																		44		2026-05-11 23:49:10		F	F	2	2	0	0	0.21
554			"base"	"interview"	2026-05-11 23:58:00	1	1	1	1	4	4	3	3	1	1	3	3	2	1	1	4	3	3	1	1	5	5	5	3	2	4	5	1	5	1	5	2	2	2	3	1	3	5	1	4	4	4	4	2	2	4	3	5	3	5	5	5	5	1	5	5	3	4	2	5	6	3	2		1	"Super Survey!"	1	2	4	4	3	5	2	5	4	4	4	5	5	3	4	4	1	4	3	2	1	2	1	4	4	3	3	1	41	2	2	7	1	F	F	F	T	F	F	F	F			"IT Support"	"38"		9	9	5	8	9	5	8	9	4	5	4	3	5	4	5	3	4	6	1	94	7	3	4	1	2	6	5	5	2	"Ich denke dass KI leider sehr viele Arbeitsplaetze wegnehmen wird und dass viele Menschen sich deshalb nicht Bemuehen werden KI zu trainieren"	"Ja ich arbeite in IT und denke dass die KI bots meinen Arbeitsplatz wegnehmen koennten"	5	5	3	2	4	2	2	4	2	1	3	2	2	4	4	2	4	4	1	2	1	2	2	3	1	3	75	13	44	40	98	99	54	47	22	8	25	47	68	5	89	86	91	77	99	80	82	98	100	87	89	99	97	13	15	95	55	73	96	18	98	20	50	100	101	11	11	101	100	3	3	96	100	7	89	3	23	46	11	101	94	6	62	94	89	28	22	17	14	88	101	75	14	68	99	91	93	101	4	4	4	4	4	4	4	4	4	4	"2"	"3"	"1"	"4"	"1"	"2"	16	46	18	31	165	17	15	3	197	2	18	3	85	102	644	195	75	6	175	78	4	39	28	71	57	363	58	92	52	468	238	12	16		5	1903		2026-05-12 00:54:34		T	F	35	35	0	0	0.74
555			"base"	"interview"	2026-05-12 00:07:51	3	2	3	3	3	3	3	4	1	1	3	1	2	1	1	1	1	2	1	2	5	5	5	1	1	1	4	3	3	4	3	4	5	4	4	4	1	1	4	3	4	4	4	2	5	4	2	5	5	4	4	5	3	1	5	2	4	5	5	1	6	6	2		1		1	1	4	5	5	5	3	5	5	4	4	5	3	3	5	5	1	5	5	5	5	5	5	4	5	2	2	1	21	2	2	6	2	F	F	T	T	F	F	F	F		"Software Engineering"	"Prozessautomatisierung "	"20"		1	1	3	1	1	3	5	1	3	4	3	5	3	3	3	2	3	5	1	92	3	7	4	6	5	2	1	2	5	"Viele Leute in der Branche gehen davon aus, dass mit der Weiterentwicklung von KI der Bedarf für menschliche Arbeitskraft sinken wird."	"Nein, ich versuche mir nicht selber Panik damt zu machen, dass ich ersetzt werden könnte. Das wird schon alles."	1	1	1	1	2	4	3	4	3	1	2	3	4	4	4	4	3	4	4	3	2	4	4	4	2	4	84	7	55	95	1	1	101	101	62	5	21	83	1	1	86	101	1	1	66	101	76	77	80	37	1	101	101	101	67	37	35	30	18	101	99	45	1	101	101	101	101	7	1	86	101	20	1	101	98	16	1	101	101	1	7	10	101	1	1	101	101	101	1	21	101	1	1	101	88	101	15	1	2	2	1	1	1	1	2	1	1	1	"1"	"2"	"4"	"3"	"1"	"2"	1	5	5	28	28	5	15	2	9	3	13	1	76	102	82	52	42	5	66	33	3	31	27	54	47	35	57	79	50	60	126	16	6		3	1167		2026-05-12 00:27:18		T	F	35	35	0	0	1.38
556			"base"	"interview"	2026-05-12 00:38:11	1	1	1	2	1	1	1	3	1	2	3	2	1	1	1	3	1	1	1	2	4	1	4	2	5	3	3	3	1	2	2	2	2	2	3	1	1	4	1	2	4	4	4	3	2	5	2	3	1	3	3	4	4	3	5	3	4	3	4	1	2	2	2		1		1	2	3	2	3	1	4	3	2	4	3	2	3	5	1	4	1	4	4	2	4	4	2	3	2	4	5	1	35	2	2	7	1	F	F	F	T	F	F	F	F			"Bauarbeit"	"40"		3	1	4	7	5	3	2	3	5	4	4	3	4	4	4	4	5	2	1	101	1	7	6	5	3	4	2	2	3	"Meine aelteren Kollegen koennen kaum eine Email schreiben. Denen KI zu erklaeren, waere wahrscheinlich ziemlig nervig."	"Ein bisschen, aber die meisten meiner Chefs koennen kaum mit Computern umgehen, und solang das so ist, wird KI meinen Arbeitsplatz kaum bedrohen."	2	3	1	2	2	2	2	4	1	2	1	2	2	2	3	2	2	2	2	3	1	2	2	2	2	1	18	24	46	53	88	34	30	29	8	19	31	44	11	11	73	71	84	70	25	21	18	86	84	55	68	19	98	11	11	82	82	59	9	86	87	49	81	27	74	23	86	72	36	57	38	78	72	15	60	26	31	49	88	7	11	77	26	83	33	17	79	93	9	1	73	2	11	88	87	98	37	13	2	2	4	4	2	2	3	2	2	2	"4"	"1"	"2"	"3"	"1"	"2"	7	8	7	18	20	4	11	2	11	2	13	3	81	62	39	61	161	5	92	45	2	75	27	67	76	39	55	78	47	61	121	18	11		2	1331		2026-05-12 01:00:22		T	F	35	35	0	0	1.24
557			"base"	"interview"	2026-05-12 00:38:22	1	1	1	1	1	1	1	2	1	1	2	1	1	1	1	2	1	1	1	1	5	1	3	1	1	1	3	3	1	3	1	3	4	3	3	2	2	2	5	2	5	1	5	5	3	1	2	3	5	1	5	2	3	3	5	1	5	1	2	5	4	4	2		1		1	1	4	1	1	3	4	2	1	1	3	3	1	5	1	4	1	3	1	4	5	5	5	1	3	1	1	1	52	2	2	7	1	F	F	F	T	F	F	F	F			"Buchhaltung"	"38"		1	1	1	1	1	2	1	1	6	6	6	6	5	6	5	6	6	1	1	97	5	6	2	1	3	4	7	3	4	"nicht jeder Mensch traut KI "	"Nein, im moment sieht es nicht so aus, als ob mein Arbeitsplatz durch KI bedroht ist."	1	1	4	2	2	5	3	1	1	1	1	3	3	1	1	3	1	1	3	1	1	3	1	1	4	1	3	6	79	88	2	2	100	100	7	4	97	98	14	43	37	28	42	21	46	46	7	79	92	81	2	97	99	96	3	83	97	62	20	44	45	62	21	50	99	52	98	4	4	98	98	2	2	99	96	4	3	93	21	70	67	50	47	56	12	25	98	97	58	4	99	6	5	99	88	75	2	4	2	1	3	2	1	2	2	1	1	2	"3"	"1"	"4"	"2"	"1"	"2"	9	9	10	397	25	5	5	3	12	4	8	2	233	197	248	379	161	130	39	30	6	28	47	51	35	20	35	59	25	45	90	7	39		2	1577		2026-05-12 01:18:17		T	F	35	35	0	0	1.22
558			"base"	"interview"	2026-05-12 01:38:36	2	1	1	2	2	1	1	2	1	1	2	2	1	1	1	2	1	1	1	1	4	3	3	2	2	1	3	2	4	2	5	4	4	4	4	2	4	2	4	2	5	3	4	4	2	1	5	4	4	4	4	2	4	2	5	2	4	4	4	2	5	3	2		1		1	2	2	3	4	2	3	4	3	4	4	2	1	4	3	4	1	4	2	2	2	4	3	2	2	3	4	1	34	2	2	7	1	F	F	F	T	F	F	F	F			"Gesundheitswesen"	"35"		1	2	3	2	2	2	1	1	3	4	3	4	3	3	3	3	3	4	1	94	7	4	2	1	5	3	6	2	4	"Zu wenig Zeit für die Einarbeitung und fehlende Schulungen könnten zu Problemen führen. Viele sind unsicher im Umgang mit mit neuen Systemen und meist fehlt auch das Verständnis und die technische Ausstattung. "	"Ich denke nicht, dass mein Arbeitsplatz durch technische Neuerungen bedroht wird. KI könnte unterstützend wirken und Routineaufgaben übernehmen, während der Mensch weiterhin für komplexe Entscheidungen zuständig ist."	2	1	1	2	1	4	2	1	1	2	2	2	3	2	1	3	1	4	2	2	2	3	2	2	3	2	49	44	68	63	47	39	63	61	29	20	75	79	26	19	71	71	30	23	65	69	27	70	64	42	39	76	76	56	23	68	84	71	24	63	73	55	31	73	69	55	63	57	72	48	45	58	41	28	81	36	50	80	80	25	18	77	80	39	37	66	65	81	1	1	83	1	16	83	79	88	41	19	1	1	2	3	1	2	3	1	1	1	"3"	"2"	"4"	"1"	"1"	"2"	13	12	22	38	60	12	58	3	46	3	28	4	181	197	168	128	206	8	123	103	9	70	51	132	110	40	102	126	81	122	477	31	27		4	2795		2026-05-12 02:25:11		T	F	35	35	0	0	0.59
559			"base"	"interview"	2026-05-12 02:15:19	1	1	1	1	1	1	1	2	1	1	2	2	1	2	2	2	1	1	1	1	4	2	4	1	1	1	3	4	2	4	2	3	4	3	3	3	3	3	5	2	5	2	5	3	4	2	5	4	4	4	5	2	5	3	5	3	2	1	4	2	6	6	2		1		1	2	2	3	3	1	4	4	2	2	4	2	1	3	2	5	1	5	3	2	2	5	3	1	1	4	3	1	60	2	2	7	1	F	F	F	T	F	F	F	F			"softwareentwicklung"	"38"		2	2	3	2	2	2	2	4	6	6	6	6	5	5	6	5	5	2	1	101	1	7	6	4	5	3	2	3	3	"Das Problem mit KI in der heutigen Gesellschaft ist, dass man nicht weiss, ob man ihm trauen kann, es verbreitet zu viel falsche Informationen, aber stellt sie so dar, als ob es 100% richtig ist, anstatt zu sagen, dass es etwas eigentlich gar nicht weiss, sondern nur rät. Es gibt natürlich auch gute Anwendungen von KI, obwohl es bestimmt auch Arbeitsplätze wegnimmt. Generell denke ich, dass es besser reguliert werden sollte."	"Zur Zeit nicht, da meine Arbeit von uns will, dass wir neue Bereiche finden, in denen KI eingesetzt werden kann, also sie brauchen uns, um mit KI Geld zu machen, und nicht, dass wir durch KI ersetzt werden sollten. Ich arbeite in der Softwarebranche, also wir entwickeln Software um KI."	1	1	1	1	1	5	3	2	1	1	2	2	4	1	2	3	1	2	2	2	1	3	2	1	4	1	1	1	89	89	1	12	75	83	1	9	82	82	1	1	88	81	1	7	87	86	1	65	71	60	1	58	66	58	1	61	65	56	1	67	74	62	1	61	69	62	101	61	15	82	6	98	28	6	94	64	1	52	98	45	1	69	89	57	8	66	101	101	1	16	92	1	73	62	94	101	60	1	1	1	2	1	1	1	1	1	1	1	"1"	"2"	"4"	"3"	"2"	"1"	19	21	10	32	86	11	140	3	54	3	23	3	101	69	59	50	49	8	47	59	6	33	49	84	70	43	73	109	38	64	463	26	31		9	1817		2026-05-12 02:47:44		T	F	35	35	0	0	0.8
561			"base"	"interview"	2026-05-12 02:51:25	1	2	2	4	3	3	2	4	2	1	2	4	2	3	1	3	2	2	1	2	3	4	4	3	3	2	2	4	2	3	4	4	1	3	4	3	3	4	3	2	2	4	4	2	4	1	1	4	3	3	3	3	4	3	5	3	3	3	4	1	6	5	2		1		1	2	1	4	2	2	1	1	1	1	1	2	1	1	3	1	1	1	3	1	1	1	1	1	2	1	1	1	29	2	2	8	1	F	F	F	T	F	F	F	F			"Ausbildung"	"40"		1	1	4	2	1	1	1	1	2	3	3	3	3	3	2	2	3	2	1	64	2	4	7	3	6	5	1	2	3	"Nein, ich glaube nicht, dass KI in meinem Fachgebiet eingesetzt werden kann."	"No"	2	1	1	1	1	3	1	2	2	1	2	1	2	2	2	1	3	3	2	3	3	1	2	2	2	2	20	25	77	85	18	34	38	33	15	54	51	32	22	8	93	93	20	56	69	73	16	75	84	85	22	79	84	72	29	75	81	72	21	72	85	71	18	73	87	80	67	68	57	32	9	90	27	13	31	72	76	19	80	27	27	88	24	90	20	31	67	85	20	28	65	12	63	52	79	86	87	22	2	2	2	2	2	1	3	2	1	2	"4"	"3"	"1"	"2"	"2"	"1"	435	5	4	11	24	6	8	2	9	1	15	3	31	27	86	26	125	8	28	390	4	16	14	34	29	13	41	117	74	27	74	13	6		3	942		2026-05-12 03:19:54		T	F	35	35	0	0	1.65
562			"base"	"interview"	2026-05-12 03:35:48	1	1	2	2	3	2	3	3	1	1	1	2	2	3	1	2	1	2	1	1	4	4	4	3	2	3	5	3	3	3	5	4	4	4	4	3	3	3	3	4	4	3	4	4	4	3	3	3	4	4	5	4	4	3	5	3	4	2	4	2	3	3	2		1	"Nein"	1	2	2	3	3	2	3	5	3	4	2	3	3	4	2	3	1	4	2	2	5	4	2	3	3	4	4	1	43	2	2	8	1	F	F	F	T	F	F	F	F			"Kosmetic Produktion"	"38"		1	2	2	2	2	3	3	2	5	4	4	4	3	4	5	5	5	2	1	47	1	6	7	4	3	5	2	3	4	"Wissen muss nicht mehr im Kopf abgespeichert werden , da alles immer zugreifbar ist. Ich bin besorgt das die junge Generation ihr kritisches Denken verliert und 'verbloedet'. Realitaet ist schwer von Fiktion zu unterscheiden."	"Nicht direkt nein, ich nutzte KI eher als Hilfsmittel fur Aufgaben an denen ich nicht so interessiert bin, wie z.b social media. Aber in anderen branchen kann ich definitf sehen dass Arbeitsplaetze bedroht sind. Ich denke wir Steuern auf eine neue i'ndustrielle' Revolution zu."	1	1	1	1	2	4	2	3	1	2	1	2	2	2	2	2	2	1	3	2	2	3	1	1	2	2	39	38	58	58	17	17	64	63	9	10	66	66	23	24	63	64	36	34	67	65	34	45	49	63	28	68	77	69	22	31	43	83	28	27	40	77	43	35	48	78	69	39	38	65	36	78	49	25	85	46	48	72	81	51	32	73	89	46	20	61	96	97	9	52	36	25	16	87	86	86	43	6	3	3	3	2	1	2	3	1	1	2	"2"	"4"	"3"	"1"	"2"	"1"	19	58	11	30	32	12	20	3	12	3	26	3	80	76	59	49	62	13	44	45	9	50	43	79	69	39	70	85	36	65	314	22	15		2	1555		2026-05-12 04:01:44		T	F	35	35	0	0	0.89
563			"base"	"interview"	2026-05-12 06:09:04	2	1	1	2	3	1	1	1	1	1	2	1	1	1	1	1	1	1	1	1	5	5	5	2	2	1	3	4	2	4	2	4	4	5	5	4	2	2	4	2	5	1	2	5	5	1	4	5	3	2	5	2	2	4	5	2	5	4	2	5	5	5	2		1		1	2	4	2	1	1	5	4	1	2	4	2	2	5	1	4	1	4	1	5	5	5	4	1	3	4	5	1	40	2	2	6	1	F	F	F	T	F	F	F	F			"Personalwesen"	"40"		2	7	5	2	8	6	2	1	5	6	6	6	5	6	5	6	6	5	1	40	2	3	5	4	1	6	7	4	4	"Schwierigkeiten mit KI tauchen im sicheren Austausch von vertraulichen Daten auf. Oft, gerade mit Gemini und Andersen chat bots, gibt es viele Halluzinationen wo Informationen geteilt werden die nicht wahr sind. Oft nimmt die KI auch viel an, ohne weitere Informationen. "	"Nein. Ich glaube nicht das me in Arbeitsplatz bedroht ist. Es get mehr darum wie man kit der KI zusammen arbeitet und am meosten aus ihr herausholen kann "	2	1	1	1	2	4	3	1	1	1	1	3	4	1	2	4	1	3	4	2	1	4	2	2	4	1	16	9	93	86	3	2	100	97	18	13	80	76	11	5	94	93	6	5	96	93	6	82	44	68	2	99	50	77	14	70	41	60	13	85	57	60	11	96	50	61	89	24	8	75	96	20	6	90	80	33	57	68	93	16	11	76	89	8	4	67	98	98	21	2	30	1	6	98	26	6	2	1	2	1	4	3	1	2	4	1	1	1	"2"	"1"	"4"	"3"	"2"	"1"	16	24	11	34	57	87	23	4	89	7	29	3	149	260	141	584	101	10	70	95	9	100	50	180	79	440	75	106	178	87	382	31	15		8	2533		2026-05-12 07:07:58		T	F	35	35	0	0	0.54
564			"base"	"interview"	2026-05-12 06:16:56	3	1	2	3	1	2	1	3	1	2	2	2	2	1	1	2	1	2	2	1	4	3	4	3	2	2	3	4	2	3	3	2	3	2	4	3	3	2	2	3	5	3	3	5	5	5	3	3	2	4	5	4	3	3	5	2	4	3	3	2	5	5	2		1	"Nein"	1	2	3	2	2	2	5	5	5	4	4	1	4	5	2	2	1	3	3	3	3	4	3	4	2	4	5	1	34	2	2	8	1	F	F	F	T	F	F	F	F			"Legal Tech"	"40"		6	5	5	5	3	3	6	4	5	5	4	4	4	4	4	4	4	2	1	18	6	1	5	2	3	4	7	5	3	"Keine"	"Teils-Teils"	3	1	4	4	4	4	3	3	2	2	1	3	2	2	3	3	2	2	4	2	2	3	2	1	3	2	21	10	73	85	21	48	36	23	17	10	88	68	1	3	100	101	16	16	92	80	21	48	85	86	42	84	92	53	8	81	37	79	1	101	7	97	6	97	80	90	84	29	35	75	26	47	52	42	87	16	83	84	92	2	1	99	93	6	5	87	26	100	85	49	101	1	2	101	98	101	20	101	3	3	4	4	3	2	2	3	3	3	"1"	"2"	"4"	"3"	"1"	"2"	3	11	5	15	24	4	9	2	15	1	7	2	61	54	50	39	42	3	44	21	6	32	23	69	53	53	66	76	31	52	49	14	7		4	947		2026-05-12 06:32:43		T	F	35	35	0	0	1.53
565			"base"	"interview"	2026-05-12 07:05:51	1	2	1	4	1	1	3	3	1	2	1	3	1	1	1	4	1	1	1	1	3	3	3	3	1	1	4	2	4	1	5	2	3	3	3	2	4	4	4	3	4	1	3	3	1	5	1	3	4	5	4	4	4	2	5	5	5	3	3	3	5	5	2		1		1	2	1	1	1	1	5	5	3	5	3	1	4	5	1	3	1	3	1	1	1	3	1	3	1	2	5	1	24	2	2	6	2	F	F	T	F	F	T	F	F		"Grundschullehramt"	"Maler und Lackierer"	"5"		6	5	1	6	5	1	1	8	5	5	6	4	4	6	5	5	6	1	1	50	6	7	3	1	4	2	5	4	4	"Eine große Hürde könnte die Erlernung der sinnvollen Nutzung von Ki sein. Das Thema ist riesig, entwickelt sich schnell weiter und ist daher meiner Meinung nach schwer zu erlernen, damit man es sinnvoll nutzen kann. Stand jetzt würde ich KI nicht blind vertrauen, da es sehr fehleranfällig ist. Momentan möchte ich Ki nicht unbedingt nutzen, weil man alles trotzdem noch überprüfen muss und der Aufwand am Ende gleich oder sogar größer ist."	"Im Handwerk sehe ich momentan keine Bedrohung, das kann sich aber natürlich ändern. Im Bildungssystem (Schule) könnte ich mir schon vorstellen, dass der Beruf irgendwann abgelöst werden könnte, da viele Lehrer jetzt schon Ki für die Unterrichtsplanung nutzen."	1	1	1	1	2	1	2	2	1	1	1	2	1	1	2	2	2	2	1	1	1	2	2	1	1	4	1	1	51	64	1	1	48	37	1	48	59	58	1	9	59	58	1	1	45	56	2	55	56	12	2	52	60	49	1	10	11	11	1	7	5	5	1	47	47	47	84	54	33	54	11	70	43	29	48	63	50	43	49	48	55	47	47	67	33	49	50	101	25	24	93	1	1	101	60	29	2	1	2	2	2	1	1	1	1	1	1	1	"3"	"2"	"4"	"1"	"1"	"2"	17	45	10	50	71	12	14	2	13	2	23	2	77	69	87	104	85	7	66	51	7	45	51	73	62	41	68	79	44	61	370	78	16		20	1822		2026-05-12 07:36:13		T	F	35	35	0	0	0.82
566			"base"	"interview"	2026-05-12 07:30:01	3	1	1	1	1	1	3	1	1	1	3	1	2	1	1	1	1	2	1	2	4	5	5	1	1	1	1	4	1	4	1	5	5	5	5	4	2	1	4	2	5	3	5	5	5	3	3	5	4	2	3	2	5	4	5	2	4	3	5	1	5	3	2		1	"Die Studie hat Spaß gemacht! Man lernt sich selbst nochmal besser kennen und wird zur Selbstreflexion angeregt durch die Persönlichkeitsfragen."	1	2	4	3	3	4	5	5	1	4	5	1	2	4	2	5	1	5	5	2	5	3	3	2	1	4	4	1	34	2	2	8	1	F	F	F	F	T	F	F	F			"Lehramt an Sekundarschulen (Sek 1)"	"20"		1	1	8	1	1	8	1	1	5	6	5	6	6	5	5	5	5	1	1	95	1	6	7	5	3	4	2	4	5	"noch sehr fehleranfällige Chat-Bots, Datenschutz (ich bin Lehrerin), Automatische Arbeitsblattgenerierung bislang kostenpflichtig, Arbeitsblätter werden nicht so, wie ich es gerne haben würde"	"Nein, auf keinen Fall."	1	1	4	1	1	4	4	2	1	1	1	2	4	1	2	4	2	2	3	1	1	4	2	2	4	1	2	2	99	84	63	11	18	11	2	2	101	101	1	1	100	94	39	3	18	16	5	4	60	41	60	49	56	64	1	1	75	83	1	52	69	51	2	4	49	23	99	26	2	99	1	93	1	1	101	23	1	101	101	22	1	101	13	67	3	29	101	101	1	1	101	1	1	101	101	101	66	1	3	2	4	4	3	2	3	2	3	3	"2"	"3"	"4"	"1"	"1"	"2"	13	77	21	24	84	39	15	3	33	2	21	3	101	129	117	90	144	9	76	101	9	58	35	122	81	33	132	173	51	114	220	49	71		3	2253		2026-05-12 08:07:34		T	F	35	35	0	0	0.65
567			"base"	"interview"	2026-05-12 07:53:05	2	1	3	2	2	4	4	4	2	2	1	4	3	2	1	4	2	2	1	4	4	4	4	2	2	2	4	2	4	3	3	4	4	3	4	4	2	2	5	3	4	5	5	4	3	4	2	4	5	3	3	4	5	1	5	2	3	2	4	2	5	4	2		1		1	2	1	4	4	2	4	5	3	4	3	5	3	3	4	4	1	4	5	1	1	4	1	1	3	3	4	1	42	2	2	6	2	F	F	F	T	F	T	F	F			"Marketing & Grafikdesign"	"15"		1	3	1	1	2	1	1	3	4	5	5	4	4	5	4	4	4	4	1	89	5	4	3	2	6	1	7	5	5	"Integration in meine Situationen, das Kennenlernen meiner Interessen und Wünsche seitens der KI und natürlich die Verlässlichkeit der Aussagen und Entscheidungen der KI."	"Nein, ich sehe darin eine Verbesserung der Qualität und eine große Zeitersparnis, die man für andere Aufgaben nutzen kann."	1	1	2	2	1	4	1	4	3	2	2	1	3	3	3	1	2	2	2	2	3	1	3	2	3	3	31	7	64	75	10	22	55	84	93	9	79	78	88	10	76	90	22	22	69	70	43	84	77	59	13	86	86	51	10	87	88	62	9	89	75	75	11	79	79	54	85	39	7	71	74	75	8	37	94	42	5	56	96	26	5	87	81	56	9	57	88	88	24	87	56	49	53	66	87	87	52	1	2	1	3	2	1	1	3	1	2	1	"2"	"4"	"3"	"1"	"1"	"2"	89	157	11	29	49	14	15	2	14	1	22	1	128	72	65	83	62	8	51	40	6	43	31	62	59	35	89	92	46	54	140	17	9		5	1380		2026-05-12 08:19:46		T	F	35	35	0	0	0.97
570			"base"	"interview"	2026-05-12 08:10:48	3	1	1	2	2	1	4	3	2	1	2	1	2	3	2	1	4	2	1	1	4	4	4	3	1	1	4	4	2	3	3	3	3	3	3	2	4	4	2	3	5	3	4	4	4	2	3	2	2	2	3	2	4	4	5	2	4	2	4	3	1	2	2		1		1	2	5	3	3	1	5	5	3	3	4	2	2	4	2	4	1	5	2	5	5	4	4	3	1	3	4	1	44	2	2	7	1	F	F	F	T	F	F	F	F			"IT Consultaning"	"20"		1	4	2	2	1	2	1	1	6	6	6	5	4	4	5	5	5	2	1	85	1	6	5	4	7	3	2	2	5	"Angst vor dem ersetzt werden"	"Ja - teilweise"	1	1	1	1	1	5	2	3	1	1	1	3	2	1	2	3	2	1	3	1	1	3	1	1	3	1	17	16	73	72	14	14	69	68	20	19	78	78	23	22	75	73	17	17	66	69	14	71	77	33	13	81	82	50	22	70	74	40	22	59	62	44	13	63	65	33	97	14	14	52	77	63	22	48	78	28	26	69	78	26	24	72	69	33	32	61	78	76	26	24	46	18	24	79	80	79	51	21	2	2	4	2	3	2	4	2	2	2	"1"	"2"	"3"	"4"	"2"	"1"	10	7	6	16	15	4	13	2	13	1	9	1	47	40	38	33	34	6	27	34	6	28	22	47	49	23	54	60	25	43	68	16	6		3	806		2026-05-12 08:24:14		T	F	35	35	0	0	1.6
571			"base"	"interview"	2026-05-12 08:49:26	2	1	1	3	3	2	1	2	1	2	3	2	2	1	1	2	2	2	2	1	3	3	4	4	3	3	5	2	4	5	5	1	2	3	2	1	2	3	5	1	4	4	5	2	3	3	4	5	5	4	4	4	3	2	5	4	3	4	4	2	5	4	2		1		1	2	3	4	4	4	4	4	4	3	2	3	2	3	4	4	1	4	4	4	4	5	1	2	4	4	4	1	24	2	2	6	1	F	F	T	F	F	F	F	F		"Wirtschaftspsychologie"				1	5	2	2	2	2	1	4	5	5	5	5	6	5	5	5	5	4	1	92	1	7	6	2	4	5	3	4	4	"fehlende erfahrung mit ki"	"nein"	1	1	1	2	2	3	2	2	2	1	2	2	2	4	3	2	2	2	3	3	2	2	2	2	2	3	69	37	37	66	55	43	50	49	58	51	55	55	58	38	62	60	59	53	59	50	51	65	66	51	54	64	71	47	57	66	68	50	53	69	72	49	52	62	65	50	54	36	51	23	62	27	27	15	64	32	31	20	62	29	29	16	64	29	23	15	69	61	1	72	85	36	52	70	74	63	44	1	1	1	2	2	1	2	3	1	1	1	"4"	"2"	"1"	"3"	"1"	"2"	32	6	8	39	33	13	19	6	107	70	26	3	137	44	59	63	47	5	95	84	10	68	40	93	85	58	108	120	41	79	152	28	13		1	1631		2026-05-12 09:19:18		T	F	35	35	0	0	0.89
572			"base"	"interview"	2026-05-12 09:19:45	2	1	4	4	2	3	3	3	2	1	1	3	3	1	1	3	2	2	1	1	5	5	5	2	1	1	5	2	4	3	4	4	4	4	5	4	2	1	2	2	5	4	3	4	3	3	1	5	2	3	4	5	5	3	5	2	4	4	5	2	5	4	2		1		1	2	1	5	3	1	3	1	3	4	2	1	4	3	4	4	1	3	2	2	5	5	2	3	2	3	4	1	29	2	2	7	1	F	F	F	F	F	T	F	F			"Marketing"	"40"		2	2	9	1	1	9	4	1	4	4	4	4	4	5	3	4	5	5	1	21	1	7	6	2	4	5	3	2	4	"Schnelle Entwicklung, es ist schwer up-to-date zu bleiben, weil sich ständig etwas ändert. Druck, ""vorne mit dabei"" zu sein, bei neuen Trends, Tools und Anwendungen. Dadruch entsteht Stress und der Wunsch nach Entschleunigung im Alltag. "	"Teilweise, er verändert sich. Ich kann mir KI zu Nutzen machen, um meine Arbeitsweise zu verbessern, zu verschnellern oder zu verändern. Ich sehe aber auch die große Gefahr der Überforderung und den Wunsch danach, ""offline"" ohne KI zu arbeiten. "	1	1	1	1	4	4	2	2	2	2	2	1	1	2	3	2	3	2	3	3	3	2	3	2	2	3	6	7	77	72	5	4	87	74	3	2	96	89	47	16	63	47	7	7	84	84	4	65	78	49	5	84	84	62	3	20	18	98	14	22	51	17	7	91	89	67	100	90	3	51	50	72	2	49	98	4	3	97	29	74	18	37	101	11	11	75	83	90	12	74	13	13	17	93	93	16	5	1	3	1	3	3	2	2	4	2	2	3	"1"	"3"	"2"	"4"	"2"	"1"	12	34	10	15	25	30	16	2	12	1	18	1	87	76	62	91	55	10	65	147	9	60	40	96	71	50	99	102	64	69	232	34	11		5	1711		2026-05-12 09:48:16		T	F	35	35	0	0	0.9
573			"base"	"interview"	2026-05-12 09:27:09	1	1	1	1	2	1	1	3	1	1	3	2	1	1	1	3	1	1	1	2	4	4	4	1	1	1	2	5	1	5	2	4	3	4	4	3	3	2	3	2	3	2	1	4	5	3	3	2	1	1	3	2	1	3	5	1	3	2	2	2	2	2	2		1		1	2	2	4	2	1	3	5	3	3	2	4	1	3	2	4	1	3	2	4	4	2	2	1	1	1	3	1	32	2	2	6	1	F	F	F	T	F	F	F	F			"bei der Kommunalverwaltung im Standesamt"	"39"		2	2	4	1	7	4	6	2	5	5	5	5	4	4	4	2	5	2	1	14	1	4	7	3	6	2	5	5	4	"Vielen Koleginnen und Kollegen muss die Angst genommen werden, durch KI komplett ersetzt zu werden. Auch muss daran gearbeitet werden, dass man KI wohl grudsätzlich vertraut aber sie und ihre Ergebnisse dennoch kritisch hinterfragt und auf Richtigkeit prüft."	"Nein. Eventuell werden Aufgabenverlagerungen kommen aber mein Job wird relevant bleiben"	2	1	2	2	1	4	3	3	1	1	1	2	3	2	1	3	1	2	3	2	1	4	1	1	3	1	8	4	64	64	8	9	79	79	4	8	66	68	10	12	63	64	2	4	61	62	7	84	81	33	4	83	77	44	3	17	17	14	6	49	49	15	1	49	57	28	79	51	21	52	39	44	11	30	85	13	6	73	64	26	14	56	93	10	4	82	88	61	14	14	50	12	19	97	97	39	9	3	1	1	2	2	1	1	2	1	1	1	"1"	"4"	"3"	"2"	"1"	"2"	8	39	15	51	47	17	26	3	16	2	18	3	70	77	63	57	62	19	79	49	7	51	43	79	69	61	64	101	49	64	197	23	11		6	1546		2026-05-12 09:52:55		T	F	35	35	0	0	0.83
574			"base"	"interview"	2026-05-12 09:28:43	2	3	1	4	1	2	2	3	2	2	3	3	3	3	1	4	2	2	1	2	4	2	4	2	1	1	3	2	3	2	2	2	1	1	1	2	4	3	4	3	2	4	4	2	1	4	2	4	5	4	2	3	4	1	5	4	3	4	5	1	4	2	2		1		1	2	1	4	3	4	3	4	4	4	2	3	3	2	4	4	1	4	4	2	2	3	1	1	3	3	3	1	18	2	4	6	1	F	F	T	F	F	F	F	F		"Psychologie"				2	2	3	2	1	3	1	1	2	3	3	3	3	2	2	5	2	4	1	87	1	7	6	5	3	4	2	1	2	"KI ist fehlerhaft, KI gibt keine Quellen, KI kann Infos nicht auf Richtigkeit herausfiltern"	"Nein"	1	1	1	3	2	4	2	3	2	1	2	2	2	2	2	2	2	3	2	2	2	2	2	2	2	2	56	41	52	55	39	49	49	47	51	67	40	29	46	37	53	56	52	46	44	58	44	43	47	33	33	42	50	56	78	35	51	31	44	42	51	47	48	41	41	46	79	27	25	61	23	74	53	26	16	88	13	15	68	30	33	61	54	47	27	31	52	61	53	23	49	11	34	59	64	68	46	5	2	2	3	2	2	2	2	2	2	2	"1"	"4"	"2"	"3"	"2"	"1"	20	72	9	35	45	36	11	3	15	2	21	4	99	93	70	68	73	9	73	111	10	56	128	92	70	33	104	117	60	97	130	53	17		32	1839		2026-05-12 09:59:51		T	F	35	35	0	0	0.72
575			"base"	"interview"	2026-05-12 10:06:05	1	1	1	1	2	2	2	3	1	2	3	2	1	1	2	3	1	2	1	1	5	5	5	1	1	1	4	4	2	4	1	5	5	5	4	4	2	2	2	2	5	2	3	3	4	1	2	2	2	3	4	3	3	4	5	3	3	3	3	2	4	4	2		1		1	1	4	1	1	5	3	4	2	3	3	4	2	3	1	3	1	3	2	5	5	2	5	2	5	3	2	1	56	2	2	5	1	F	F	F	T	F	F	F	F			"Einzelhandel"	"40"		1	2	6	1	2	6	5	3	5	4	4	5	3	4	5	4	4	2	1	92	1	6	7	2	3	5	4	5	5	"Viele Arbeitskollegen in meinen Unternehmen könnten schwierigkeiten haben sich mit der KI-Technologie vertraut zu machen und diese zu nutzen. Es gibt auch nicht wenige, welche generell dem ganzen Thema eher skeptisch gegenüber sind."	"Für mich persönlich nicht mehr. Ich gehe aber davon aus, dass in 20 Jahren mein Job vermutlich nicht mehr in der aktuellen Form benötigt werden wird."	3	2	3	2	4	2	3	2	1	2	2	3	2	1	2	3	2	1	3	2	2	3	2	2	3	2	11	1	91	96	1	14	67	77	8	13	89	89	54	41	57	64	1	1	66	77	1	82	86	54	40	92	92	68	1	53	54	69	7	52	50	72	1	50	50	68	85	14	20	85	1	101	78	1	92	10	13	94	63	53	50	61	56	61	23	53	92	82	7	22	96	7	1	101	57	27	27	1	2	2	3	4	1	2	2	2	1	2	"2"	"3"	"1"	"4"	"1"	"2"	5	9	20	52	34	55	17	2	11	2	18	2	77	59	59	59	64	5	69	51	6	272	33	66	74	32	70	70	36	54	230	14	257		3	1414		2026-05-12 10:37:32		T	F	35	35	0	0	0.98
576			"base"	"interview"	2026-05-12 10:07:12	2	1	1	1	1	1	1	2	1	1	2	2	1	1	1	2	2	2	1	1	5	3	5	1	2	1	4	4	2	3	4	4	4	4	4	4	2	1	4	3	5	2	5	5	3	2	2	4	3	3	4	4	4	3	5	3	4	3	5	1	6	5	2		1		1	2	2	5	4	3	4	4	2	5	3	1	2	5	4	4	1	4	4	1	2	3	1	2	2	3	5	1	23	2	2	8	1	F	F	F	T	F	F	F	F			"Medizintechnik"	"41"		2	3	7	2	1	6	2	1	4	5	5	4	4	5	3	4	5	5	1	52	3	4	5	2	7	1	6	3	5	"Zu viel Vetrauen in KI Antworten und fehlende Einarbeitung bei der Arbeit zum Umgang mit KI."	"Nein, eher ein Zusammenarbeit."	2	1	1	1	2	4	3	3	2	1	1	3	3	2	3	3	1	2	3	2	2	3	3	1	3	2	13	1	101	86	1	1	101	22	1	1	1	91	1	1	101	70	1	1	101	37	1	101	101	52	1	101	101	30	1	73	73	43	1	25	52	52	1	28	28	52	101	88	1	87	15	40	1	40	101	23	1	53	89	48	1	49	22	72	1	51	101	101	1	1	50	1	1	101	87	65	43	1	2	1	3	3	1	2	3	1	1	1	"3"	"1"	"4"	"2"	"1"	"2"	11	107	14	32	36	21	22	3	10	1	22	2	358	69	82	42	59	3	55	45	2	45	34	74	72	47	79	103	51	62	201	24	17		9	1814		2026-05-12 10:37:26		T	F	35	35	0	0	0.97
577			"base"	"interview"	2026-05-12 10:13:22	1	2	4	4	2	4	4	3	4	2	1	3	3	4	1	3	1	3	4	4	3	3	3	1	2	2	5	1	5	2	2	2	2	2	2	2	3	4	4	4	5	5	5	3	1	3	5	5	3	5	4	5	5	3	5	4	3	2	1	5	4	3	2		1		2	2	1	5	5	1	4	4	4	4	2	1	1	3	4	4	1	3	5	1	1	4	2	1	1	3	3	1	25	2	2	6	2	F	F	T	T	F	F	F	F		"Biotechnologie "	"Luftfahrts-Sicherheit "	"18"		3	2	4	1	1	3	3	7	2	3	4	2	2	2	2	2	3	3	1	37	1	7	6	3	4	5	2	2	2	"Umwelteinfluss von Data Centern die KI braucht "	"Nein "	2	1	1	1	1	5	3	2	2	2	2	2	4	3	2	2	3	3	1	3	4	2	4	2	2	3	28	28	93	62	33	81	67	57	13	29	66	69	58	53	73	82	17	67	52	50	1	84	93	69	13	97	88	76	9	80	77	53	17	83	77	10	8	83	87	46	83	63	23	82	20	88	28	12	79	73	37	36	67	69	20	59	45	77	19	24	81	93	58	28	97	52	23	94	91	91	92	3	2	1	3	1	1	1	2	1	1	1	"4"	"3"	"1"	"2"	"1"	"2"	9	19	11	22	42	25	15	8	10	2	21	2	92	67	65	74	60	8	56	50	8	41	35	64	74	44	75	70	54	71	105	22	11		3	1335		2026-05-12 10:35:37		T	F	35	35	0	0	0.93
579			"base"	"interview"	2026-05-12 10:51:18	2	1	1	2	2	1	2	1	1	2	2	1	1	1	1	1	2	2	1	1	4	3	4	1	2	1	4	3	3	3	3	3	4	4	3	3	4	3	3	3	4	2	4	5	4	2	3	5	1	1	4	4	5	4	5	2	4	3	3	3	3	2	2		1	"Sehr interessante Studie, es hat mir spass gemacht, daran teilzunehmen."	1	2	3	4	4	2	4	5	3	4	3	4	2	4	3	5	1	4	3	3	4	4	3	1	3	4	4	1	42	2	2	4	1	F	F	F	F	F	T	F	F			"Coaching"	"15"		2	3	6	2	1	6	3	1	5	5	4	4	4	4	3	4	4	2	1	49	6	5	3	4	1	2	7	4	4	"Kompliziert für ältere Menschen, viele haben angst vor KI"	"Nein"	1	1	2	2	1	4	3	2	2	1	2	3	3	1	2	4	2	2	3	2	1	4	2	2	3	2	1	3	101	101	2	2	61	59	1	1	99	101	4	10	93	100	2	1	71	71	1	101	82	16	18	100	99	98	3	100	101	20	1	100	101	49	1	78	100	63	101	2	1	100	45	52	33	51	100	2	1	88	100	5	11	73	72	23	1	79	97	101	16	6	75	1	5	98	96	49	6	2	2	1	3	2	1	2	2	1	1	1	"2"	"1"	"3"	"4"	"2"	"1"	53	163	34	89	64	42	25	4	17	3	28	3	125	86	117	127	87	9	141	119	12	88	64	132	114	69	120	151	305	143	206	34	58		10	2433		2026-05-12 11:38:41		T	F	35	35	0	0	0.5
580			"base"	"interview"	2026-05-12 11:04:29	1	1	3	4	2	2	3	4	4	2	4	4	2	2	1	3	1	1	2	1	3	4	4	2	1	2	4	3	3	2	3	3	3	3	3	2	4	4	1	3	5	3	5	5	3	3	3	5	1	4	5	2	5	5	5	3	4	1	5	1	3	2	2		1		1	2	3	4	5	1	4	1	5	5	4	1	3	3	4	5	1	4	4	3	3	5	3	3	1	4	4	1	36	2	2	8	1	F	F	F	T	F	F	F	F			"Bildungssektor"	"38"		4	6	8	6	6	5	2	2	4	5	4	4	4	5	4	5	5	1	1	63	1	7	6	4	3	5	2	2	3	"Vor allem Hürden, da die KI nicht auf individuelle Situationen eingehen kann und sich nur innerhalb eines abgesteckten Regelwerks bewegt. Eine menschliche Ausnahme aus Kulanz wird sie wahrscheinlich nicht gewähren. "	"Derzeit nicht. Aber falls mein Arbeitsplatz durch KI ersetzt wird werde ich dies akzeptieren, mir eine andere Arbeit suchen und wünsche meinem Vorgesetzten viel Spaß mit der KI. "	1	1	1	1	2	2	2	1	1	2	1	1	2	2	2	2	3	2	1	1	3	2	2	2	1	2	1	1	56	53	1	1	51	35	1	1	59	68	1	1	101	82	20	51	14	43	1	101	101	84	1	101	101	59	1	101	101	86	1	101	101	19	54	66	101	54	86	66	28	27	9	86	50	2	74	41	12	34	83	11	1	74	47	61	10	50	101	101	1	14	83	1	48	70	96	101	22	1	2	2	4	4	2	1	3	1	3	1	"1"	"3"	"4"	"2"	"2"	"1"	3	24	7	13	19	13	8	1	9	1	9	2	72	66	56	40	93	6	37	43	5	33	26	49	52	28	48	64	33	52	147	31	6		3	1099		2026-05-12 11:22:48		T	F	35	35	0	0	1.38
581			"base"	"interview"	2026-05-12 11:13:34	2	1	2	3	3	3	3	4	2	1	4	3	2	3	1	3	1	2	3	1	3	3	4	2	2	2	5	2	4	1	3	2	4	3	3	1	4	4	4	2	5	3	4	2	2	1	3	3	4	4	4	4	4	2	5	3	5	3	4	2	3	3	2		1	"Interessante Forschungsfrage!"	1	2	2	4	3	1	4	4	4	5	4	1	4	5	2	4	1	4	4	1	1	3	1	4	1	4	4	1	36	2	2	8	1	F	F	F	T	F	F	F	F			"Digitalagentur"	"40"		5	4	3	2	2	4	1	3	4	4	3	5	4	4	4	5	3	2	1	101	1	7	5	3	2	4	6	2	4	"Halte KI für nicht vertrauenswürdig, da ich in der Vergangenheit viele Fehler im Output festgestellt habe, d. h. alles muss noch kontrolliert werden. Zugang zu KI ist außerdem teuer, kann ich mir privat nicht leisten und aufs Ausrollen in der Agentur warte ich noch (bürokratische Mühlen mahlen noch)."	"Ja, aber erst mittelfristig (KI muss noch besser werden, bis sie mich ersetzen kann)"	1	1	1	1	3	4	2	3	2	3	3	1	3	3	3	2	3	3	1	3	3	2	3	3	2	4	14	14	80	90	6	17	87	79	19	21	69	65	15	16	54	63	5	5	78	72	1	76	92	70	10	95	86	63	33	51	60	59	18	55	33	53	8	52	51	53	65	52	30	37	7	97	24	28	52	52	20	27	78	18	18	74	22	77	21	19	69	101	32	31	96	3	37	70	72	78	25	1	2	2	4	3	1	1	2	2	1	1	"1"	"2"	"4"	"3"	"1"	"2"	13	20	6	13	13	12	6	2	7	1	11	1	42	37	48	30	32	3	23	28	3	20	42	44	529	285	47	73	30	46	98	6	12		3	873		2026-05-12 11:40:00		T	F	35	35	0	0	1.57
582			"base"	"interview"	2026-05-12 11:31:15	1	1	1	3	2	1	1	3	1	1	1	1	1	1	1	2	1	1	1	2	3	2	4	2	1	1	4	2	3	4	3	4	2	3	3	2	5	4	4	2	5	3	4	5	4	2	2	5	2	1	4	4	5	4	5	1	4	5	4	2	3	2	2		1		1	2	3	3	2	1	5	4	2	5	5	1	2	2	2	5	1	4	2	1	4	4	1	1	2	3	4	1	21	2	2	6	1	F	F	T	F	F	F	F	F		"Sprachtherapie (BA)"				3	1	6	2	1	3	4	1	4	6	5	5	4	4	3	1	5	3	1	58	1	5	6	2	3	7	4	4	5	"Für ältere Angehörige/Kollegen stellt der Umgang mit technischen Neuerunen wie KI eine große Herausforderung dar."	"Nein überhaupt nicht, da Sprachtherapie eher weniger durch KI ersetzt werden kann. Sie könnte allerdings sehr hilfreich sein, wenn es um Diagnostik- und Therapiematerial geht. "	1	1	2	3	3	5	4	3	1	1	2	3	2	2	3	4	2	1	4	2	1	4	3	3	4	3	19	1	55	65	12	32	43	50	78	2	91	92	1	1	80	86	8	32	78	78	11	51	92	17	20	51	95	22	2	101	101	32	1	52	101	22	4	101	101	24	101	39	7	67	32	80	39	23	101	19	7	83	101	6	1	86	57	57	13	52	101	101	12	59	100	1	6	99	87	96	36	1	3	2	4	3	1	1	4	1	2	2	"1"	"3"	"2"	"4"	"2"	"1"	23	59	12	26	44	21	16	2	16	2	16	2	118	94	71	70	63	7	38	46	6	37	37	84	73	41	79	100	63	89	213	26	18		7	1619		2026-05-12 11:58:15		T	F	35	35	0	0	0.84
583			"base"	"interview"	2026-05-12 11:32:10	2	1	2	1	3	1	3	2	1	2	2	1	1	1	1	1	1	1	1	1	5	3	5	1	1	1	1	3	2	3	3	4	4	4	4	3	2	1	4	1	5	2	4	4	4	2	4	4	3	3	4	3	3	4	5	1	5	3	3	4	5	5	2		1		1	2	2	4	5	1	4	4	4	4	3	1	4	4	4	3	1	2	2	2	2	3	2	3	2	3	4	1	33	2	2	8	1	F	F	F	F	F	T	F	F			"Bildung"	"37"		2	1	3	1	1	2	1	1	6	6	4	5	6	5	5	6	6	2	1	100	1	7	6	5	2	4	3	5	5	"Die Angst vieler Menschen, dass sie Ihren Job verlieren und die daraus resultierende Ablehnung sich damit auseinanderzusetzen. "	"Teilweise ja. Ich arbeite als Content Writer. "	2	1	1	3	4	4	3	2	1	1	1	3	3	1	2	4	2	2	4	2	1	4	2	1	4	2	3	2	101	100	2	16	80	101	3	3	101	101	2	3	100	100	1	2	100	100	3	100	100	80	1	100	100	80	3	99	100	87	1	100	101	80	1	100	101	77	101	1	3	100	43	61	61	43	100	2	2	101	100	1	2	100	50	50	19	51	101	101	10	10	100	3	3	101	100	2	3	1	2	1	3	2	2	1	2	1	1	1	"3"	"2"	"1"	"4"	"2"	"1"	54	19	10	14	25	19	10	3	14	2	14	2	82	68	71	67	75	11	55	51	6	48	46	79	66	38	73	88	53	79	120	14	8		2	1386		2026-05-12 11:55:16		T	F	35	35	0	0	0.98
584			"base"	"interview"	2026-05-12 11:39:59	3	1	4	2	3	4	3	3	1	1	2	3	3	3	3	3	3	3	1	1	2	2	2	1	1	1	3	4	1	3	1	2	2	2	2	3	3	3	1	3	2	3	5	4	3	4	2	4	1	1	3	3	5	5	5	1	3	2	5	1	4	4	2		1		1	2	4	4	4	3	4	4	4	3	4	4	1	3	4	5	1	5	2	5	5	3	5	2	2	3	4	1	32	2	2	9	1	F	F	F	T	F	F	F	F			"Verlagsbranche"	"38"		2	3	7	2	7	8	4	1	5	5	4	4	2	4	4	3	4	4	1	44	1	3	7	6	5	2	4	1	3	"Fehlende Kompetenz und Reflektion im Umgang mit der Technologie. Fehlende Einsicht in Risiken oder das Verständins für Wirkungsweise."	"Nicht auf Kurze aber auf lange Sicht."	1	1	2	2	3	3	3	2	2	1	2	1	2	2	1	3	2	1	3	1	3	2	2	2	2	3	30	58	81	52	16	15	25	40	35	14	53	54	31	19	62	67	53	10	26	29	76	77	89	49	7	87	84	28	12	58	76	36	26	69	68	25	54	62	69	30	67	59	6	54	12	66	8	23	77	39	10	28	53	44	56	61	70	56	5	5	71	71	17	11	66	10	21	92	82	70	47	16	2	1	3	2	1	2	2	1	1	1	"4"	"3"	"2"	"1"	"2"	"1"	7	8	12	140	22	9	8	2	14	1	23	2	119	43	43	46	44	7	31	33	4	139	27	108	63	30	50	69	40	48	220	21	8		6	1327		2026-05-12 12:04:06		T	F	35	35	0	0	1.18
586			"base"	"interview"	2026-05-12 12:47:14	2	1	1	1	2	1	1	4	1	1	1	2	1	2	2	2	2	2	1	1	5	5	5	1	1	1	4	2	4	2	4	4	4	3	3	3	3	2	2	3	4	2	3	3	1	1	3	4	1	3	4	2	4	5	5	4	4	1	1	5	5	5	2		1		1	1	4	1	1	1	3	3	2	4	3	1	3	3	1	2	1	1	1	2	2	4	4	4	1	4	5	1	46	2	2	8	1	F	F	F	T	F	F	F	F			"Hospitality"	"25"		1	1	5	2	1	5	2	1	5	5	5	5	4	5	5	4	4	2	1	81	7	6	4	3	1	5	2	5	5	"Man muss eine KI oft trainieren bevor sie zuverlässig arbeiten kann"	"nein"	2	1	1	1	3	4	3	1	2	1	3	2	3	2	2	3	1	1	2	2	2	3	1	1	3	2	1	1	86	86	1	1	66	79	6	6	78	86	7	6	81	87	8	9	70	93	1	86	66	84	2	83	68	83	6	82	68	84	5	88	78	89	1	77	59	82	101	9	8	88	69	15	25	70	88	8	8	86	93	8	6	89	83	18	3	80	91	91	25	67	78	58	8	91	91	40	1	2	3	3	4	4	2	2	2	2	2	2	"4"	"2"	"1"	"3"	"1"	"2"	2	12	9	28	33	3	11	2	14	10	17	2	85	60	56	70	60	7	125	99	2	86	95	101	193	43	81	151	64	83	132	11	8		2	1757		2026-05-12 13:16:31		T	F	35	35	0	0	1.09
587			"base"	"interview"	2026-05-12 12:56:54	2	1	2	4	3	2	1	3	4	4	3	2	3	4	1	3	3	3	4	3	3	2	2	4	4	4	2	4	2	3	4	4	4	4	4	2	4	4	5	1	4	4	4	4	4	3	1	4	3	1	4	5	5	2	5	1	4	5	5	1	5	6	2		1	"Bei den Berufen habe ich aus Versehen ""Beamter"" angekreuzt statt Freiberufler und konnte nicht mehr zurückgehen. Ich würde mich freuen, wenn Sie dies berücksichtigen könnten. "	1	2	2	4	4	2	5	4	5	5	3	1	5	2	5	5	1	4	5	5	5	4	5	3	3	4	2	1	29	2	2	8	2	F	F	F	T	T	F	F	F			"Bildung (angestellt), Übersetzung und Kreatives (freiberuflich) "	"25"		1	1	7	2	1	3	2	1	1	1	2	1	2	1	1	2	2	2	1	101	1	7	3	2	4	5	6	3	3	"Viele technische Neuerungen werden so schnell eingeführt, dass es nicht ausreichend Schulungen etc. gibt, um damit erfolgreich umzugehen. Außerdem werden diese zu wenig reglementiert, sodass schnell Probleme wie Fake News etc. auftreten, ohne dass die meisten Menschen genug Medienkenntnisse besäßen um diese von realen Nachrichten zu unterscheiden. "	"Freiberuflichkeit: ja. Insbesondere in der Übersetzung und im kreativen Bereich bieten inzwischen viele Freiberufler KI-generierte Texte und Übersetzungen für unterirdische Preise an, gegen die man als qualifizierte Person nicht ankommt. Auch im Bereich der Bildung wird sich vermutlich noch einiges tun. "	2	3	4	2	1	5	2	4	3	2	4	1	2	3	4	2	4	4	2	4	3	3	4	3	1	3	34	34	39	21	75	74	11	21	18	18	33	51	3	3	90	72	70	3	32	57	8	99	99	9	67	34	59	51	3	99	92	11	3	50	32	32	3	78	78	23	64	24	24	38	3	101	65	51	89	10	10	66	99	9	9	88	58	58	13	37	77	86	3	58	93	2	61	90	90	59	3	2	2	1	2	3	2	2	4	1	2	1	"4"	"1"	"3"	"2"	"1"	"2"	8	23	15	20	86	5	11	2	6	2	17	1	80	73	82	73	73	2	40	55	2	39	29	99	59	26	60	88	27	53	242	21	46		4	1469		2026-05-12 13:21:23		T	F	35	35	0	0	1.21
591			"base"	"interview"	2026-05-12 13:30:05	2	1	1	3	4	2	3	3	1	2	2	3	1	2	2	3	1	3	3	1	3	2	3	4	3	3	4	2	4	2	4	3	3	2	3	4	2	2	5	2	4	3	2	1	4	2	2	3	4	4	4	5	3	4	5	3	4	5	3	4	4	3	2		1	"Nein"	1	2	3	4	3	1	4	4	3	3	2	4	2	4	2	4	1	4	5	1	3	4	1	3	2	4	4	1	36	2	2	5	1	F	F	F	T	F	F	F	F			"Sales"	"9"		2	5	5	6	3	3	7	3	5	5	3	2	2	2	2	2	4	6	1	63	6	5	1	2	3	4	7	4	3	"Das Vertrauen und zuversicht in KI."	"Ja"	3	5	1	4	2	2	2	2	1	1	3	3	2	3	3	3	2	3	1	3	2	2	3	2	2	3	61	33	82	78	12	13	84	95	82	11	87	90	86	19	54	54	53	30	79	83	55	64	55	34	24	52	81	51	9	86	85	53	23	25	49	19	25	51	43	27	78	49	40	50	12	95	91	15	89	22	22	84	83	56	83	32	52	72	87	18	90	80	7	58	84	4	10	94	37	10	7	3	3	3	2	3	2	3	3	2	1	3	"2"	"4"	"3"	"1"	"2"	"1"	24	14	9	23	20	25	70	3	13	3	24	2	148	113	96	181	141	4	117	70	2	48	38	122	83	82	135	173	113	127	111	15	11		2	2162		2026-05-12 14:06:07		T	F	35	35	0	0	0.86
592			"base"	"interview"	2026-05-12 13:47:04	2	2	3	3	3	4	4	4	2	4	4	4	3	1	1	4	1	3	2	2	4	3	3	1	2	1	3	3	3	3	3	4	4	3	3	3	2	2	5	2	4	4	5	4	3	2	1	5	5	2	3	5	5	1	5	2	3	5	5	1	3	1	2		1		1	2	3	3	3	3	4	2	5	5	4	1	2	3	3	5	1	3	4	2	2	4	4	3	1	4	4	1	46	2	2	8	1	F	F	F	T	F	F	F	F			"Bildung"	"22"		1	1	1	1	1	1	1	1	2	3	3	2	3	3	2	2	3	3	1	73	2	5	3	1	7	4	6	5	4	"Die Unvorhersehbarkeit der sich daraus entwickelnden neuen Prozesse."	"Nein."	2	1	3	1	1	4	1	3	2	3	3	1	2	2	3	2	3	3	2	1	3	2	3	3	2	4	53	33	65	21	39	87	48	21	49	18	56	25	70	37	40	18	40	58	48	31	40	68	73	25	50	74	79	32	43	70	75	26	41	71	73	38	20	72	76	33	82	24	9	70	1	101	75	1	83	10	6	78	65	30	22	62	49	57	32	42	87	100	10	65	86	3	37	75	96	65	83	1	2	1	3	2	1	1	3	1	1	1	"2"	"1"	"3"	"4"	"2"	"1"	3	56	16	21	32	24	7	2	19	1	21	2	74	84	57	51	41	6	43	56	5	44	38	76	78	24	92	109	45	61	120	23	34		3	1368		2026-05-12 14:09:52		T	F	35	35	0	0	1.07
593			"base"	"interview"	2026-05-12 13:55:59	1	1	1	3	2	1	1	2	1	1	2	1	1	1	1	2	1	1	1	1	4	1	2	1	1	1	3	4	1	4	3	4	4	4	4	3	3	2	2	2	5	3	4	4	5	2	3	4	1	3	4	3	4	5	5	2	3	2	5	1	3	5	2		1	"Nein."	1	2	5	4	2	4	4	1	1	2	4	3	1	4	1	4	1	4	1	5	5	4	4	1	4	4	4	1	26	2	2	7	1	F	F	T	F	F	F	F	F		"Marketing- und Brand-Management"				1	1	6	1	1	5	1	1	5	5	5	5	5	5	5	5	5	1	1	99	3	6	5	2	7	4	1	4	5	"Jeder nutzt KI-Systeme aber es wird zu wenig geschult, wie diese richtig ung gewinnbringend zu nutzen sind."	"Nein."	3	2	2	2	3	4	4	1	2	1	2	3	3	1	3	4	1	1	3	2	2	3	2	1	3	2	17	1	76	60	27	64	43	12	2	22	72	59	2	2	91	84	8	17	76	70	8	99	101	89	21	88	88	67	2	99	93	81	2	99	100	83	9	94	82	82	97	49	24	70	20	73	6	14	99	16	15	67	101	3	1	101	94	15	18	80	101	101	38	7	94	1	14	97	87	98	48	3	2	3	3	4	1	2	3	1	2	1	"3"	"1"	"4"	"2"	"2"	"1"	3	8	10	15	27	14	9	1	12	2	14	2	70	56	63	46	54	7	43	46	8	42	28	58	48	28	61	89	39	56	93	10	11		1	1074		2026-05-12 14:13:53		T	F	35	35	0	0	1.35
594			"base"	"interview"	2026-05-12 14:07:49	1	1	1	1	2	2	2	3	1	1	2	2	1	1	1	2	1	2	1	1	4	3	4	1	1	1	4	2	3	3	3	4	4	3	3	2	3	4	2	4	3	2	3	3	4	4	3	3	2	2	4	4	4	4	5	2	2	2	4	2	5	4	2		1		1	2	3	4	2	4	3	5	4	2	2	4	3	4	3	4	1	2	2	5	5	3	4	3	2	1	4	1	32	2	2	7	1	F	F	F	T	F	F	F	F			"Unternehmensberatung"	"40"		2	4	6	1	3	3	3	3	5	5	6	3	3	4	4	3	4	3	1	30	4	1	5	2	3	6	7	4	4	"viele Dinge aufgrund von Compliance nicht möglich

Schwierig fehlerhafte Informationen von richtigen zu unterscheiden"	"nein"	1	2	2	2	2	4	2	2	2	2	3	2	3	2	2	3	3	2	3	2	1	3	1	2	3	2	6	15	90	74	26	31	68	58	34	34	73	59	31	24	58	44	16	21	63	53	16	64	64	55	23	66	57	32	39	59	58	36	18	61	56	40	18	62	65	51	86	17	1	73	18	72	22	25	58	47	66	46	85	25	18	53	54	29	21	48	66	62	8	44	67	7	26	67	74	79	31	9	3	3	4	3	2	2	3	2	2	3	"3"	"2"	"1"	"4"	"1"	"2"	20	12	10	19	25	6	13	4	13	1	10	2	97	535	79	58	47	6	46	30	8	38	33	69	73	60	63	96	130	62	115	18	6		4	1338		2026-05-12 14:37:58		T	F	35	35	0	0	1.07
595			"base"	"interview"	2026-05-12 14:38:12	1	1	1	1	2	1	1	1	1	1	2	1	1	1	1	1	1	1	2	1	5	5	5	1	1	1	4	4	2	3	2	4	4	4	4	4	2	1	2	1	4	1	4	4	5	1	1	4	1	4	4	5	5	4	5	4	4	5	5	1	7	7	2		1		1	2	3	4	4	3	5	5	4	5	4	1	5	5	2	4	1	4	1	2	4	4	4	1	1	5	5	1	24	2	2	7	2	F	F	T	T	F	F	F	F		"Informatik"	"Software Entwicklung"	"20"		3	1	7	3	1	6	1	1	6	6	6	6	5	6	5	5	5	1	1	101	7	1	6	3	4	2	5	5	5	"Als Software Ingenieur weiß ich nicht, was ich in 10 Jahren beruflich noch machen werde. Unsere Welt wird von digitalen Systemen bestimmt sein, die keiner versteht. Das macht mir schon Sorgen."	"Irgendwie ja, in der Form wie die Arbeit jetzt aussieht. Aber ich denke sie wird sich verändern, ich muss nur bereit sein mich anzupassen und flexibel zu sein. Am Puls der Zeit zu bleiben ist wichtig."	3	1	5	2	1	5	3	2	1	1	1	2	2	1	4	4	2	2	4	4	1	4	2	2	3	2	1	1	101	101	1	1	101	101	1	1	101	101	1	1	101	101	1	1	101	101	1	97	101	68	1	101	101	93	1	77	101	65	1	97	101	66	1	101	101	60	101	1	1	85	80	49	1	50	101	1	1	95	100	1	1	76	101	84	1	62	101	101	1	1	74	1	1	101	101	62	1	1	4	4	3	4	2	1	2	2	1	2	"2"	"3"	"1"	"4"	"2"	"1"	13	33	25	22	33	16	8	3	12	3	16	2	82	56	60	47	49	6	36	40	8	48	34	59	57	39	56	81	42	56	149	17	7		3	1218		2026-05-12 14:58:30		T	F	35	35	0	0	1.04
596			"base"	"interview"	2026-05-12 15:03:01	2	2	2	2	2	2	2	2	1	2	2	2	2	2	1	2	2	2	1	2	4	4	3	2	3	3	4	3	3	3	3	3	4	3	4	3	4	4	2	3	5	4	5	5	4	1	2	5	1	2	5	4	5	4	5	2	4	4	5	1	3	3	2		1		2	1	4	2	1	3	4	4	4	4	4	2	3	5	3	4	1	4	3	2	5	5	2	4	4	4	4	1	39	2	2	8	1	F	F	F	F	F	T	F	F			"Bildung"	"50"		2	5	5	2	1	5	2	1	5	5	5	5	5	5	3	5	6	4	1	83	1	5	7	4	2	6	3	5	5	"Es kann misbraucht oder überbenutzt werden und die Richtigkeit muss immer in Frage gestellt werden."	"Nein."	3	2	3	2	2	5	3	1	2	1	2	2	2	2	3	3	3	2	3	2	2	3	3	4	3	3	52	30	73	89	14	14	89	88	15	14	83	84	33	33	76	78	23	23	76	84	43	53	54	78	11	51	25	84	11	49	27	90	23	53	52	78	29	29	30	74	68	31	8	62	90	12	4	85	94	7	1	81	80	36	9	70	83	13	3	63	88	88	66	79	90	25	1	101	101	85	18	1	3	3	4	4	3	3	3	2	3	2	"3"	"4"	"1"	"2"	"1"	"2"	4	6	8	20	18	22	24	3	15	3	15	3	72	52	51	55	57	6	51	42	8	43	27	67	65	40	63	86	42	70	98	14	6		5	1161		2026-05-12 15:22:22		T	F	35	35	0	0	1.15
597			"base"	"interview"	2026-05-12 15:28:22	1	1	1	2	2	1	1	2	1	1	1	1	2	2	1	2	1	1	2	2	4	3	4	2	2	1	4	3	2	2	3	2	2	3	3	2	4	3	3	2	4	2	5	4	3	2	4	4	2	2	3	3	4	4	5	2	3	3	4	1	4	2	2		1		1	1	2	4	2	1	3	3	3	3	4	2	1	4	2	5	1	5	3	3	4	5	3	1	2	3	5	1	40	2	2	8	1	F	F	F	T	F	F	F	F			"Wissenschaft"	"28"		2	3	2	1	1	3	1	1	4	4	5	4	3	4	3	3	4	2	1	70	1	6	7	4	3	2	5	4	4	"Komplexes Themenfeld. Unwissen über sinnvolle Nutzung. Menschen zb. Ältere werden abgehängt. Angst vor negativer Nutzung - nicht mehr erkennbar, was ""echt"" ist. "	"In Anteilen könnten Aufgaben übernommen werden. Ich rechne eher mit einer Verschiebung der Aufgaben durch KI"	1	1	2	1	1	4	2	1	2	1	2	2	4	1	1	3	1	2	3	2	1	4	1	2	4	1	4	15	90	76	1	9	69	75	10	15	80	85	5	15	86	87	9	22	87	88	22	69	81	62	10	87	101	58	6	87	79	64	10	77	82	74	10	80	79	63	85	26	12	55	74	27	22	66	87	28	4	86	91	12	4	77	91	36	9	63	90	90	17	8	89	1	7	90	89	88	26	1	1	1	2	1	1	1	2	1	1	1	"4"	"3"	"1"	"2"	"2"	"1"	3	38	7	16	30	3	10	3	13	3	11	3	92	62	60	52	65	7	49	59	5	51	37	101	85	48	83	144	61	88	207	14	9		2	1521		2026-05-12 15:53:43		T	F	35	35	0	0	1.09
598			"base"	"interview"	2026-05-12 16:14:48	1	1	1	3	2	2	2	4	1	2	1	3	2	1	1	4	2	2	1	1	2	1	2	1	1	2	3	4	1	3	3	3	2	4	3	5	1	3	5	2	4	2	5	2	3	1	1	4	4	3	3	5	3	2	5	2	3	5	3	4	5	3	2		1		1	1	1	3	2	2	3	5	3	4	4	2	2	3	1	2	1	3	1	1	1	3	1	1	1	1	3	1	31	2	2	8	1	F	F	F	T	F	F	F	F			"Forschung & Lehre"	"39"		1	1	1	1	1	1	1	1	4	5	6	5	4	5	4	3	5	1	1	101	4	7	3	1	5	2	6	2	2	"Zu viele Menschen vertrauen blind darauf, was die KI sagt. Oft gibt die KI aber auch falsche Informationen. Es ist daher nach wie vor wichtig Aussagen zu kontrollieren, was aber nicht jeder tut. 

Schüler und Studenten nutzen KI um Aufagben zu lösen. NIcht immer kann man das nachweisen und am Ende hat man dann junge Menschen mit Abschlüssen die nicht wirklich eine Ahnung haben von dem, was sie lernen sollten."	"Nein. "	1	1	2	1	1	4	3	3	2	2	2	2	1	2	3	2	2	2	1	1	2	2	2	1	2	2	1	55	86	29	1	1	78	22	1	1	101	101	1	1	85	86	1	1	76	76	1	16	25	67	1	82	101	50	1	1	1	101	1	1	82	52	1	1	82	53	1	71	1	18	1	101	1	1	100	52	1	75	101	17	1	73	25	79	1	20	101	101	1	1	74	1	1	101	101	79	22	1	2	2	3	4	2	2	3	2	1	2	"1"	"2"	"4"	"3"	"1"	"2"	23	104	65	27	40	9	19	1	13	5	7	2	111	109	79	95	99	10	61	69	8	67	45	124	145	34	83	134	71	127	264	42	5		10	2052		2026-05-12 16:49:56		T	F	35	35	0	0	0.83
599			"base"	"interview"	2026-05-12 16:27:00	2	2	1	2	2	1	2	2	1	2	1	2	1	1	1	2	1	1	1	1	3	3	3	2	3	3	2	4	1	4	3	3	3	3	3	3	3	4	3	3	5	1	4	5	3	3	2	2	2	2	3	2	4	4	5	2	5	2	3	3	3	3	2		1		1	2	1	1	1	1	4	3	3	5	3	1	1	4	1	3	1	2	1	1	4	2	1	1	1	4	5	1	29	2	2	7	1	F	F	T	F	F	F	F	F		"Internationales Informationsmanagement - Informationswissenschaft"				2	6	2	1	1	1	1	3	4	6	6	6	5	3	4	4	4	3	1	101	1	6	5	3	4	7	2	3	3	"Dass es ständig neue Tools gibt und man auf dem Laufenden bleiben muss. Außerdem gibt es ethische und rechtliche Bedenken."	"Nein"	1	1	1	2	1	5	3	3	2	3	1	2	2	2	2	3	1	1	3	1	1	3	1	1	2	2	9	2	83	82	5	1	67	60	33	4	74	82	14	1	87	86	5	5	24	46	6	9	84	9	1	67	80	7	7	7	14	10	1	6	11	9	5	10	56	12	91	52	8	64	12	89	7	19	93	36	14	75	86	33	12	74	49	61	9	45	86	86	14	52	87	12	9	90	92	84	83	1	1	1	1	1	1	1	2	1	1	1	"3"	"1"	"4"	"2"	"1"	"2"	2	5	8	12	36	8	5	2	6	1	11	2	67	57	62	60	50	4	40	30	3	34	24	37	57	20	110	78	41	48	98	19	5		3	1045		2026-05-12 16:44:25		T	F	35	35	0	0	1.53
600			"base"	"interview"	2026-05-12 16:30:26	1	1	3	3	3	3	2	3	1	3	2	2	1	2	1	2	2	3	1	2	4	3	4	2	1	2	4	3	1	3	2	3	3	2	3	2	4	4	2	3	4	4	5	4	4	3	1	3	1	2	3	5	5	4	5	2	3	4	5	1	5	5	2		1		1	2	3	4	1	4	2	4	3	4	4	1	3	2	5	5	1	4	3	3	4	5	1	4	4	2	2	1	30	2	2	7	1	F	F	F	T	F	F	F	F			" Tech-Branche, UX/UI Design, in einem SaaS-Unternehmen"	"40"		5	2	6	3	1	5	2	1	3	2	2	4	3	4	2	2	4	3	1	10	5	3	4	2	6	1	7	4	4	"Der exponentielle Wachstum macht es schlicht unmöglich up-to-date zu bleiben. Die Schnelligkeit verunsichert und sorgt dafür, dass man sich überfordert fühlt. Es wird zwar auch viel hands-on gemacht und probiert, Druck und kein gemeinsames Ziel (gerade im beruflichen Kontext) sorgen jedoch für sehr viel Wildwuchs und irgendwann weiß die eine Hand nicht mehr was die andere macht."	"Teils teils, ich bin mir bewusst, dass es einige Aufgaben so nicht mehr geben wird bzw diese durch KI und Automatisierungen übernommen werden. Gleichzeitig bin ich der Meinung, dass KI auch richtig angewendet werden und eine Guidance vorhanden sein muss, die (momentan) nur von Menschen übernommen werden kann."	2	1	2	1	2	4	3	3	2	1	2	2	2	3	4	2	3	4	3	4	2	3	4	4	2	2	17	3	48	23	9	2	16	15	1	1	55	55	8	22	54	49	6	3	67	65	6	27	33	50	35	35	90	8	1	23	88	10	5	13	44	25	4	18	13	19	77	11	9	35	19	79	5	16	69	35	1	81	82	47	6	22	55	20	7	45	98	30	7	28	86	2	3	87	97	72	25	2	3	2	4	4	2	2	4	2	3	3	"1"	"4"	"2"	"3"	"2"	"1"	14	66	30	16	48	25	11	2	10	2	22	1	85	63	92	71	60	6	46	39	4	57	29	65	55	65	77	83	46	58	307	15	9		2	1581		2026-05-12 16:56:47		T	F	35	35	0	0	1.01
601			"base"	"interview"	2026-05-12 16:34:41	2	1	3	4	2	3	2	1	1	2	2	2	3	2	1	2	1	2	2	3	4	4	3	2	1	2	4	2	4	2	5	2	2	3	3	3	3	3	4	2	4	5	5	4	2	2	1	4	2	3	5	5	5	3	5	1	4	5	5	1	3	3	2		1		1	1	1	4	3	1	5	2	5	5	2	1	4	4	4	4	1	4	4	1	1	4	1	5	1	4	4	1	18	2	2	6	1	F	F	F	T	F	F	F	F			"Bildung"	"24"		2	1	6	3	1	7	2	4	2	4	3	4	5	5	1	4	5	6	1	45	2	7	6	1	4	5	3	2	4	"keine ahnung"	"Nein, es ist vorerst nicht leicht, Lehrer/innen durch KI zu ersetzen"	3	1	1	4	2	5	2	4	1	3	2	3	3	4	4	2	2	4	3	3	3	3	4	2	3	3	58	23	34	58	51	33	24	44	38	29	43	65	59	25	34	68	76	62	21	35	35	67	54	28	61	61	73	34	51	64	63	39	50	64	68	39	68	25	39	21	79	47	29	43	48	89	65	33	74	44	37	56	89	43	35	69	46	78	46	35	83	57	36	43	53	1	26	101	39	20	34	1	2	1	4	4	1	2	3	1	2	1	"1"	"4"	"2"	"3"	"1"	"2"	8	10	19	13	20	11	8	4	28	3	14	2	46	37	37	33	40	4	40	33	3	24	22	46	182	38	48	87	34	47	97	18	6		2	1064		2026-05-12 16:52:26		T	F	35	35	0	0	1.34
602			"base"	"interview"	2026-05-12 16:34:50	1	1	1	1	2	1	2	3	1	1	2	2	1	1	1	2	1	1	1	2	4	4	4	2	1	1	3	4	1	3	4	4	5	4	4	3	3	2	2	2	4	1	5	5	4	3	2	3	1	2	4	3	4	4	5	1	3	4	5	2	5	5	2		1		1	1	4	4	5	3	4	3	2	4	3	1	2	3	2	4	1	4	5	4	5	3	4	2	2	2	4	1	24	2	2	6	1	F	F	T	F	F	F	F	F		"Informatik"				2	3	6	2	1	6	1	1	5	5	3	4	5	6	4	5	5	4	1	101	1	7	6	5	3	4	2	2	3	"Es kann dazu kommen, dass aufgrund der ""Gier"" nach so viel Gewinn wie möglich, Stellen abgebaut werden und versucht wird auf Stellen zu verzichten. Jedoch führt dies zu mehr Druck auf den Arbeitenden sowie den Personen, die Aufgrund der Entwicklung ihre Arbeitsstelle verlieren oder nicht mehr so ausführen können. 
KI kann perse sinnvoll sein, jedoch ist sie auch zu einfach dafür zu verwenden ihre schlechten Eigenschaften zu betonen."	"Ja und Nein. In der IT wird sich die Art zu Arbeiten durch KI stark ändern und vielleicht auch stark reduzieren. Jedoch denke ich, dass die nächsten Jahre KI die IT nicht im allgemeinen Sinne bedroht. "	1	1	3	2	2	5	3	2	1	1	2	3	3	2	2	3	1	2	3	3	1	3	2	2	3	2	1	1	74	101	1	15	50	101	62	15	88	101	32	9	100	82	33	18	80	72	1	101	101	70	1	101	101	78	2	100	100	40	10	101	81	71	1	101	88	92	101	64	1	72	21	101	7	7	101	84	1	50	82	72	15	50	67	82	61	25	101	82	23	92	68	4	16	90	101	100	83	2	2	2	3	3	1	1	2	1	1	1	"1"	"2"	"4"	"3"	"1"	"2"	16	87	7	17	33	11	9	3	18	3	10	2	108	74	110	76	170	4	53	75	6	56	31	83	87	43	73	100	64	73	230	27	10		2	1771		2026-05-12 17:04:21		T	F	35	35	0	0	0.92
603			"base"	"interview"	2026-05-12 16:41:09	1	1	1	1	2	1	1	1	1	1	1	1	1	1	1	1	1	1	1	1	5	5	5	1	1	1	5	5	1	3	3	4	4	4	4	4	3	2	5	2	4	2	5	4	5	3	4	5	5	4	3	3	5	1	5	2	3	3	5	1	5	4	2		1	"Viel Erfolg. :-)"	1	2	1	3	3	1	4	1	2	3	5	1	1	5	2	5	1	5	2	1	5	4	1	1	1	3	5	1	35	2	2	6	1	F	F	F	T	F	F	F	F			"Öffentliche Verwaltung"	"39"		1	5	5	1	1	4	4	3	5	6	5	6	6	5	4	3	4	3	1	97	1	4	7	3	6	2	5	5	5	"In meinem beruflichen Umfeld sehe ich zunächst die Prozesserhebung als Hürde. Viele Prozesse sind vorab weder erhoben, noch modelliert oder gar optimiert. Es wird nach technischen Lösungen gesucht und diese anschließend implementiert. Die Prozessdurchführung bleibt jedoch ineffizient, wenn der Prozess selbst weiterhin mangelhaft und fehleranfällig ist. Der Einsatz von KI verbessert keine Prozesse, die zuvor nicht sauber optimiert wurden. Des Weiteren meint jeder Fachbereich sein eigenes Süppchen zu kochen und diverse technische Unterstützung anzuschaffen. Das ist ein Wildwuchs an Technologie, weil keiner hinten runterfallen möchte. KI bedeutet allerdings nicht automatisch auch Effizienz.

Im persönlichen Umfeld sehe ich ggf. Hürden bei der Anwendung. Es ist oftmals nicht klar, welche Software für welche Bedürfnisse ""richtig"" ist. Es gibt zu viele angebotene Apps, bei denen Laien keinen Durchblick haben."	"Ohje, auf gar keinen Fall. Eh das passiert, bin ich in Rente. ;-)"	1	1	1	1	2	4	3	2	2	2	1	3	3	1	3	4	1	2	4	2	2	4	2	1	4	1	13	1	96	62	2	1	90	81	1	1	91	96	2	2	96	77	1	1	96	95	1	98	86	101	1	101	101	101	1	82	69	101	1	52	53	76	1	52	53	101	96	7	1	90	45	59	12	46	93	1	1	93	100	2	2	96	94	20	1	94	101	101	6	1	37	1	2	100	101	91	11	1	1	2	4	2	1	1	2	1	1	2	"2"	"1"	"4"	"3"	"1"	"2"	25	114	17	33	45	42	15	2	13	2	35	2	108	98	82	91	80	8	68	110	12	77	45	90	94	51	84	109	67	80	776	30	28		2	2436		2026-05-12 17:23:24		T	F	35	35	0	0	0.71
604			"base"	"interview"	2026-05-12 17:07:27	1	1	1	1	1	1	1	1	1	1	1	2	1	1	1	1	1	1	1	1	3	2	2	1	1	1	5	2	4	2	4	3	3	3	3	3	2	2	1	3	3	1	5	3	1	2	4	2	1	5	4	3	2	4	5	5	5	1	1	5	6	6	1	"Seite ist abgestürzt, wenn man auf weiter geklickt hat. Nach teilweise mehrmaligem aktualisieren aber wieder reingekommen. Zweimal. "	1	"Manchmal ist die Studie in einen Error gelaufen, wenn ich ""Weiter"" geklickt habe. Hat sich dann aber wieder aktualisiert nach kurzer Wartezeit."	1	1	4	4	5	2	4	5	1	4	1	1	1	2	1	5	1	3	1	1	5	4	1	1	1	5	4	1	28	2	2	8	1	F	F	F	F	F	T	F	F			"Production"	"60"		8	2	6	6	3	5	6	4	5	6	6	6	6	6	6	6	6	2	1	101	1	6	5	4	7	3	2	3	3	"Fehleranfälligkeit, Blindes Vertrauen in Automationen, Verlust von Verantwortung"	"Nein"	1	1	1	3	1	2	2	3	1	1	1	3	4	2	2	4	1	1	4	2	1	4	1	1	4	2	23	21	101	101	26	33	64	77	22	25	67	77	52	51	38	37	25	40	53	76	22	51	62	90	14	26	38	86	19	39	68	84	10	37	59	83	28	48	66	71	101	16	11	59	33	63	36	21	79	41	25	59	59	80	22	27	65	57	16	43	101	29	39	85	94	44	24	86	101	19	1	1	1	1	4	3	1	1	1	1	1	1	"3"	"4"	"1"	"2"	"1"	"2"	18	8	3	17	30	5	8	84	20	3	14	2	49	39	35	41	42	5	37	28	4	26	18	52	54	32	45	72	24	128	92	18	41	34	4	1051		2026-05-12 17:26:19		T	F	35	35	0	0	1.35
605			"base"	"interview"	2026-05-12 18:21:02	1	1	2	1	1	2	1	2	1	1	1	2	1	1	1	1	2	2	1	1	2	2	2	3	4	3	3	4	2	3	3	2	3	2	3	2	4	4	5	2	4	3	4	3	3	2	4	5	5	5	3	3	5	1	5	3	4	2	5	2	4	4	2		1		1	2	1	4	2	1	4	4	3	5	5	1	2	4	2	5	1	5	4	1	2	5	1	3	2	3	4	1	38	2	2	8	1	F	F	F	F	F	T	F	F			"Bildung"	"30"		3	6	3	5	2	2	6	3	6	6	6	4	4	6	5	5	5	2	1	71	2	7	6	1	4	3	5	2	2	"Ich persönlich respektiere und schätze menschliche Anstrengung und Expertise, habe aber sehr wenig Respekt für die Arbeit von Menschen, die den Großteil ihres Denkaufwands von einem Computer erledigen lassen (überspitzt gesagt). Für mich ist also die größte Hürde für den erfolgreichen Umgang mit KI meine eigene Abneigung."	"Ich bin Sprachlehrerin, also teils teils. Es gibt immer mehr Apps zum Sprachenlernen, die teilweise auch KI verwenden. Viele Lernende, die früher eine traditionellen Sprachkurs gebucht hätten, entscheiden sich stattdessen für eine solche App. Für die Grundkenntnisse kann das auch sehr praktisch sein, allerdings bin ich der Meinung, dass KI nie das Sprechen mit anderen Menschen im Rahmen des Sprachenlernens ersetzen kann, zumindest nicht auf den höheren Niveaus. Es wird immer Lernende geben, die lieber mit einer menschlichen Lehrkraft und echten Kommiliton:innen lernen möchten, also mache ich mir kaum Sorgen um meinen Artbeitsplatz."	2	1	2	2	3	4	2	2	1	1	2	3	4	1	2	4	1	2	3	2	1	4	1	2	4	1	88	26	53	29	89	48	28	19	58	22	70	50	74	19	63	54	80	75	32	21	49	81	90	48	76	99	99	10	32	78	88	51	23	78	83	46	86	81	87	31	59	51	56	29	3	99	62	1	62	51	50	49	78	21	21	66	30	84	61	22	79	98	4	74	61	4	28	74	90	91	82	3	1	1	3	4	1	3	4	1	2	1	"4"	"1"	"3"	"2"	"2"	"1"	12	11	9	19	27	14	10	3	11	2	27	2	100	67	72	55	56	5	50	47	4	50	38	71	57	43	76	96	42	86	1106	34	9		2	1350		2026-05-12 18:59:36		T	F	35	35	0	0	1.01
606			"base"	"interview"	2026-05-12 18:38:55	3	2	2	2	2	4	2	1	1	1	3	1	4	2	2	1	2	3	3	2	3	3	4	2	1	1	4	4	2	5	3	3	4	3	3	2	4	5	3	2	4	5	5	4	4	3	2	4	3	4	3	4	5	4	5	3	4	4	5	1	5	3	2		1		1	2	4	5	4	2	5	5	5	4	3	1	1	4	3	4	1	5	4	5	5	4	3	1	2	3	5	1	19	2	2	6	1	F	F	F	T	F	F	F	F			"Bildung"	"35"		2	2	6	4	1	7	2	1	4	5	4	5	4	5	4	4	5	5	1	54	1	7	6	4	3	5	2	3	3	"Dadurch, dass ich an einer Schule arbeite, sind die Lehrer bzw. das Erzieher-Personal kaum wegzudenken. Es gab aber schon gezielte Tests mit z.B. Robotern als Prüfer in Schulen. Diese Veränderung wird eventuell einmal Realität sein, obwohl es zur Zeit so unglaubwürdig wirkt. Es müssen etliche Tests durchgeführt werden und viele, viele Dinge bei Neuerungen beachtet werden, da es sich ja im Endeffekt noch um Kinder handelt."	"Nicht direkt. Jedoch wird KI schon in vielen Schulen durch die Schülerschaft verwendet, wodurch die eigene Initiative und die Kreativität der Kinder total nachlässt. Ich würde also sagen, dass es meinen Arbeitsplatz weniger bedroht, sondern einfach erschwert, da man z.B. Arbeiten und Hausaufgaben nochmals extra überprüfen muss, um KI-Texte zu erkennen. "	1	1	3	2	2	4	3	4	2	1	1	2	3	2	4	3	3	2	3	3	2	3	4	3	3	2	45	3	51	57	3	60	20	13	8	1	82	76	34	1	43	39	9	9	32	39	28	84	66	66	77	94	94	24	14	82	79	68	36	80	78	66	34	65	66	29	72	61	43	43	4	77	17	1	91	47	3	64	64	38	35	34	40	59	14	21	84	84	16	16	90	1	59	85	85	101	70	1	3	2	3	2	1	1	2	1	1	1	"4"	"1"	"2"	"3"	"1"	"2"	6	14	7	29	30	25	10	3	10	2	22	2	146	119	79	108	76	12	107	49	8	73	42	89	81	47	94	98	84	79	553	54	9		3	2170		2026-05-12 19:15:05		T	F	35	35	0	0	0.84
608			"base"	"interview"	2026-05-12 19:18:57	4	2	2	1	4	2	3	2	1	1	2	2	4	1	3	3	2	2	1	1	5	2	3	1	1	1	5	2	4	2	4	3	3	3	2	4	1	1	2	4	5	3	5	3	1	1	2	5	2	4	5	4	5	1	5	4	3	2	2	4	6	5	2		1	"Eine sehr interessante Studie, danke!"	1	2	1	2	3	1	4	5	2	3	5	1	1	3	2	4	1	5	5	2	5	4	4	4	3	4	3	1	40	2	2	5	1	F	F	F	T	F	F	F	F			"IT-Dienstleister"	"40"		6	1	2	4	1	1	1	1	5	5	4	3	3	6	4	4	5	2	1	101	1	7	6	5	2	4	3	5	5	"Dass Menschen die KI nicht hinterfragen. Es wird die Antwort der KI sofort akzeptiert, was immer wieder zu Fehlern führt. Zudem wissen viele Menschen nicht, wie sie die KI korrekt befragen/nutzen. Zudem wird die KI immer mehr für persönliche oder personelle Entscheidungen genutzt, was ich sehr grenzwertig finde."	"Nein, in meinem Berufsfeld (IT-Infrastruktur) eher bereichert. Die KI bedroht eher die Berufsfelder rund um Anwendungsentwicklung/Programmierung."	1	1	2	1	1	4	2	4	2	1	3	2	2	1	4	3	1	1	2	4	2	3	4	3	2	2	1	1	80	67	2	1	54	84	1	2	51	80	1	1	88	89	1	1	51	86	1	87	56	97	1	80	97	96	1	50	32	90	1	58	23	91	1	51	37	91	86	18	7	53	22	84	84	7	91	19	38	56	77	15	1	54	75	48	5	74	95	101	1	1	95	1	1	92	97	93	47	1	2	2	4	4	2	3	4	1	1	2	"1"	"2"	"4"	"3"	"1"	"2"	6	15	9	18	24	12	12	2	14	1	21	5	101	65	81	64	53	5	35	38	6	37	29	71	62	35	79	88	95	51	156	18	15		4	1327		2026-05-12 19:41:05		T	F	35	35	0	0	1.07
